battery_id,format_key,cycle_index,timestamp,rated_capacity_ah,cc_capacity_frac,cv_capacity_frac,cc_cv_ah_ratio,cc_time_fraction,total_charge_frac,charge_time_1c_equiv,mean_charge_c_rate,dvdt_cc_per_frac,v_norm_at_cc_end,ohmic_r_norm,ch_temp_max_c,ch_temp_rise_c,ch_temp_mean_c,ch_thermal_dose_c_h,ch_frac_above_warn,ambient_temp_c,re_norm,rct_norm,re_growth_ratio,rct_growth_ratio,audit_capacity_ah,audit_dis_temp_max_c,audit_dis_temp_rise_c,audit_min_voltage_v,audit_min_v_norm,audit_dis_duration_h,audit_mean_dis_c_rate,audit_energy_wh,audit_dis_thermal_dose_c_h,soh,equivalent_full_cycles,calendar_age_days,mean_rest_h,cum_thermal_dose_c_h
B0005,NASA_18650_LCO_2AH,1,2008-04-02 15:25:41.593,2.0,0.16336327758379715,0.21979621686760348,0.7432488126516585,0.1321316208437975,0.38315949445140063,0.6084970061254068,0.369640780837756,0.7426691172644813,1.0040235809755937,0.11062056973252771,27.445134031590747,2.7897761976756357,25.32407901830568,0.7816596251162771,0.0,24.0,,,,,1.8564874208181574,38.98218133148803,14.652147445917485,2.612467347907089,0.06615726347475824,1.025065,1.0063103870158197,6.5726488058945876,7.892374837220826,0.9282437104090787,0.0,0.0,0.0,0.0
B0005,NASA_18650_LCO_2AH,2,2008-04-02 19:43:48.406,2.0,0.7129741523705434,0.21966262703998796,3.245769024777561,0.3881990201576787,0.9326367794105314,1.2757183716536116,0.5236588613165263,0.6409900311932811,1.006800098496524,0.10451401678583008,29.34194895777482,9.84485793189549e-05,26.635622628116085,3.655898604627279,0.0,24.0,,,,,1.846327249719927,39.033397966787035,14.33564603105771,2.587208728940726,0.051299252318074084,1.0200955555555555,1.0062803991695355,6.550135597322167,8.000778655964242,0.9231636248599635,0.9282437104090787,0.17924552083333334,4.3018925,0.7816596251162771
B0005,NASA_18650_LCO_2AH,3,2008-04-03 00:01:06.687,2.0,0.7123762065354772,0.2171907772828528,3.2799560543390585,0.3910983729085964,0.92956698381833,1.2691700890435633,0.5253851918078339,0.6215777228102899,1.0071901326596508,0.10181173727768322,29.553300732538816,0.0,26.778175507896698,3.9150067059312126,0.0,24.0,,,,,1.8353491942234077,38.818796689817404,14.084530525863002,2.6519168938437794,0.08936287873163491,1.0143447222222222,1.006236905654495,6.519295961051797,7.867269081188945,0.9176745971117038,1.8514073352690423,0.3579293287037037,4.295151944444445,4.437558229743556
B0005,NASA_18650_LCO_2AH,4,2008-04-03 04:16:37.375,2.0,0.7078440211990537,0.21773987820003274,3.2508699160901444,0.3913509287544247,0.9255838993990864,1.2613770668300812,0.5259466277411119,0.6039186864153444,1.0072264744031965,0.10033322700547129,29.456340289732644,0.0,26.70320405781683,3.741772668519107,0.0,24.0,,,,,1.8352625275821128,38.7623045063458,14.108068037117349,2.592947964776547,0.05467527339796894,1.0087675,1.006090250464831,6.5189561222582135,7.69559389951413,0.9176312637910564,2.7690819323807463,0.5353678472222222,4.2829427777777775,8.352564935674769
B0005,NASA_18650_LCO_2AH,5,2008-04-03 08:33:25.703,2.0,0.7074105224273063,0.21779444225829908,3.248065072130268,0.3899273691721626,0.9252049646856053,1.2637222366373302,0.5252288021615945,0.6099456227285585,1.0068623090119344,0.0992184686323052,29.4813335075363,0.0,26.617004288392003,3.5619424448687105,0.0,24.0,,,,,1.8346455082120419,38.66539257343368,14.140595614085552,2.547419651124539,0.02789391242619931,1.0081033333333334,1.006353551980333,6.516410101781019,7.559243861590034,0.9173227541060209,3.6867131961718025,0.7137049768518519,4.282229861111111,12.094337604193875
B0005,NASA_18650_LCO_2AH,6,2008-04-03 12:55:10.687,2.0,0.7076502451020451,0.21663509765375719,3.2665539939414105,0.3952037075304541,0.9242853427558023,1.2542239271786313,0.5280440746211,0.6154677860418267,1.0067604606724834,0.09873798442854353,29.39582042914756,0.0,26.51849450408942,3.4326165603434893,0.0,24.0,,,,,1.8356616600675495,38.75169504640032,14.229397669472458,2.5209480504077413,0.012322382592788988,1.0145225,1.006432578800463,6.521911335061501,7.664443986075052,0.9178308300337747,4.604035950277823,0.895475625,4.298283,15.656280049062586
B0005,NASA_18650_LCO_2AH,7,2008-04-03 17:17:16.015,2.0,0.7084197017726062,0.21605070365728352,3.278951135733773,0.39543054400458016,0.9244704054298897,1.254446905118347,0.528021241755507,0.6204135450041199,1.0068417640862621,0.0984833379629777,29.438424119486054,0.0,26.620706323978894,3.652556262595533,0.0,24.0,,,,,1.8351461429226603,38.8207012322275,14.235822946429689,2.487927319492314,-0.007101576769227094,1.0141188888888888,1.0063882801646236,6.521733386522114,7.706830637949826,0.9175730714613302,5.521866780311598,1.077481736111111,4.309926944444444,19.088896609406074
B0005,NASA_18650_LCO_2AH,8,2008-04-03 21:28:14.718,2.0,0.7083226730412081,0.21982939376002789,3.2221472266050095,0.3717146607779693,0.928152066801236,1.3393120349776917,0.5300498062927914,0.6282543135698626,1.0072645263823468,0.09787117959474474,29.510810563981206,0.010894320376223732,26.737918888901717,3.7546181998558255,0.0,24.0,,,,,1.8257567905665537,38.51713023385634,13.80350143457655,2.6652049047458775,0.09717935573286908,0.9923480555555555,1.0064386868320407,6.498938598757721,7.461252888464385,0.9128783952832769,6.439439851772928,1.2517722800925926,4.291790674603175,22.741452872001606
B0005,NASA_18650_LCO_2AH,9,2008-04-04 01:38:15.218,2.0,0.7022374877412868,0.2170812198114798,3.2349066710316015,0.3964922653176948,0.9193187075527666,1.244648969879522,0.5300421576370581,0.6053428522896352,1.006810153911524,0.09670688219092961,29.668813794471543,0.0,26.74145703066146,3.704407272825465,0.0,24.0,,,,,1.8247738529891333,38.526267904657,13.891056271332303,2.6038584726333673,0.061093219196098426,0.9862761111111111,1.0063974743230857,6.493150451219233,7.353755003371942,0.9123869264945667,7.352318247056205,1.4253891782407409,4.276167534722222,26.496071071857433
B0005,NASA_18650_LCO_2AH,10,2008-04-04 05:48:08.609,2.0,0.7037140805718048,0.2155404262189257,3.264882097916041,0.39854098730033427,0.9192545067907305,1.2425203366409776,0.5307464479437999,0.6122290571966055,1.006935291308959,0.09633169060014518,29.779288735822295,0.0,26.7021703105932,3.6102552094808975,0.0,24.0,,,,,1.824613268496936,38.52698128472781,13.954923620632258,2.552853984885676,0.031090579344515257,0.9864583333333333,1.0061843103425898,6.4908637585759665,7.289484573620888,0.912306634248468,8.264705173550771,1.5989237962962963,4.263796790123457,30.2004783446829
B0005,NASA_18650_LCO_2AH,11,2008-04-04 09:57:19.765,2.0,0.7030703007024028,0.21579912182235667,3.2579849868535127,0.39921455895626295,0.9188694225247596,1.2397499668426364,0.5308631656927444,0.6184548282889983,1.007145130411099,0.09610707336175794,29.71100043300344,0.0,26.608132946993933,3.4291572979550082,0.0,24.0,,,,,1.8246195526864504,38.54143406601644,14.104718071788671,2.4724483018527317,-0.01620688126309901,0.980625,1.0061822327136298,6.487372514690682,7.129503821149054,0.9123097763432252,9.17701180779924,1.7719695833333333,4.252727,33.8107335541638
B0005,NASA_18650_LCO_2AH,12,2008-04-04 17:56:27.609,2.0,0.6408671551731668,0.21507374720247024,2.979755372374562,0.3834561147079128,0.855940902375637,1.1606837505262022,0.5236587928797699,0.42434474988494136,1.0067684367968166,0.09058431963427184,30.37677905152779,0.0,27.033644494333256,3.868101208967983,0.0,24.0,,,,,1.8142019357673917,38.52197451768004,13.777646003780443,2.64956413267546,0.08797890157380012,0.9697266666666667,1.006416870626298,6.461347627636918,7.241689378685026,0.9071009678836959,10.089321584142464,2.1046992592592595,4.592071111111111,37.239890852118805
B0005,NASA_18650_LCO_2AH,13,2008-04-04 22:01:54.671,2.0,0.6979409711532742,0.21450753752230461,3.253689719196264,0.40447855351339257,0.9124485086755789,1.2233579629365694,0.5347068855810584,0.6071852766355605,1.0067688173840608,0.09468432820658484,30.05302011094364,0.0,26.870618187745674,3.8522574180554066,0.0,24.0,,,,,1.8137521577549054,38.582485834057856,13.845846734525498,2.5724981777366227,0.042645986903895705,0.9639669444444444,1.0062069110386642,6.4563544193273685,7.15269054761041,0.9068760788774527,10.99642255202616,2.275151365740741,4.550302731481481,41.10799206108679
B0005,NASA_18650_LCO_2AH,14,2008-04-05 02:20:26.703,2.0,0.6977170527972157,0.21595630320603185,3.2308251290824805,0.39798433383282705,0.9136733560032476,1.2334777045973078,0.5308025783646416,0.6166318698825497,1.0069354086706084,0.09453755235843121,30.168468843680714,0.0008624557540564126,26.738987031481408,3.7415167991149043,0.0,24.0,,,,,1.8134404914735822,38.520294134873915,14.072310729819854,2.5249886697730286,0.014699217513546236,0.9638888888888889,1.0061712098576252,6.451794760952484,7.005419030232499,0.9067202457367911,11.903298630903613,2.454688773148148,4.53173311965812,44.9602494791422
B0005,NASA_18650_LCO_2AH,15,2008-04-05 06:25:01.890,2.0,0.6981589094438613,0.2162522344929402,3.228447139363223,0.3928974991813305,0.9144111439368015,1.2501017266031906,0.5306595710015416,0.6210617351838447,1.0069393423151292,0.09460170216744754,30.06078601207466,0.0,26.692190227813647,3.4938262883030893,0.0,24.0,,,,,1.8025980036306504,38.21358592965045,13.741466689435129,2.694621861688723,0.1144834480521901,0.9584158333333334,1.0061352501658183,6.420414652473348,6.854029890559173,0.9012990018153252,12.810018876640404,2.624540474537037,4.499212242063492,48.701766278257104
B0005,NASA_18650_LCO_2AH,16,2008-04-05 10:30:32.312,2.0,0.6928281830149263,0.21461794028912146,3.2281932277771825,0.40311956808338506,0.9074461233040478,1.2178448517219373,0.5344517028918138,0.5951339015876572,1.006906329462016,0.09442854111447355,29.84105303532721,0.0,26.563313470921162,3.2893743072801906,0.0,24.0,,,,,1.80210690024615,38.1983618706913,13.872944741868078,2.64010141737067,0.08241259845333532,0.9526130555555556,1.0062345144579732,6.415173142118836,6.707770863616461,0.901053450123075,13.711317878455729,2.7950314699074075,4.472050351851852,52.195592566560194
B0005,NASA_18650_LCO_2AH,17,2008-04-05 14:34:41.468,2.0,0.6910679937258591,0.21668329191681643,3.189299857953545,0.39459349860936094,0.9077512856426756,1.2285188835499663,0.5290430910948148,0.6020913109294589,1.0070201789145616,0.09411545884283737,29.90236309006016,0.0,26.52595276450022,3.2034321449313095,0.0,24.0,,,,,1.802579500826209,38.31926916027133,13.956675803360433,2.5739035098380962,0.04347265284593896,0.9470788888888889,1.0063315450974808,6.41387555286979,6.675093439921313,0.9012897504131046,14.612371328578805,2.964581886574074,4.446872829861111,55.484966873840385
B0005,NASA_18650_LCO_2AH,18,2008-04-05 18:39:25.218,2.0,0.6914618205855128,0.21619094299231797,3.198384767723088,0.3974657455546005,0.9076527635778308,1.224183185144703,0.5307971999676407,0.6094128963500758,1.0069873288030449,0.0939665307082226,30.108307461804788,0.0,26.591676949772925,3.2964011818909995,0.0,24.0,,,,,1.8030683142834096,38.4787542519308,14.096334329174777,2.4942396831720126,-0.003388421663521993,0.9417838888888889,1.0063838387677615,6.412094810464668,6.657630515701333,0.9015341571417048,15.513661078991909,3.1345326967592593,4.425222630718955,58.6883990187717
B0005,NASA_18650_LCO_2AH,19,2008-04-05 22:46:35.484,2.0,0.6908528113137188,0.21721824867022474,3.180454745182697,0.39664531264093394,0.9080710599839436,1.2252354919559865,0.5306442625091342,0.6192439995480038,1.0067956079651514,0.09368680488046084,30.32132377942574,0.0,26.645032205307864,3.4026356049796838,0.0,24.0,,,,,1.8027776247196041,38.54659017774874,14.185140915471987,2.4556793246645583,-0.026070985491436296,0.9417447222222222,1.0063241474524087,6.409233502923643,6.661246276197857,0.9013888123598021,16.415195236133613,3.3061792939814816,4.408239058641976,61.9848002006627
B0005,NASA_18650_LCO_2AH,20,2008-04-18 21:10:19.796,2.0,0.686779248699597,0.22023809730958147,3.1183489847128465,0.3713634133879122,0.9070173460091784,1.2825634488667237,0.5230866608647218,0.4395500145113363,1.0071383471781625,0.10565425904622194,29.01875034428269,4.579780537720641,25.663244609650953,2.555378568299386,0.0,24.0,0.05255141219548342,0.08171326240631759,0.9999999809710161,1.0146976887108867,1.8470259949329193,38.44749852224995,13.888783779296418,2.632142800798914,0.07773105929347872,0.9977038888888888,1.0062807921602237,6.57517728791939,7.466821664141784,0.9235129974664597,17.316584048493414,16.23933105324074,20.512839225146198,65.38743580564238
B0005,NASA_18650_LCO_2AH,21,2008-04-19 02:29:09.000,2.0,0.7200622840195812,0.2114213433167653,3.40581641862822,0.4009681404485302,0.9314836273363465,1.2611973901760718,0.5294060394373359,0.5827469990113847,1.0070294123048038,0.10314149018325691,29.356471957843606,3.8135241897085486,26.015018000119397,3.27452474758799,0.0,24.0,0.05275697714511305,0.07996712472125729,1.0039116731050592,0.9930145271159989,1.847417311283644,38.992275791716615,14.070169457225294,2.5027764692056795,0.0016332171798114897,0.9867491666666667,1.0061707977951464,6.575956911267687,7.703246056460596,0.923708655641822,18.240097045959875,16.460733877314812,19.752880652777776,67.94281437394177
B0005,NASA_18650_LCO_2AH,22,2008-04-19 07:47:15.703,2.0,0.7195494212312479,0.2116399086464553,3.3998758747024316,0.4034647906160644,0.9311893298777032,1.2585951599835288,0.5325009605871082,0.5909932899046615,1.0070688730712325,0.10211104514070209,29.32754285404437,3.345382397609754,26.09181445728815,3.1676328286324336,0.0,24.0,0.05306017471932942,0.0806215634823568,1.0096812148886174,1.001141206662686,1.8361774213478947,38.51424197364312,13.948275574115005,2.617507742871704,0.06912220168923762,0.9809938888888888,1.0060838444295959,6.538879583422267,7.289590581588361,0.9180887106739474,19.163805701601696,16.681644791666667,19.064736904761904,71.21733912152976
B0005,NASA_18650_LCO_2AH,23,2008-04-19 13:01:42.562,2.0,0.7127185303660396,0.2126168322394416,3.3521265517084635,0.4015165174366088,0.9253353626054812,1.2508058790615295,0.531683338914951,0.5705187319797264,1.0067176904742268,0.10165868994500861,28.938506516868497,3.368368268458692,25.709030057450274,2.3924014005421936,0.0,24.0,0.051967147737849106,0.08005234725877854,0.9888820219646438,0.9940728022270683,1.8257807475776242,38.165816144899125,13.949234677873736,2.694074478000972,0.1141614576476307,0.9702519444444445,1.0061517928495967,6.503139303588045,6.894807960392715,0.9128903737888121,20.081894412275645,16.90001121527778,18.43637587121212,74.3849719501622
B0005,NASA_18650_LCO_2AH,24,2008-04-19 18:27:29.828,2.0,0.7070257280257828,0.21383329069249207,3.306434297872357,0.39670065267238236,0.9208590187182748,1.2488080025849415,0.528689223179372,0.5543852840118213,1.0070995797170363,0.10150649129159604,28.754789972770777,3.443099215280842,25.473631563964574,2.1094284408043182,0.0,24.0,0.05151368023067754,0.08052966149497369,0.9802529960337,0.9999999875822154,1.8251136435078368,38.16526203587147,14.110271378053906,2.6237674644021887,0.07280439082481685,0.9754427777777778,1.0061819027156704,6.496667137532973,6.847561009857026,0.9125568217539184,20.994784786064457,17.12625271990741,17.87087240338164,76.7773733507044
B0005,NASA_18650_LCO_2AH,25,2008-04-19 23:41:55.687,2.0,0.7053318781244805,0.21521450377184734,3.2773435996374265,0.3952462614149323,0.9205463818963279,1.2492753843786337,0.5282939685124589,0.5599848785711685,1.0068914572789716,0.10149343758819343,28.688602374299098,3.4775103803841283,25.427401199812184,2.00124259701891,0.0,24.0,0.05251684939857086,0.08040118985086658,0.9993422860621467,0.9984046543829098,1.8255815042203762,38.27549578575718,14.24671755143018,2.5010798299873738,0.0006351941102198649,0.9533158333333348,1.0061542715322016,6.49277791376504,6.5779997108043995,0.9127907521101881,21.907341607818374,17.344607569444445,17.344607569444445,78.88680179150872
B0005,NASA_18650_LCO_2AH,26,2008-04-20 04:54:41.734,2.0,0.7058385026514048,0.2146342738895022,3.288563789073603,0.39713830357323493,0.920472776540907,1.2468238154464582,0.5293509493631664,0.5677496511910191,1.0069472026403192,0.10137960128653402,28.633407089003214,3.4116860815204255,25.37095530984966,1.91811357112127,0.0,24.0,0.05124563032408867,0.08080279595143777,0.9751522786544783,1.0033917124200182,1.8140311275083907,37.982160799183106,14.043746186110464,2.6849988185249796,0.10882283442645856,0.9530902777777778,1.0061962065413477,6.459023183151957,6.495098708043113,0.9070155637541953,22.82013235992856,17.5618071875,16.8593349,80.88804438852763
B0005,NASA_18650_LCO_2AH,27,2008-04-20 10:16:28.859,2.0,0.6979452805094897,0.2157089623256569,3.2355877630990793,0.3978468377893709,0.9136542428351466,1.2332759992604319,0.5304403393945595,0.5444956494800544,1.0068575775357214,0.10083555825120066,28.589954117359028,3.4746330277194453,25.273682170348483,1.8363857973984299,0.0,24.0,0.05325350374425626,0.08016908859323012,1.0133600698074696,0.9955224709681842,1.8147691941158939,38.11100191887773,14.299467731360231,2.547109116468133,0.027711244981254823,0.9478905555555556,1.0061804483659018,6.453951662761217,6.37498877126022,0.9073845970579469,23.727147923682757,17.78526928240741,16.417171645299142,82.8061579596489
B0005,NASA_18650_LCO_2AH,28,2008-04-20 15:37:05.281,2.0,0.7005845889414837,0.2145029796964768,3.26608324182617,0.3954566944901709,0.9150875686379605,1.2405839293918106,0.5282759124362506,0.5541875983733123,1.006720376472774,0.10102603215566057,28.50176643400805,3.469578186012523,25.188122631656277,1.735377006744556,0.0,24.0,0.05233378326757019,0.07979477317313932,0.9958587235874384,0.9908743027219289,1.813969388710352,38.18831137948753,14.433546048604104,2.471314764334132,-0.016873668038745883,0.9474133333333333,1.0062662815869317,6.447184603725369,6.344936643498234,0.906984694355176,24.634532520740706,18.007913055555555,16.007033827160495,84.64254375704733
B0005,NASA_18650_LCO_2AH,29,2008-04-20 20:50:38.921,2.0,0.6984723819897298,0.21575131904619885,3.2373956435532523,0.3945581951592238,0.9142237010359286,1.2398445002763614,0.5283516451913911,0.5591657996882373,1.0073188350931144,0.10096551443133234,28.530897709955585,3.522036062068956,25.208644345593083,1.7368829791878417,0.0,24.0,0.05225195865776523,0.08100947342604041,0.9943016843980149,1.0059581887741882,1.802765665167823,37.998541119085836,14.200857694423874,2.6613903306108773,0.09493548859463367,0.9474216666666666,1.0062701955232631,6.415572677431234,6.367916468636092,0.9013828325839115,25.541517215095883,18.22566351851852,15.621997301587301,86.37792076379189
B0005,NASA_18650_LCO_2AH,30,2008-04-21 02:15:02.921,2.0,0.6909953232303101,0.21762949017183542,3.175099666397075,0.3905516228913133,0.9086248134021455,1.2348778017037987,0.5266637261880457,0.537921143332945,1.0069234481254836,0.10027533373275083,28.577658552419905,3.544329804325919,25.22309620072603,1.7890539499650548,0.0,24.0,0.052394642235642844,0.07975805528372086,0.9970168079161371,0.9904183478814284,1.804077040117352,38.194201649765226,14.392900662846774,2.541762355407921,0.024566091416424216,0.9424219444444445,1.0062773534419904,6.414042277858858,6.344166848323411,0.902038520058676,26.442900047679796,18.450941296296296,15.269744521072797,88.11480374297973
B0005,NASA_18650_LCO_2AH,31,2008-04-22 15:33:49.875,2.0,0.0011298160832562893,0.0019139196821140634,0.5903151520186832,0.14554297328335408,0.0030437357653703527,0.0033167206283933946,0.2889129467241633,0.4173520141364339,1.0621331416681217,0.09675466823985003,24.01713143780734,0.11845380611313772,23.904181418379917,0.0,0.0,24.0,0.05296629700653883,0.08165186100634912,1.0078948173955304,1.0139352193540545,1.8518025516704486,38.45796400011448,14.67666650056077,2.628919415830567,0.07583495048856888,0.9640755555555556,1.0063861720163934,6.602780265550804,6.703721853696924,0.9259012758352243,27.34493856773847,20.005651412037036,16.004521129629627,89.90385769294478
B0005,NASA_18650_LCO_2AH,32,2008-04-22 20:26:18.921,2.0,0.6992206938477694,0.22253078818521013,3.1421301204161916,0.37246339609665813,0.9217514820329795,1.0277933849263663,0.41294762963121195,0.5817825197444003,1.003927377335905,0.10047990106095188,28.988708015070493,3.19262930482725,25.487835720020833,2.0647775982465184,0.0,24.0,0.0546617835300075,0.08227969767454968,1.0401582032946255,1.0217315598421293,1.8307038456739428,38.49126351534004,14.287220103926483,2.6312552691827045,0.07720898187217909,0.9483636111111111,1.0062720423180518,6.532133599643488,6.736827127232543,0.9153519228369714,28.270839843573693,20.20876537037037,15.645495770609319,89.90385769294478
B0005,NASA_18650_LCO_2AH,33,2008-04-23 01:18:11.796,2.0,0.6916495735030765,0.2217338543786722,3.119278171939651,0.3829348499302339,0.9133834278817488,0.9855524578998411,0.4116667809667593,0.5499920391503726,1.0040316458297236,0.09977469407753338,29.096040691287843,3.126264142837929,25.536147530542536,2.228632548275579,0.0,24.0,0.056145711189646855,0.08176961816722736,1.0683958389623736,1.0153975024088926,1.8199041089501267,38.31473393357882,14.308408700187321,2.654880745360911,0.09110632080053595,0.9431163888888889,1.0062022594330762,6.492128510796985,6.487252474906706,0.9099520544750633,29.186191766410666,20.41146068287037,15.308595512152777,91.9686352911913
B0005,NASA_18650_LCO_2AH,34,2008-04-23 06:18:19.921,2.0,0.685029773303274,0.22205541434317347,3.0849496455066223,0.38560714320256617,0.9070851876464474,0.9561050469617072,0.40603279485424437,0.531845774245307,1.0039781832729868,0.09934284167459095,28.801172039065204,3.09513662708207,25.116393283510156,1.8145866817164382,0.0,24.0,0.055223799568515204,0.0819543670492247,1.050852797489782,1.017691674224264,1.8093079637028517,37.861934640176806,14.321943711351647,2.6749688422803803,0.10292284840022373,0.9405555555555556,1.0061267432979386,6.45063131277677,6.1274454741383835,0.9046539818514259,30.09614382088573,20.619888055555556,14.99628222222222,94.19726783946689
B0005,NASA_18650_LCO_2AH,35,2008-04-23 11:08:00.312,2.0,0.6789292708904395,0.2267890151718819,2.9936602920518585,0.35590555868780177,0.9057182860623214,1.032238481204049,0.4081737743182311,0.5166042948357844,1.0038633637523302,0.09954867467619934,28.45707570576707,3.181678266715661,24.93654575305907,1.4627306109469769,0.0,24.0,0.055327038155388385,0.08368172646596567,1.052817322905857,1.0391416513286482,1.80460990458052,37.90665575786083,14.340560010288275,2.6159705726789904,0.06821798392881785,0.9356074999999999,1.0061284485366142,6.429577037321386,6.0410839348631615,0.90230495229026,31.000797802737154,20.821049988425926,14.697211756535946,96.01185452118332
B0005,NASA_18650_LCO_2AH,36,2008-04-23 16:06:25.171,2.0,0.6756951730666901,0.22558849734961117,2.995255429721169,0.3677431192116124,0.9012836704163013,0.9838889151619172,0.40390205575911087,0.5125645130001134,1.0034550591434879,0.09942338111300278,28.65264667440442,3.3680966963784194,25.09997200587896,1.6596799493754921,0.0,24.0,0.05618280030902545,0.08431858367426501,1.0691016072209858,1.0470500069403346,1.7993770651972192,38.34003238560517,14.361120383902286,2.658447162110498,0.09320421300617537,0.9356294444444445,1.0062683884993746,6.415310852986689,6.486653127592427,0.8996885325986096,31.90310275502741,21.028282152777777,14.419393476190475,97.4745851321303
B0005,NASA_18650_LCO_2AH,37,2008-04-23 21:02:58.296,2.0,0.6727614493060542,0.22639041141482213,2.971687023384966,0.363178015358601,0.8991518607208764,0.9923784286260098,0.4041431435954792,0.5081736087362582,1.0039946585170803,0.09882419244838074,28.898824039759212,3.2381603363355005,25.238210571113736,1.9199407319210382,0.0,24.0,0.05532110523157462,0.08207877863006628,1.0527044253936304,1.019236590432616,1.7884432335370462,38.0745950590744,14.31700385380947,2.6979426084271156,0.1164368284865386,0.9329775,1.0061398465647773,6.374436248939991,6.242162034102827,0.8942216167685231,32.80279128762602,21.234221099537038,14.156147399691356,99.13426508150579
B0005,NASA_18650_LCO_2AH,38,2008-04-24 01:51:33.890,2.0,0.6672427504227751,0.22478598832582247,2.9683467101670398,0.3749595113694458,0.8920287387485977,0.9467534253811111,0.4013025042457281,0.4943207024028949,1.0038023862687044,0.0989369246695713,28.633513419804633,3.2207601874006357,25.076721129383717,1.6487070725354798,0.0,24.0,0.05440631820885655,0.08461752870340894,1.035296957790139,1.0507622419091895,1.7829230484252723,38.07252758016199,14.55798492102618,2.6617272246516333,0.09513366155978425,0.9276388888888889,1.0060931199151832,6.350486145117949,6.067076785818123,0.8914615242126361,33.69701290439455,21.43463306712963,13.903545773273272,101.05420581342683
B0005,NASA_18650_LCO_2AH,39,2008-04-24 06:50:00.031,2.0,0.6631738043514697,0.22525653430228443,2.9440824211096053,0.37608305814265136,0.8884303386537541,0.9367120423975894,0.400685570770016,0.4896574863663305,1.003858504963478,0.0990789233671532,28.473512860821305,3.1971128704222913,24.785407292651822,1.4706296505327727,0.0,24.0,0.05433659219707338,0.0846327888945233,1.0339701426286931,1.050951739674877,1.7730337158018288,37.80133585100446,14.518922832738525,2.699288287625812,0.11722840448577186,0.9253513888888889,1.0061422317414928,6.313356384809756,5.917941393560021,0.8865168579009144,34.588474428607185,21.641880069444447,13.668555833333334,102.70291288596232
B0005,NASA_18650_LCO_2AH,40,2008-04-24 11:49:24.281,2.0,0.6568753666012935,0.22693645320605838,2.8945343768001135,0.3698270730247472,0.8838118198073519,0.932144814816961,0.395805730688574,0.47997138759318203,1.0038609920360924,0.09871127588874463,28.25409621799234,3.1406008168864368,24.684734315899224,1.3259576507584225,0.0,24.0,0.05616161193309548,0.0827524513088067,1.068698413954781,1.0276021126249193,1.773037755078937,38.39873985476869,14.959371983891565,2.6127932408838532,0.06634896522579602,0.9225522222222222,1.0063677675751954,6.309152773971853,6.111771232952963,0.8865188775394685,35.4749912865081,21.84979962962963,13.446030541310542,104.17354253649509
B0005,NASA_18650_LCO_2AH,41,2008-04-24 16:45:56.015,2.0,0.6561597143173216,0.2271810449058211,2.888267870874533,0.37090155125261487,0.8833407592231427,0.931897825028055,0.39729995066377255,0.48508666844674087,1.0040193887436308,0.09859583389981268,28.7817612001126,3.374418543798548,25.22288378016189,1.8114523741262114,0.0,24.0,0.05692157829266477,0.08204485531229166,1.0831598016389206,1.0188153379807416,1.7678721106662054,38.74929237918251,14.72871406159539,2.6637064901468075,0.09629793538047499,0.9227344444444444,1.0062873891057198,6.29608454782996,6.591198117756325,0.8839360553331027,36.361510164047566,22.05572247685185,13.23343348611111,105.49950018725352
B0005,NASA_18650_LCO_2AH,42,2008-04-24 21:38:11.078,2.0,0.6538150413262422,0.22771495974313122,2.8711993301984378,0.36649706702466117,0.8815300010693734,0.9474008959640522,0.40056590409120135,0.48274409478458896,1.0039732403359192,0.09781039113306259,29.239711164174615,3.2515325621118762,25.651300573733486,2.4293213109536733,0.0,24.0,0.056514717693293505,0.08250013440913731,1.0754176578100227,1.0244688957225745,1.7623150704093087,38.87275464755104,14.616668328231007,2.6668454289754746,0.09814436998557328,0.9199522222222222,1.0062501305865073,6.276076955064069,6.711249636271366,0.8811575352046543,37.24544621938067,22.258674594907408,13.029468055555554,107.31095256137972
B0005,NASA_18650_LCO_2AH,43,2008-04-25 12:03:44.093,2.0,0.6504057842731017,0.22764478352091658,2.857108222665628,0.37131993983423917,0.8780505677940182,0.9255185243844595,0.39856876600518054,0.47910479680297285,1.0039319843751267,0.0977826697393773,29.20215112477588,3.1891612978439383,25.56869332326285,2.362615512702351,0.0,24.0,0.05657289420397875,0.08201584015424904,1.0765246977000604,1.0184550339990324,1.7676172924938447,38.503541429116005,14.510839227404134,2.684431051981017,0.10848885410648049,0.9242752777777778,1.0062754444323168,6.276547429946212,6.436010687903492,0.8838086462469223,38.126603754585325,22.85975115740741,13.062714947089948,109.74027387233339
B0005,NASA_18650_LCO_2AH,44,2008-04-25 20:03:55.921,2.0,0.6544877105816542,0.229208665082905,2.8554230657781363,0.36963835404402207,0.8836963756645593,0.9313423699025121,0.39676002944774386,0.4744764841238196,1.003365539478771,0.10109125939838239,28.994866075880225,4.982930268287994,25.077792180591818,1.8770082750897081,0.0,24.0,0.05657289420397875,0.08201584015424904,1.0765246977000604,1.0184550339990324,1.762668359743147,38.27009094548294,14.441304705946965,2.645224362345869,0.08542609549757005,0.9200216666666666,1.006195287346961,6.2717098425180895,6.254333875896803,0.8813341798715735,39.010412400832244,23.19322138888889,12.945053798449612,112.10288938503574
B0005,NASA_18650_LCO_2AH,45,2008-04-26 01:04:35.718,2.0,0.6485995805489375,0.22967110355748607,2.8240364986733146,0.3665459442011221,0.8782706841064236,0.9261402894555193,0.394789819768835,0.47941038841264616,1.0035891914152806,0.0981389175854443,28.689379753778315,3.296873925955058,24.88199584693937,1.6185644103945924,0.0,24.0,0.055937978518103726,0.08609423401374357,1.064442897282758,1.0690996503197463,1.7517304870664143,38.11684755251712,14.766334581784996,2.6603527244917,0.09432513205394118,0.91477,1.0061147453241317,6.2273533550604645,5.9289866233773525,0.8758652435332072,39.89174658070382,23.402015335648148,12.764735637626263,113.97989766012545
B0005,NASA_18650_LCO_2AH,46,2008-04-26 05:57:35.140,2.0,0.6425948443686367,0.23108122064453593,2.7808181088272357,0.3584436477577899,0.8736760650131726,0.9352469700686179,0.39347392500738587,0.4725433087601956,1.0039120668186614,0.09811073482579596,28.49879598287713,3.395968630427916,24.755786611089874,1.4196785563766896,0.0,24.0,0.05604814234057471,0.08429702737121128,1.0665392028961045,1.0467823254129835,1.7418496047960008,38.04152715355532,14.805312964989348,2.6926849789916263,0.11334410528919192,0.9098133333333334,1.0062635450881299,6.191387622383627,5.823943439347098,0.8709248023980004,40.76761182423702,23.605480868055555,12.589589796296297,115.59846207052004
B0005,NASA_18650_LCO_2AH,47,2008-04-26 10:58:25.843,2.0,0.6365778412688075,0.2337923692591093,2.722834119542536,0.3426426766383686,0.8703702105279167,0.9597841848851295,0.3895932509425706,0.46534913493185304,1.0041059383246884,0.0982453168100282,28.4799079867521,3.448407837614578,24.655846530387144,1.3977674746352955,0.0,24.0,0.05696984650796835,0.08529392645894124,1.084078296734838,1.0591616035180194,1.7360913511847138,38.17980302242767,14.965001236699614,2.670544734728978,0.10032043219351654,0.9069488888888889,1.0061724100046028,6.167356114872791,5.831439997287802,0.8680456755923569,41.63853662663502,23.814401041666667,12.424904891304347,117.01814062689674
B0005,NASA_18650_LCO_2AH,48,2008-04-29 12:15:56.953,2.0,0.6380126558240851,0.2273227389953971,2.80663807430934,0.3596113394659353,0.8653353948194822,0.9410657638626594,0.3999460672363898,0.42001824645623825,1.0037755513624091,0.10009220804724489,29.03785527005412,4.857274552413855,25.34567237446073,1.9892018320085914,0.0,24.0,0.05696984650796835,0.08529392645894124,1.084078296734838,1.0591616035180194,1.7936240148573608,40.71218198711114,14.064808040941344,2.605158060541757,0.061857682671621644,0.9247047222222222,1.0061635708309375,6.393941790097381,8.615186345932766,0.8968120074286804,42.50658230222738,26.868233333333333,13.719948936170212,118.41590810153204
B0005,NASA_18650_LCO_2AH,49,2008-04-29 17:05:27.781,2.0,0.6824231694539347,0.2175692408960241,3.136579256677986,0.39233759761393494,0.8999924103499588,0.9483387193630629,0.41137640772195483,0.57350412257564,1.0036607096782169,0.09642450854701845,31.187717740405038,3.051520305865502,27.394756753879477,6.616886792036036,0.0,24.0,0.058153818410257324,0.08251853435109306,1.106608079100248,1.0246973822377998,1.7831890223273275,39.885261233152924,14.184884703986562,2.672012007453096,0.1011835337959388,0.9247961111111112,1.0061278015176236,6.360996665840369,7.808357817627241,0.8915945111636637,43.40339430965606,27.069284583333335,13.534642291666666,120.40510993354063
B0005,NASA_18650_LCO_2AH,50,2008-04-29 22:00:04.750,2.0,0.6668866241574459,0.2213812413859979,3.0123899318482668,0.38534901675820754,0.8882678655434438,0.9392556737673842,0.4095033592882006,0.5265848179603526,1.0033893922401789,0.09645243692656628,30.582056460987562,3.3187772221654086,26.62662742896046,4.609944200658104,0.0,24.0,0.058527324035463374,0.08368228052915107,1.1137155116599902,1.0391485315659201,1.7673642076278957,39.18287352945846,14.3466852082244,2.674271233724938,0.10251249042643419,0.9171052777777778,1.0060801899978382,6.296038479649244,7.039235963131167,0.8836821038139479,44.29498882081972,27.273879131944447,13.358634676870748,127.02199672557667
B0005,NASA_18650_LCO_2AH,51,2008-04-30 02:43:55.312,2.0,0.6577425582638614,0.2258280140085977,2.912581770225057,0.3595691499841509,0.8835705722724592,0.9753500504950454,0.4022191068879825,0.5054088160685613,1.0043181256596365,0.09712020265750985,29.82743733628493,3.379099088561066,26.046549681443857,3.066627800079107,0.0,24.0,0.058688077582063417,0.08468591488383077,1.1167744883235113,1.0516114467649296,1.7570177850353066,38.951564804030774,14.589947971667726,2.6309416727017187,0.07702451335395219,0.9121008333333334,1.0060458282083897,6.251703305085384,6.661312528949253,0.8785088925176533,45.178670924633664,27.470992118055555,13.186076216666665,131.63194092623476
B0005,NASA_18650_LCO_2AH,52,2008-04-30 07:41:42.578,2.0,0.6498579065607262,0.22904076228177372,2.837302402716411,0.35167603217228377,0.8788986688424999,0.9767131432448456,0.39876507964901775,0.49568428433323697,1.0039712858022438,0.09729633197121675,29.510756491862573,3.424242532214258,25.581948046823246,2.5111927823046623,0.0,24.0,0.05790162462609288,0.08407499291690923,1.1018090876206785,1.0440251493933286,1.7468706179837907,38.607510759873634,14.588353315265046,2.6629725743154204,0.09586622018554143,0.9097569444444444,1.0060994447168974,6.212409982932329,6.402674535608987,0.8734353089918954,46.057179817151315,27.67778917824074,13.024841966230936,134.69856872631388
B0005,NASA_18650_LCO_2AH,53,2008-04-30 12:28:49.265,2.0,0.642340538339331,0.22807928131518998,2.8163037573040595,0.3666504361254808,0.870419819654521,0.9176590214694043,0.39512725872019083,0.48267937316281245,1.0037162425932369,0.09734705597992672,29.242612704276365,3.4263559078569834,25.49138644694599,2.170577837539568,0.0,24.0,0.05875992816066283,0.08339652072524562,1.118141731832875,1.0356000278835251,1.7417172507457144,38.920359903369054,14.900691238010815,2.612942119873717,0.0664365411021865,0.9071266666666666,1.0061486048472117,6.190031807676759,6.437743166679613,0.8708586253728572,46.93061512614321,27.877172129629628,12.866387136752136,137.20976150861856
B0005,NASA_18650_LCO_2AH,54,2008-04-30 17:20:16.140,2.0,0.6399860562061043,0.2276865579259341,2.8108205448337444,0.36680244196229017,0.8676726141320383,0.9146727630864482,0.3953345772832303,0.4804629917803389,1.0040351705039947,0.09722376333564708,29.462118812271356,3.446499200582604,25.701157771778043,2.5106278056942353,0.0,24.0,0.057611300174047364,0.08444904123785127,1.0962845082727255,1.048670000859897,1.7364225056478186,39.23273115358871,14.896646278891978,2.6157198442661476,0.06807049662714562,0.9072480555555555,1.0061882762704333,6.171575552431236,6.769992626342989,0.8682112528239093,47.80147375151606,28.079566516203702,12.715275403563941,139.3803393461581
B0005,NASA_18650_LCO_2AH,55,2008-04-30 22:14:54.062,2.0,0.6360733878189456,0.23206571059925604,2.740919306027476,0.3406972611883919,0.8681390984182017,0.9738530866042828,0.3934036277474232,0.47721004331840206,1.0039477835412527,0.09692311943917337,29.50834432489215,3.3870631293739812,25.613934369346374,2.5310147021454394,0.0,24.0,0.05909338355898889,0.08450814605042563,1.1244870492667878,1.0494039516892333,1.7263217239235826,38.964927068400804,14.840646651769987,2.6287695472774453,0.07574679251614427,0.9048872222222223,1.0061844558921482,6.131576458223325,6.514290711858389,0.8631608619617913,48.669685004339975,28.284172094907408,12.57074315329218,141.89096715185235
B0005,NASA_18650_LCO_2AH,56,2008-05-01 03:15:33.140,2.0,0.6292773404871016,0.23565692244984474,2.670311283921125,0.32742672121715105,0.8649342629369463,0.9921390177589958,0.38929213668922735,0.4681927350767625,1.0039765094158999,0.09714598412867118,29.374561267657022,3.43973453150042,25.46355915016756,2.3681144746287437,0.0,24.0,0.058488548970683216,0.0839885547575961,1.1129776615733347,1.0429517789527345,1.7158065389330133,38.83927283461771,14.867707224154767,2.6655106679421823,0.0973592164365778,0.9023869444444444,1.0061616788025454,6.09262256872321,6.4026371853401844,0.8579032694665066,49.53284586630176,28.492957719907405,12.43329064141414,144.42198185399778
B0005,NASA_18650_LCO_2AH,57,2008-05-01 08:16:03.343,2.0,0.6232100981927675,0.23214063276421215,2.6846230641727313,0.3538301629201618,0.8553507309569797,0.9024011960202595,0.38630293838476465,0.46018228561384794,1.0039556170157737,0.09713374769514033,29.242377848768914,3.452613937793064,25.33969655722996,2.205038663945216,0.0,24.0,0.05780254825698311,0.08523749317515153,1.099923764979759,1.0584608271575915,1.710533351135192,38.82796377704433,14.988636771073935,2.650495153350403,0.08852656079435461,0.8996572222222222,1.0062539071238632,6.070203040758932,6.314649569196792,0.855266675567596,50.39074913576827,28.701640625,12.300703125,146.79009632862653
B0005,NASA_18650_LCO_2AH,58,2008-05-01 13:14:24.875,2.0,0.6176441309082323,0.23434243092034618,2.635647872921263,0.3490052145571616,0.8519865618285785,0.8990581339528925,0.38309161625593613,0.4565091111626324,1.0034485035835907,0.09745565312488158,29.194410076554547,3.5308440748319754,25.31525129117544,2.1103677038859328,0.0,24.0,0.057893744970939104,0.08592970705305532,1.101659145788963,1.067056589966693,1.706014499648521,39.14007944734004,15.183155569322007,2.643236235233877,0.08425660896110422,0.9000388888888888,1.0063915077378993,6.0531890027392015,6.530410783158548,0.8530072498242605,51.246015811335866,28.90883428240741,12.17214075048733,148.99513499257174
B0005,NASA_18650_LCO_2AH,59,2008-05-01 18:11:10.984,2.0,0.6158579819880484,0.23347365041897486,2.6378050780632925,0.3518503517998175,0.8493316324070233,0.8957866765443254,0.3858499983021203,0.4560227866453858,1.0038658931251265,0.09683102821694099,29.65122582795794,3.5862559491973514,25.828563716440225,2.8174202933162826,0.0,24.0,0.05824272490069864,0.08530685816511774,1.1082998792828729,1.0593221866593843,1.7003110272642588,39.349611598028886,14.884493588522961,2.656450207001938,0.09202953353055163,0.8972525,1.0062844480854518,6.034147344854123,6.801636886908786,0.8501555136321294,52.099023061160125,29.114923506944443,12.047554554597701,151.10550269645768
B0005,NASA_18650_LCO_2AH,60,2008-05-01 23:10:15.265,2.0,0.6120907196995813,0.23439504239181266,2.6113637564515293,0.3496293589975072,0.8464857620913939,0.8928515767177562,0.38452606428398917,0.4538249723381297,1.0039829249885917,0.09695772605667691,29.592983253559662,3.50841855489103,25.734607118644377,2.7603899065681894,0.0,24.0,0.05723736797599622,0.08472661283730536,1.0891689584651463,1.0521168251834363,1.6945798601797895,39.29444535878087,15.026593610097127,2.626177688152069,0.07422216950121698,0.8971613888888896,1.0062009265012608,6.00864251694385,6.665633290116834,0.8472899300898947,52.949178574792256,29.322611944444443,11.927842146892655,153.92292298977395
B0005,NASA_18650_LCO_2AH,61,2008-05-02 03:53:34.765,2.0,0.6073809730382939,0.23664119928218497,2.5666746686433055,0.34448977371171097,0.8440221723204788,0.8901981352833835,0.38069060567772506,0.45319747188003956,1.0039381829650327,0.09701606307310687,29.51162108922301,3.463213448512729,25.76108296721704,2.6214731330528513,0.0,24.0,0.057842065510250444,0.08608227785885561,1.1006757381592496,1.0689511813641153,1.6849029086609286,39.10487658009542,14.95847618520062,2.6582230344240045,0.09307237319059089,0.8923525,1.0062611200520941,5.973489364617516,6.538856875880937,0.8424514543304643,53.79646850488215,29.519365416666663,11.807746166666666,156.68331289634213
B0005,NASA_18650_LCO_2AH,62,2008-05-02 08:44:40.859,2.0,0.6035150528696328,0.23776877276530217,2.5382435404847348,0.3284726638040206,0.841283825634935,0.923510849778497,0.37879668796657173,0.44573477899678693,1.003597760057001,0.09708256067763661,29.367459158203413,3.454301767606939,25.571090931927195,2.4548583339256758,0.0,24.0,0.05792267461280325,0.08561318510286563,1.1022096474806404,1.063126088578966,1.6744741591159717,39.0462609369598,15.110608773944978,2.695100237338448,0.11476484549320473,0.8925608333333334,1.00626466520346,5.934328711516317,6.408150534210281,0.8372370795579859,54.638919959212615,29.721519282407407,11.693712504553734,159.304786029395
B0005,NASA_18650_LCO_2AH,63,2008-05-02 13:43:05.093,2.0,0.5945963209990093,0.23909495261719,2.4868627013953484,0.33598475955517665,0.8336912736161992,0.8797406883494117,0.37477096236345253,0.4419751580363653,1.003934406986227,0.09723690323287522,29.23737726861414,3.5581561988569206,25.430453941726714,2.2711725237675777,0.0,24.0,0.05946774881428105,0.0855396093479405,1.1316108397136704,1.062212440705057,1.6745692479879102,39.398032192832,15.315496776048128,2.639091813583503,0.08181871387264873,0.8898827777777778,1.0062655045471485,5.931322632440126,6.6030027781508425,0.8372846239939551,55.4761570387706,29.928744212962965,11.585320340501791,161.75964436332066
B0005,NASA_18650_LCO_2AH,64,2008-05-02 19:07:48.359,2.0,0.5961534890761182,0.23769992952319946,2.508008685648051,0.33798020006949786,0.8338534185993176,0.8796973187351178,0.37593139401448805,0.4456820107997285,1.003848102215055,0.09688276523316912,29.660660346177963,3.49653409227356,25.88337057270213,2.9944746995467013,0.0,24.0,0.058963311461302965,0.08589460105483931,1.12201190940324,1.0666206512438876,1.663716375981405,39.10678394120843,14.67796740539514,2.6857210282450983,0.10924766367358721,0.8875347222222222,1.0060196279130227,5.8922682167192395,6.512461079832549,0.8318581879907025,56.31344166276455,30.15424497685185,11.487331419753087,164.03081688708824
B0005,NASA_18650_LCO_2AH,65,2008-05-02 23:24:17.687,2.0,0.5916052674242507,0.23916454480872426,2.4736328148496267,0.3364846134798114,0.830769812232975,0.8762555538869655,0.3757191106230675,0.45116961020372925,1.0040114967681284,0.09642731254139641,29.685994740308107,3.2716960922023013,25.87474661521862,3.03206079251714,0.0,24.0,0.058963311461302965,0.08589460105483931,1.12201190940324,1.0666206512438876,1.659013868748246,39.44448954135193,15.115677856881028,2.69017866510873,0.11186980300513519,0.887586944444443,1.0062468103812963,5.8779281392429406,6.743250327209221,0.829506934374123,57.14529985075526,30.332362199074076,11.374635824652778,167.02529158663495
B0005,NASA_18650_LCO_2AH,66,2008-05-03 04:13:08.609,2.0,0.5840258938215911,0.241434525644925,2.4189825007506176,0.3302265545052815,0.825460419466516,0.8789162815274826,0.3746247935275446,0.44249002781314584,1.0038834820145497,0.09703885259542622,29.59730563243775,3.4727109645306626,25.80758127668049,2.8588206946809063,0.0,24.0,0.058579490963560125,0.08639588660729648,1.1147081952992046,1.0728455072401295,1.6538540573335014,39.509602016775695,15.375632472490533,2.639895313359579,0.08229136079975224,0.8850825,1.0062432508476622,5.851159082179553,6.640377133255358,0.8269270286667507,57.97480678512938,30.532951574074072,11.273705196581195,170.0573523791521
B0005,NASA_18650_LCO_2AH,67,2008-05-03 09:10:19.812,2.0,0.5804432983108394,0.24301620291276263,2.3884962819740765,0.3252940490989177,0.823459501223602,0.8727350279669965,0.3687058437201153,0.44389498948331557,1.0039154609718457,0.09717978112426051,29.46753663391266,3.472305529369976,25.5954074570814,2.6582932117115523,0.0,24.0,0.058665150666588235,0.08613339978411282,1.116338212416146,1.069586002418536,1.642653782130131,39.334865362245324,15.354571289445659,2.68991452927918,0.1117144289877529,0.8823438888888889,1.006146613619583,5.810752031256476,6.521228396840431,0.8213268910650655,58.80173381379613,30.739331238425926,11.17793863215488,172.916173073833
B0005,NASA_18650_LCO_2AH,68,2008-05-03 14:04:34.187,2.0,0.5746422817488829,0.24414584028197048,2.3536845022973605,0.3188196856744748,0.8187881220308534,0.8802368685697552,0.36810074962353234,0.44159707225216116,1.0040365688906743,0.09724722601454999,29.380338854228082,3.5120874405483065,25.55053773186138,2.5300202080940375,0.0,24.0,0.05860227386533984,0.08776021888478121,1.1151417307722653,1.0897874915377774,1.6378578430223698,39.43723270017243,15.462157921153608,2.65935818848874,0.09374011087572931,0.8798869444444444,1.0062179884249691,5.78944336213575,6.525136535311805,0.8189289215111849,59.623060704861196,30.943664282407408,11.084297653399668,175.57446628554456
B0005,NASA_18650_LCO_2AH,69,2008-05-03 18:58:13.468,2.0,0.5708121430940036,0.2460769413652224,2.3196490445928912,0.3133429442409534,0.816889084459226,0.8960470973809068,0.3707554803920892,0.44361933055428443,1.0039188868442894,0.09725359218075764,29.43349608540407,3.517570941357839,25.612623072192534,2.612875213764701,0.0,24.0,0.05706674692937863,0.08774482089814291,1.0859222133018354,1.0895962826569596,1.6327350407099108,39.51375235624076,15.475354015335512,2.6657030585650423,0.09747238739120134,0.8799219444444445,1.0062783063820304,5.77054023601408,6.598047152934733,0.8163675203549554,60.44198962637238,31.147591145833335,10.993267463235293,178.1044864936386
B0005,NASA_18650_LCO_2AH,70,2008-05-03 23:42:30.093,2.0,0.5667581461715374,0.24578627005260179,2.3058983111517737,0.3189199772587725,0.8125444162241392,0.8576278268689973,0.36372004783947975,0.44399542378073276,1.0040437158374165,0.09741344919911109,29.478594943854127,3.5117293711986015,25.748665763785176,2.699328543767009,0.0,24.0,0.05885067553334059,0.08666333976211353,1.1198685621340925,1.0761666828980276,1.6277528915533617,39.60170302810528,15.519413924501098,2.642986759012803,0.08410985824282521,0.877521666666665,1.0061840023648585,5.749845126332316,6.6185005732988085,0.8138764457766808,61.25835714672734,31.34500578703704,10.90261070853462,180.7173617074033
B0005,NASA_18650_LCO_2AH,71,2008-05-04 04:41:40.000,2.0,0.5636884737849758,0.24630163995757545,2.288610310259257,0.3159353748100387,0.8099901137425513,0.8548027272920581,0.36102335828169163,0.44594617598880687,1.0039307058324631,0.0975154723483434,29.485508821517058,3.492984022261833,25.6042633567313,2.707286839764805,0.0,24.0,0.0590643416916069,0.0867280684893838,1.123934412037529,1.0769704702884728,1.622125485521159,39.687463597582074,15.643852566505299,2.6311169118893036,0.07712759522900213,0.8746747222222223,1.006250086137155,5.726029419778201,6.59867053867752,0.8110627427605795,62.07223359250402,31.552759340277778,10.818088916666667,183.4166902511703
B0005,NASA_18650_LCO_2AH,72,2008-05-04 09:40:11.906,2.0,0.5594270174086039,0.24873663437012947,2.2490736746546895,0.3082181519235145,0.8081636517787334,0.8694047374143662,0.36097964601062005,0.4473039287514887,1.0038943196389696,0.09762953296482219,29.46840138001844,3.4903419023984377,25.594290723516522,2.691218315574367,0.0,24.0,0.05853949812674304,0.08783079718677159,1.113947172247963,1.090663917686897,1.6113256603765849,39.53535075538898,15.527397208594664,2.696157404617167,0.1153867085983334,0.8747483333333333,1.0062512733847824,5.689593897193916,6.576641984502157,0.8056628301882924,62.883296335264596,31.760073067129632,10.735799346635368,186.1239770909351
B0005,NASA_18650_LCO_2AH,73,2008-05-04 14:38:13.359,2.0,0.5530365861462537,0.2490218592474581,2.2208354989682744,0.30876837912580724,0.8020584453937118,0.8473397401396966,0.35653418577634166,0.44679911906746284,1.0040100906217495,0.09774080623741105,29.445806473811558,3.5443790885099986,25.571898601563962,2.6471282564303342,0.0,24.0,0.05845500592686229,0.08653442143458513,1.112339371529713,1.0745658028802274,1.6065631397488385,39.6502371632164,15.656774387253893,2.6667596238241567,0.09809389636715096,0.8723741666666667,1.0062735585952867,5.66846210056411,6.587683117445216,0.8032815698744192,63.688959165452886,31.9670343287037,10.655678109567901,188.81519540650947
B0005,NASA_18650_LCO_2AH,74,2008-05-04 19:37:07.890,2.0,0.5501952000172787,0.25056149660290494,2.1958489487764954,0.29921403852674827,0.8007566966201837,0.8677621674099004,0.3555364939255135,0.44898941903733297,1.0040023970201934,0.09780705263198403,29.461354450795127,3.50962563815418,25.578913233960286,2.6823630805510703,0.0,24.0,0.05876477302411498,0.08779169742054281,1.1182339246619075,1.0901783852133042,1.6015142233917594,39.69929058154853,15.71268094266507,2.6403185448373043,0.08254032049253195,0.8698958333333333,1.0062478680957705,5.6465879136405706,6.575771978937677,0.8007571116958797,64.4922407353273,32.17460991898148,10.577953945966513,191.4623236629398
B0005,NASA_18650_LCO_2AH,75,2008-05-05 00:35:53.968,2.0,0.5454125101510905,0.2518615725754134,2.165524909144361,0.3032054759413501,0.7972740827265039,0.8420099793177885,0.3527891421494625,0.4519911943690023,1.003933290415126,0.09794446850633635,29.419371934150707,3.5050532018781837,25.533341503049385,2.6293747411915143,0.0,24.0,0.059155957942656885,0.08659283696866849,1.125677776211375,1.0752911943977566,1.590369231400328,39.56076309770468,15.63254789867472,2.69892986372897,0.117017566899394,0.867196388888889,1.0061295768095824,5.608185129872927,6.509167856706481,0.795184615700164,65.29299784702317,32.38208767361111,10.502298704954955,194.14468674349087
B0005,NASA_18650_LCO_2AH,76,2008-05-05 05:28:13.937,2.0,0.5392655262502897,0.253949675698813,2.123513344541962,0.29010694479614746,0.7932152019491027,0.8662499318409144,0.35116014093107517,0.4522547590396873,1.0041888712061708,0.09813225179354987,29.36719581714494,3.532241813135659,25.528501101408498,2.543755004804382,0.0,24.0,0.05872950331652544,0.08781419150242116,1.1175627779610882,1.0904577118760697,1.5857889968242211,39.63708096307912,15.758326936067927,2.6682466504352993,0.09896861790311721,0.8672569444444445,1.006394363654353,5.5875170711675715,6.503761644612517,0.7928944984121106,66.08818246272334,32.58509657407407,10.427230903703704,196.7740614846824
B0005,NASA_18650_LCO_2AH,77,2008-05-05 11:41:31.500,2.0,0.5348940978654815,0.25375976802790223,2.1078758897380814,0.29778800773636827,0.7886538658933837,0.832604105140025,0.34927248989358256,0.4549641476219652,1.0040660756061057,0.09842623365019985,29.297103402943527,3.496710345590202,25.343485567182306,2.437640307440483,0.0,24.0,0.05891760511780743,0.08879659916801796,1.121142164124925,1.1026570386230075,1.5849430707374117,39.43977047692484,15.528747201881483,2.6479207279724903,0.0870121929249943,0.8671311111111111,1.006161146920114,5.57933734788659,6.399694553653084,0.7924715353687058,66.88107696113545,32.84432762731482,10.371892934941519,199.31781648948677
B0005,NASA_18650_LCO_2AH,78,2008-05-05 20:40:08.562,2.0,0.5306691977409734,0.2561073975659199,2.0720572765507685,0.2941749470805362,0.7867765953068933,0.8302838821045696,0.3467850656788509,0.44349608398611756,1.00403092623535,0.10073746452402597,29.548289844330217,5.116127740917463,25.74425872850638,2.702314607211402,0.0,24.0,0.05891760511780743,0.08879659916801796,1.121142164124925,1.1026570386230075,1.5955263892495937,39.839022256254516,15.36607261658375,2.6741633856529066,0.10244905038406267,0.8669055555555556,1.0062041094843825,5.6273955404435805,6.8268013512772034,0.7977631946247968,67.67354849650415,33.21836769675926,10.353776944444444,201.75545679692726
B0005,NASA_18650_LCO_2AH,79,2008-05-06 01:38:46.265,2.0,0.5383619065751096,0.2555792032222514,2.106438625421848,0.2974430491849812,0.793941109797361,0.8428930944119073,0.35100931330072344,0.4597349181398004,1.003996529448208,0.09818484218033194,29.561095605794584,3.47453699610168,25.595338590346493,2.7933988346753846,0.0,24.0,0.06455670837106973,0.09334592522490819,1.2284485696117897,1.1591495895159678,1.5747301747801037,39.41794949618613,15.594635904665225,2.6892528956736257,0.11132523274919157,0.8621744444444445,1.006019956849607,5.544131550161578,6.355784212296587,0.7873650873900518,68.47131169112895,33.42574851851852,10.284845698005698,204.45777140413867
B0005,NASA_18650_LCO_2AH,80,2008-05-06 06:37:06.296,2.0,0.5260096824998419,0.26095354942767285,2.01572150540061,0.2730650252370587,0.7869632319275148,0.8769478118337918,0.3430887895165043,0.4600368914153658,1.003870801599881,0.0992883453813822,29.019647107560132,3.5270823905764495,25.09978697110705,2.0767382672995724,0.0,24.0,0.06498882336796032,0.09414540421445838,1.236671278966592,1.1690773473728955,1.5649019950937946,39.262781682151214,15.85681060594895,2.688809122993162,0.11106418999597757,0.8597483333333333,1.006321517974323,5.503860407878143,6.136839822464636,0.7824509975468973,69.258676778519,33.63292480324074,10.217597408579465,207.25117023881404
B0005,NASA_18650_LCO_2AH,81,2008-05-06 11:25:21.031,2.0,0.5199367838687923,0.2582261042248139,2.013494276354739,0.28641649038264816,0.7781628880936062,0.8218317300517799,0.34105135321505536,0.4621266544229164,1.0039997484685304,0.099708741876587,28.88550118608269,3.5917218114150913,25.10980717855015,1.8969216847538615,0.0,24.0,0.0648004333279324,0.09464715484614108,1.2330864079122752,1.1753079786227658,1.5597659473370362,39.47237839941986,15.965795188082247,2.6743555987897745,0.10256211693516144,0.8599391666666667,1.0063581617640773,5.48387339446493,6.269913280052805,0.7798829736685181,70.0411277760659,33.833095347222226,10.149928604166666,209.3279085061136
B0005,NASA_18650_LCO_2AH,82,2008-05-06 16:23:36.296,2.0,0.517075279366284,0.2587688412902198,1.9982130606955744,0.28327689454697436,0.7758441206565038,0.8318647238161805,0.3432766246837426,0.4646415556536009,1.0038900780973226,0.09933915016442094,29.195907400785313,3.6263056501194306,25.371319727334306,2.3143370515743977,0.0,24.0,0.06452445287461797,0.09528856369871357,1.2278347802864336,1.1832728555724552,1.5594815668184234,40.037541469513684,16.05129949029377,2.6430294964336345,0.08413499790213792,0.8595355555555555,1.0064896445900315,5.482522361653051,6.670291905050874,0.7797407834092117,70.82101074973443,34.040216469907406,10.08599006515775,211.22483019086746
B0005,NASA_18650_LCO_2AH,83,2008-05-06 21:21:49.265,2.0,0.5176483896603676,0.25771526736327616,2.0086058305827343,0.28658521681903487,0.7753636570236437,0.8189391639716445,0.3415093613689654,0.4666659341751057,1.003874268061855,0.09901308718032861,29.781642735382384,3.6328407179045072,25.937420351426873,3.1990148718534916,0.0,24.0,0.06834057963063755,0.09294836913165669,1.3004517952052173,1.1542128235972444,1.55468935359061,40.142730162011574,15.810713669279608,2.6584858447131823,0.09322696747834251,0.8573697222222222,1.0064174798557095,5.467179767337318,6.844627204522048,0.777344676795305,71.60075153314364,34.247311018518516,10.023603224932248,213.53916724244186
B0005,NASA_18650_LCO_2AH,84,2008-05-07 02:17:25.156,2.0,0.514029009745448,0.2595575518483351,1.9804047506797393,0.27895194546777347,0.7735865615937831,0.8315891922953731,0.3399655610582731,0.4694792939412009,1.0037159066138912,0.0992185899334539,29.71020972616952,3.492347503746025,25.854633339319907,3.1048297590134197,0.0,24.0,0.06635293447661904,0.09625284667073616,1.2626289274047877,1.1952471137792717,1.5488741079890418,40.1165626728546,15.90488471625617,2.629782173759164,0.0763424551524494,0.8571180555555555,1.0063906701318175,5.441538416143738,6.771440921521283,0.7744370539945209,72.37809620993895,34.45258753472222,9.962193985943776,216.73818211429534
B0005,NASA_18650_LCO_2AH,85,2008-05-07 07:04:02.109,2.0,0.5100456424442696,0.26011787110442747,1.960825064799539,0.2803122740912786,0.770163513548697,0.8133846921249245,0.33674955668129974,0.472225328858571,1.0040324658321922,0.09929551799918977,29.58766933151088,3.53167783912885,25.787542115810904,2.882156673856262,0.0,24.0,0.06724605637000933,0.09513760733757722,1.2796241296093034,1.181398312001063,1.538236598942558,39.87503330866132,15.874605247583197,2.6622967647315545,0.09546868513620853,0.8520008333333333,1.006230898585053,5.4018530700776175,6.543402597300463,0.769118299471279,73.15253326393346,34.65162634259259,9.90046466931217,219.84301187330877
B0005,NASA_18650_LCO_2AH,86,2008-05-07 12:01:49.906,2.0,0.5028214944179665,0.2617832408666991,1.9207550941491607,0.27655023666893225,0.7646047352846657,0.8073449143428667,0.33449125657350015,0.47546905251020816,1.0041613408568075,0.09994664283010082,29.26425769721006,3.4878759078707233,25.344864067680145,2.4266454503361667,0.0,24.0,0.06705740454463872,0.09706000899312972,1.2760342770458937,1.2052702816081935,1.527914258251028,39.61961987024145,15.951523771765082,2.682380966742509,0.10728292161324053,0.8494880555555556,1.0062041254349812,5.3613390151883955,6.323116773770909,0.763957129125514,73.92165156340474,34.85842954861111,9.842380107843136,222.72516854716503
B0005,NASA_18650_LCO_2AH,87,2008-05-07 16:59:29.937,2.0,0.4967726957051059,0.26345916410465814,1.8855775863806206,0.2720548103466975,0.760231859809764,0.8030978214557954,0.3313671064613373,0.4767423230509789,1.0038889254381418,0.10062507550539393,29.166832065867634,3.6506384508614964,25.2776605000605,2.246225211736962,0.0,24.0,0.06813640797354477,0.09617714215472091,1.2965666160125418,1.194307031408754,1.5285252629756445,40.067324667444815,16.213424307696954,2.6401894768922713,0.08246439817192432,0.8496699999999999,1.0064671193835324,5.36143416939965,6.575253559225703,0.7642626314878223,74.68560869253025,35.06514287037037,9.785621266149871,225.1518139975012
B0005,NASA_18650_LCO_2AH,88,2008-05-07 21:56:09.656,2.0,0.4983340142186177,0.2621473329352949,1.9009692285945763,0.27425177603422823,0.7604813471539127,0.8028038169139594,0.3328516631782012,0.47825020180660066,1.0039524224787362,0.09989130846212772,29.64168246762455,3.6116383714719866,25.790973204291312,2.984725585872883,0.0,24.0,0.06892139858349329,0.09728725243945396,1.3115041897563433,1.208092141768584,1.522647325284378,40.24716716520102,16.003398167819935,2.693769409137257,0.11398200537485707,0.8496049999999999,1.0062314414257367,5.3457553485634355,6.828216028910952,0.761323662642189,75.44987132401808,35.27115813657407,9.729974658365261,227.39803920923816
B0005,NASA_18650_LCO_2AH,89,2008-05-08 02:53:49.937,2.0,0.4951437439729956,0.2614921845436978,1.8935317087592978,0.2747276960853138,0.7566359285166935,0.7989958696845997,0.3339270461135572,0.4797167125153308,1.0040619412354879,0.09986864119006664,29.84083319742673,3.5917131676333476,25.936121509912226,3.2811610108949547,0.0,24.0,0.06687542634865674,0.09679132442326586,1.272571416869231,1.2019338145035334,1.5174859938489869,40.30253125568348,15.997992661194733,2.695787450704935,0.11516908864996167,0.8470355555555555,1.0062575223733812,5.326264753116286,6.850547855973384,0.7587429969244934,76.21119498666026,35.47787435185185,9.675783914141414,230.38276479511106
B0005,NASA_18650_LCO_2AH,90,2008-05-09 12:25:07.000,2.0,,,,,,,,,,,,,,,,24.0,0.06667298191711873,0.09754792113432546,1.268719105023973,1.2113290694644843,1.605818899130659,40.09418103142496,15.977345940157353,2.6920548172137724,0.11297342189045433,0.8825608333333333,1.0063869920300197,5.660394802167441,6.969027463194237,0.8029094495653295,76.96993798358476,36.874599618055555,9.943712256554306,233.663925806006
B0005,NASA_18650_LCO_2AH,91,2008-05-09 20:28:09.734,2.0,0.509317121268433,0.25945649971568474,1.963015460568691,0.2828989121686416,0.7687736209841177,0.8119274707198391,0.33975130272781023,0.46057308342395775,1.003867797627539,0.10053192043323841,29.683647277202674,5.21509552648541,25.891013405303514,2.9297115169336143,0.0,24.0,0.06849807236532342,0.08958931900571994,1.3034487219310507,1.1125008627884378,1.5638491446744425,40.52238496316615,15.795681431404457,2.629071246219689,0.07592426248216987,0.8563713888888889,1.0064204851957657,5.5069996533751375,7.16256526980262,0.7819245723372212,77.77284743315009,37.21004792824074,9.922679447530864,233.663925806006
B0005,NASA_18650_LCO_2AH,92,2008-05-10 01:21:56.500,2.0,0.5217963881111553,0.2563150033498532,2.0357621687133793,0.29028309375665845,0.7781113914610085,0.8222895381862125,0.34471209376593415,0.4745053548424543,1.0038822458217451,0.09727480057054433,30.299187661483778,3.550537756549076,26.42800153627129,4.142261926145652,0.0,24.0,0.06905131248356716,0.09529028215751698,1.3139763192800653,1.1832941950236608,1.5480915247767786,40.56886357314186,15.83347443465211,2.631343871050918,0.07726110061818695,0.8539627777777778,1.0062579149061968,5.445454256255601,7.1542911119137935,0.7740457623883893,78.55477200548731,37.41406142361111,9.86744477106227,236.59363732293963
B0005,NASA_18650_LCO_2AH,93,2008-05-10 06:18:12.000,2.0,0.5132514754989201,0.25806646658440124,1.9888344320653644,0.27848117651089915,0.7713179420833214,0.8377538079408134,0.3424481003223292,0.4751802910276343,1.004055573938386,0.09779153034769753,30.159651359558897,3.543728946266164,26.21556986443908,3.787822503379187,0.0,24.0,0.06691005998887992,0.09504982085251537,1.2732304598543234,1.180308198341797,1.5323755631868592,40.27804845768325,15.776074449856253,2.6983970036642315,0.11670411980248911,0.8516666666666667,1.0062330831672677,5.388811864580089,6.966800220290935,0.7661877815934296,79.32881776787569,37.61979637731481,9.813859924516908,240.7358992490853
B0005,NASA_18650_LCO_2AH,94,2008-05-10 11:16:04.843,2.0,0.5025287562350511,0.26108833351977145,1.924746113692679,0.27016826063759775,0.7636170897548226,0.8354095639423084,0.3383997253388679,0.4776579103236791,1.0039339306387955,0.09850789902264148,29.922619314028488,3.5456263965698582,25.960695609651008,3.359160739069548,0.0,24.0,0.06870732560034515,0.09601956935778683,1.3074305983887464,1.1923503263630337,1.5269528268489705,40.2921849196155,16.02604137850138,2.6338485871981514,0.07873446305773611,0.8490102777777777,1.006211317615125,5.36070765700357,6.8313543608098195,0.7634764134244852,80.09500554946912,37.82665798611111,9.761718189964158,244.52372175246447
B0005,NASA_18650_LCO_2AH,95,2008-05-10 16:11:56.109,2.0,0.49817618109330297,0.26111687882975027,1.90786663187784,0.2769718482086625,0.7592930599230532,0.8018717520024897,0.3358661871588779,0.48205258316674976,1.003913305896444,0.09869880392984128,29.789042272226812,3.6041590473478706,25.838168915840225,3.1346286307818754,0.0,24.0,0.06722266076445083,0.09650638521894661,1.2791789350058496,1.1983955008500145,1.5169573017136326,40.184384347174266,16.035573712016465,2.671566207861818,0.1009212987422458,0.8467275,1.006215548651795,5.324487618185635,6.743278493674313,0.7584786508568163,80.8584819628936,38.032112453703704,9.710326583924349,247.88288249153402
B0005,NASA_18650_LCO_2AH,96,2008-05-10 21:07:54.625,2.0,0.4930376074313643,0.2624007735835739,1.8789487536890166,0.26669693741783246,0.7554383810149382,0.8169076717759447,0.33283501486828837,0.48369382047474235,1.0041637980888196,0.09923974864949679,29.7396171935254,3.628230227464858,25.811823765569297,3.0609531206669995,0.0,24.0,0.06687853004988352,0.09918746947407958,1.2726304771501646,1.2316886275323757,1.5118975960142693,40.320066232195046,16.11145758817611,2.6540810507928123,0.09063591223106605,0.8442272222222221,1.0063049326603164,5.303651270921679,6.788471361899479,0.7559487980071347,81.61696061375042,38.23765083333333,9.660038105263158,251.01751112231588
B0005,NASA_18650_LCO_2AH,97,2008-05-11 02:05:21.796,2.0,0.4892868992834519,0.2635671077205073,1.8564034889896104,0.2647890472464426,0.7528540070039592,0.8153819949005823,0.3324156190279253,0.4859120916125837,1.0038826413326944,0.09927737015229093,29.817451931587808,3.6450057689015303,25.866599042915986,3.184675736075401,0.0,24.0,0.07025245066913327,0.09562444557396589,1.3368327585750097,1.1874437643388156,1.5065638960681105,40.336505612651585,16.108291919629117,2.656849703962618,0.0922645317427166,0.8441797222222223,1.0064040862185206,5.283035257849713,6.821037576404649,0.7532819480340552,82.37290941175756,38.4442153125,9.611053828125,254.07846424298288
B0005,NASA_18650_LCO_2AH,98,2008-05-11 06:55:27.734,2.0,0.48515258835676844,0.2653078436798068,1.8286401966613792,0.2590808223389209,0.7504604320365753,0.8190286481298568,0.3295049779133539,0.4894761008524279,1.0039154697166008,0.0995959966205693,29.804974649979396,3.5987017538437946,25.932238529516265,3.181331518793105,0.0,24.0,0.06808998763089082,0.09736724661265822,1.2956832840556773,1.2090854921779346,1.5015453526671363,40.43267631588412,16.173340981901728,2.6363048614501152,0.08017933026477365,0.8417708333333334,1.0062687707460038,5.262340585214171,6.834257607725823,0.7507726763335681,83.12619135979162,38.64567292824074,9.56181598224513,257.2631399790583
B0005,NASA_18650_LCO_2AH,99,2008-05-11 11:52:47.187,2.0,0.48246453882015045,0.2645191803307581,1.8239302620887665,0.2632575048296412,0.7469837191509086,0.8106550662177048,0.3332082990861002,0.49077800897315343,1.003443791129025,0.09975029248168514,29.81518660623584,3.6269578876261868,25.8627841242131,3.186981099989464,0.0,24.0,0.0671835912853775,0.09869810775945313,1.2784354825143247,1.2256118391855106,1.4908444050400238,40.314538591575015,16.08555278481613,2.69951692300468,0.11736289588510576,0.8391666666666666,1.006330159339462,5.226010397428718,6.796652201040246,0.7454222025200119,83.87696403612519,38.852148078703706,9.514811774376417,260.4444714978514
B0005,NASA_18650_LCO_2AH,100,2008-05-11 16:49:58.921,2.0,0.4756502355873337,0.2655237738236532,1.7913659023525041,0.2625756144988224,0.7411740094109869,0.7829271337551993,0.32561371114247323,0.49643715250704196,1.0039116934997583,0.09996458217057524,29.836684573126362,3.666502475712491,25.876664410701412,3.2026314667158493,0.0,24.0,0.06861694253203263,0.09686542163058859,1.3057107004294601,1.2028539376609768,1.485868384561201,40.386661855917744,16.112565173909875,2.698216006032282,0.1165976506072248,0.839375,1.0062825680939114,5.206867571333108,6.848398276341678,0.7429341922806005,84.6223862386452,39.05853388888889,9.468735488215488,263.63145259784085
B0005,NASA_18650_LCO_2AH,101,2008-05-11 21:47:12.843,2.0,0.4739118654891445,0.2657337427126656,1.783408684797229,0.2548135063324356,0.7396456082018101,0.8041063404577071,0.3256172006324473,0.4975761502915496,1.004004068214277,0.10021602674070341,29.863474041359538,3.6533747374495533,25.90081245653995,3.252084667445961,0.0,24.0,0.06887045562043902,0.09717596951280814,1.3105347969283185,1.2067102543596708,1.480413677976106,40.43384612547835,16.170034126178834,2.6911707598773864,0.11245338816316847,0.8367402777777777,1.0061747110416723,5.185250803036618,6.838202366562212,0.740206838988053,85.3653204309258,39.26494502314815,9.423586805555555,266.8340840645567
B0005,NASA_18650_LCO_2AH,102,2008-05-12 02:36:58.921,2.0,0.47036547316777777,0.2664482257586294,1.7653165861619022,0.2551700787674764,0.7368136989264071,0.7928173748456859,0.3239530363569145,0.5007741300275308,1.0040605755054433,0.10036188971061352,29.847879865816882,3.628855141249197,25.961139619102717,3.251059801037662,0.0,24.0,0.06777647326067517,0.09837375773003226,1.2897174241262892,1.2215841303963284,1.4752095869031632,40.44479269068758,16.191035130833733,2.690162319231471,0.11186018778321821,0.8340669444444445,1.00636759391654,5.164960918206503,6.817288531886882,0.7376047934515816,86.10552726991386,39.46617277777778,9.378100462046204,270.08616873200265
B0005,NASA_18650_LCO_2AH,103,2008-05-12 12:56:34.781,2.0,0.466376577945228,0.26858210314875064,1.7364395155499688,0.24681847647870198,0.7349586810939787,0.8126359571114126,0.3239593283238685,0.5042393396753015,1.0039642844923626,0.10051643060000538,29.817445053015998,3.642848138156314,25.847581583069786,3.1858219276810003,0.0,24.0,0.06691463627983789,0.09945447008446694,1.273317542021666,1.2350041835910395,1.4859035988304024,40.58499656066617,16.240738727658297,2.6355034454892072,0.07970790911129837,0.8366666666666667,1.0063885349148314,5.198619163270325,6.895872773623244,0.7429517994152012,86.84313206336545,39.896448935185184,9.387399749455337,273.33722853304033
B0005,NASA_18650_LCO_2AH,104,2008-05-12 18:59:59.453,2.0,0.4669626847630178,0.272173872346185,1.7156778491626739,0.24753023333145846,0.7391365571092028,0.8001083398656924,0.319280610044504,0.4972425095112659,1.0040543186429791,0.10170369069658562,30.0408863638767,5.070127994747494,26.343040591685405,3.6991320955061338,0.0,24.0,0.0687203034790401,0.09196026945412158,1.3076775542345707,1.141942814672312,1.4960918298136696,40.99869158762305,15.940464447459469,2.6594753656507684,0.09380903861809903,0.8389194444444444,1.0063790022391461,5.249017302900466,7.393957703802337,0.7480459149068348,87.58608386278064,40.14881782407407,9.355064347357066,276.5230504607213
B0005,NASA_18650_LCO_2AH,105,2008-05-12 23:53:17.609,2.0,0.4777009968714132,0.2669452913533742,1.789508979741817,0.2618021345645408,0.7446462882247874,0.7869974764675415,0.32493519972685136,0.49915899754497595,1.0036171166207306,0.09942082263472554,30.484119019984476,3.5880530752844244,26.57680877670008,4.5368231277815765,0.0,24.0,0.07082104805655463,0.09855701935585932,1.3476525891532336,1.2238598337849835,1.4808005946928984,40.997807625227495,16.147133291223824,2.644554999824577,0.08503235283798657,0.8339366666666683,1.0064064097180665,5.186081259033112,7.257642259507812,0.7404002973464492,88.33412977768748,40.352500185185185,9.312115427350427,280.22218255622744
B0005,NASA_18650_LCO_2AH,106,2008-05-13 04:35:25.359,2.0,0.4704848774145082,0.2669263483581244,1.7626018541338473,0.2525575897079346,0.7374112257726326,0.8062988048524456,0.3259864969987254,0.5032938003026257,1.0038791017491877,0.09979846566630676,30.320993292587357,3.6027921291366276,26.497126053434993,4.089600199736336,0.0,24.0,0.07045120489724419,0.09836655016009624,1.3406148495983583,1.2214946283456218,1.4697543268466824,40.84213757482493,16.153684531361645,2.6719601666204564,0.10115303918850377,0.8313063888888889,1.0063356344343042,5.145133575634057,7.124569721055555,0.7348771634233412,89.07453007503393,40.54842321759259,9.26821102116402,284.759005684009
B0005,NASA_18650_LCO_2AH,107,2008-05-13 09:24:04.718,2.0,0.46430906285796286,0.26784042652691076,1.7335286835221193,0.24826516863932563,0.7321494893848737,0.8090125380103209,0.32572734601498005,0.5074446995250034,1.0040498109416751,0.1005408703338283,30.154996545118347,3.6088288601469003,26.23246228056812,3.7560124149364733,0.0,24.0,0.06926484764359515,0.09847720496515742,1.3180396764201232,1.2228687158760159,1.4539012274845928,40.69012464267011,16.245888108856636,2.6598211033173382,0.09401241371608131,0.8234633333333333,1.0062291904221354,5.081497421394686,6.885129149718953,0.7269506137422964,89.80940723845727,40.748878761574076,9.22616122903564,288.84860588374534
B0005,NASA_18650_LCO_2AH,108,2008-05-13 14:20:24.937,2.0,0.45922201798508305,0.2680292677484949,1.7133278801452752,0.2530877312102037,0.727251285733578,0.7681338224447403,0.3187742058749996,0.5115982439891898,1.0038905677476322,0.10087762965551218,29.97682928823835,3.6704951119287514,26.000979471677365,3.4282599705582126,0.0,24.0,0.0687590422700317,0.09923691354685435,1.3084147140678846,1.2323026133761368,1.4541462067235693,40.69938049882204,16.316565223677046,2.688360455508818,0.11080026794636356,0.8287152777777778,1.006534988138163,5.083959499684176,6.950928796591989,0.7270731033617847,90.53635785219956,40.95466833333333,9.1860938317757,292.6046182986818
B0005,NASA_18650_LCO_2AH,109,2008-05-13 19:04:20.531,2.0,0.45504985417091337,0.26837828393462104,1.6955539272841835,0.2453257214855318,0.7234281381055344,0.78008094759469,0.3166044284102791,0.5142277219146835,1.0036241876688712,0.10109932620497974,30.08507492258316,3.705281406428025,26.304406677546186,3.6809196115332594,0.0,24.0,0.07123671829409153,0.0979770761969626,1.3555623714456844,1.2166582245775326,1.455023751906683,41.06026204078849,16.344915054989198,2.6376728619288525,0.08098403642873678,0.8264713888888889,1.0065381582022708,5.085393171478763,7.176052762720474,0.7275118759533415,91.26343095556135,41.15183956018519,9.144853235596708,296.03287826924003
B0005,NASA_18650_LCO_2AH,110,2008-05-13 23:59:26.015,2.0,0.45555155810395204,0.273419921931934,1.6661242313729296,0.22413250086091932,0.728971480035886,0.8613583411827965,0.3190543995476559,0.5169621131296992,1.0042921793302189,0.10086186464717817,30.388201652887467,3.67969304649894,26.488314685413716,4.352770478858427,0.0,24.0,0.07052971281432464,0.09787110107431857,1.3421087754950496,1.2153422483352299,1.449042163761236,41.19696040482682,16.345529219404302,2.645120521151077,0.08536501244180991,0.8263847222222224,1.0062918498550308,5.063497242473913,7.291681233293795,0.724521081880618,91.99094283151469,41.35676414351852,9.106076508664628,299.7137978807733
B0005,NASA_18650_LCO_2AH,111,2008-05-14 04:55:57.453,2.0,0.45240294726808783,0.2690082875220736,1.6817435276602544,0.2451313639841463,0.7214112347901614,0.7768351845077652,0.31693070290633063,0.5196521760203712,1.0041212157573052,0.10078835945779274,30.35093185395905,3.6141351570716367,26.360634597576503,4.14250788944989,0.0,24.0,0.07007648592569676,0.09984719271681554,1.3334843282905198,1.2398809286335648,1.4386709371480566,40.84446688602949,16.251346629728502,2.698012437629632,0.11647790448801877,0.8239583333333333,1.0063234009270003,5.025954053026764,7.053254418845774,0.7193354685740283,92.71546391339531,41.56268356481481,9.068221868686868,304.06656835963173
B0005,NASA_18650_LCO_2AH,112,2008-05-14 09:52:22.062,2.0,0.44499483222862496,0.2704579793967134,1.6453381497509016,0.2405313780989803,0.7154528116253384,0.7705433268522589,0.3136024776422567,0.5249393617565775,1.003897374181464,0.10151468737262283,29.97632430805407,3.635147901431278,26.01371119236736,3.4540977742110863,0.0,24.0,0.07041570471794124,0.09969314898510087,1.339939317254996,1.237968046759457,1.433445432156979,40.764203830749366,16.379186216446033,2.6928942772989077,0.11346722194053395,0.8212108333333333,1.0065530948324648,5.004463096314259,6.925234040299998,0.7167227160784895,93.43479938196934,41.76852394675926,9.031032204704704,308.20907624908165
B0005,NASA_18650_LCO_2AH,113,2008-05-14 14:35:22.515,2.0,0.44222240458099465,0.2692710241433376,1.6422948037826925,0.24418353178895932,0.7114934287243322,0.7515000868168626,0.3123793389669574,0.5276180281011609,1.0039245692246168,0.10170164205457825,30.072488379955132,3.7088741554598386,26.297723923750286,3.678885435334363,0.0,24.0,0.06911232975656839,0.10249083941587146,1.3151374159907143,1.2727091638099004,1.4333958900838095,41.11212504270441,16.466972088182118,2.6483923655058113,0.08728962676812425,0.8212066666666666,1.006491366254236,5.002253430185736,7.153691180339747,0.7166979450419048,94.15152209804783,41.96505696759259,8.992512207341269,311.66317402329275
B0005,NASA_18650_LCO_2AH,114,2008-05-14 19:31:39.390,2.0,0.4423051454756828,0.26948973776387763,1.6412689712236412,0.2447297615473021,0.7117948832395604,0.7516490538711281,0.31307785465327337,0.529107842914134,1.0038918978415534,0.10144924887148701,30.336671946542243,3.6923646563442354,26.460055536819574,4.294434542296322,0.0,24.0,0.07157373040575744,0.09989297385280015,1.3619753695207746,1.2404494289173884,1.42806487344776,41.27256611507568,16.3396929755883,2.6832134764261997,0.10777263319188216,0.8212238888888889,1.0064146949388166,4.986147565179489,7.344209241145066,0.71403243672388,94.86822004308974,42.17080783564815,8.956631752704032,315.3420594586271
B0005,NASA_18650_LCO_2AH,115,2008-05-15 00:27:55.625,2.0,0.4401597024626668,0.27068467212186886,1.626097622001468,0.23677804769304137,0.7108443745845356,0.7717003378905074,0.3125418677472133,0.531398571873017,1.0039714695513444,0.10153403247969933,30.483128850170555,3.632613859248952,26.522125341707824,4.496045746399011,0.0,24.0,0.07051485631548174,0.09976411980712489,1.341826071416519,1.2388493471377922,1.4229203181741186,41.15574924454392,16.350756107457627,2.684960445221862,0.10880026189521283,0.818685,1.0063262349311013,4.965766213382372,7.218497927585744,0.7114601590870593,95.58225247981362,42.3765512962963,8.921379220272904,319.6364940009234
B0005,NASA_18650_LCO_2AH,116,2008-05-15 05:24:04.890,2.0,0.4361020921771128,0.27373406389842825,1.593159744789209,0.2260932929749757,0.7098361560755411,0.7988735851236138,0.3118105051844379,0.5350600472084094,1.0039690626668802,0.10179814406935586,30.274856346189882,3.633367572456681,26.304507189511508,4.014834159662669,0.0,24.0,0.07011280813902179,0.10022088437270925,1.334175503106122,1.2445213511104012,1.417429032731308,41.03237216951879,16.45379439254465,2.669922120529456,0.09995418854673874,0.8161066666666666,1.0061977737265038,4.941751150358369,7.058585757107784,0.708714516365654,96.29371263890067,42.58221408564815,8.886722939613525,324.1325397473224
B0005,NASA_18650_LCO_2AH,117,2008-05-15 10:20:03.875,2.0,0.4314516124704687,0.2728543680208564,1.5812523538082532,0.2368559377635009,0.7043059804913251,0.7439157817471888,0.3075598550696538,0.5393726856207673,1.003853617846303,0.10224463079436999,30.035870598156723,3.5844765692332388,26.033862750089828,3.5548507533454,0.0,24.0,0.06870675708164393,0.10156397925846002,1.3074197800554868,1.2611996140527622,1.412409228794446,40.937269906716935,16.579459605000633,2.664105530655056,0.09653266509120945,0.8136458333333333,1.0063520205653642,4.920413016524623,6.915136340092585,0.706204614397223,97.00242715526633,42.78775789351852,8.852639564176245,328.1473739069851
B0005,NASA_18650_LCO_2AH,118,2008-05-15 15:10:59.437,2.0,0.4303999631688927,0.2705451079471685,1.5908621140453563,0.23808478307540623,0.7009450711160612,0.7402890204498003,0.30812220618846603,0.5408324299133876,1.0041537609029387,0.10246893848518984,30.03736523711485,3.682390239246505,26.173877726061654,3.6093958447404324,0.0,24.0,0.07365301694523857,0.10002484587677613,1.4015420797773854,1.2420869873013467,1.412578792940193,41.240704611971786,16.62395360828572,2.634098605983684,0.07888153293157879,0.8134594444444445,1.0064506222373681,4.92044690301985,7.1260822789017775,0.7062893964700965,97.70863176966355,42.98978986111111,8.818418433048432,331.7022246603305
B0005,NASA_18650_LCO_2AH,119,2008-05-15 19:56:47.390,2.0,0.4286742796177925,0.27231671639512733,1.5741754105491823,0.23730928723813946,0.7009909960129198,0.7402254474232003,0.3084920030931862,0.5438558673433873,1.0039985928765283,0.10233906532741435,30.351591057822837,3.6917139064278786,26.58087845459433,4.3810987218357935,0.0,24.0,0.07194347519685254,0.09983032494438364,1.3690112372284555,1.2396714682694046,1.4075983731469897,41.43649987692296,16.407221824843003,2.68378702970616,0.1081100174742117,0.8137152777777777,1.0065253951449975,4.908088812458522,7.390053145820552,0.7037991865734948,98.41492116613365,43.18826153935185,8.784053194444443,335.31162050507095
B0005,NASA_18650_LCO_2AH,120,2008-05-16 16:54:59.812,2.0,0.4283852245357634,0.2761989140707111,1.5510025635024365,0.2131919386157785,0.7045841386064745,0.8213689011871561,0.30765431177280944,0.5440443148542717,1.003862612189199,0.10187890653640978,30.67648939138071,3.672116358118881,26.844678208638005,5.089355256713084,0.0,24.0,0.07015364847057,0.1000406677623634,1.334952653121028,1.2422834600679904,1.4333920485221476,41.16703904201915,16.007544851372753,2.660031949282934,0.0941364407546671,0.8183419444444444,1.006494432009054,5.002899140120242,7.298444072033997,0.7166960242610738,99.11872035270714,44.06201642361111,8.886457093837535,339.6927192269067
B0005,NASA_18650_LCO_2AH,121,2008-05-16 21:37:39.671,2.0,0.44331898603952785,0.2740571378968277,1.6176151755536956,0.22929220622308122,0.7173761239363555,0.8038671109633927,0.3130224094496188,0.5244196723546958,1.0040111256107558,0.10181948355771638,30.448107672298725,4.542266290806229,26.650851656256684,4.6690525157684135,0.0,24.0,0.07015364847057,0.1000406677623634,1.334952653121028,1.2422834600679904,1.4382550176792908,41.36216559728765,16.15001469518194,2.650011641082063,0.08824214181297829,0.820955,1.006320404122391,5.027161458464018,7.468296472145181,0.7191275088396454,99.83541637696821,44.258311087962966,8.851662217592594,344.7820744836198
B0005,NASA_18650_LCO_2AH,122,2008-05-17 02:32:13.968,2.0,0.4435690232179903,0.27276786147427307,1.6261777322572808,0.23480738296813744,0.7163368846922633,0.7910922715091896,0.31537144370176534,0.531210411243879,1.0039143311362189,0.10087929106447513,30.60906521554531,3.5549775881558467,26.644530238931335,4.786276539642981,0.0,24.0,0.07174902343597302,0.10098796332261867,1.3653110177851422,1.2540467722551538,1.4173547174485526,41.02198772703674,16.169978705117995,2.6936969083341418,0.1139393578436128,0.8160069444444444,1.0063338904838954,4.946625198692431,7.166487702822583,0.7086773587242763,100.55454388580786,44.46287471064815,8.819082587235997,349.4511269993882
B0005,NASA_18650_LCO_2AH,123,2008-05-17 07:25:19.906,2.0,0.43306333617840664,0.2732383007507695,1.5849291047266276,0.22764894947014772,0.7063016369291761,0.786222557122879,0.31116399356150753,0.5391895225151788,1.0040096739498077,0.10201001776464436,30.19378282488405,3.596979837048263,26.22137188976638,3.8215659036689673,0.0,24.0,0.07176971416599866,0.10104042488085736,1.3657047413554042,1.2546982285833355,1.406981663677643,40.78818812957494,16.312234344673218,2.697073130067154,0.11592537062773763,0.8136327777777778,1.0062299983566143,4.904804224750515,6.919395805532324,0.7034908318388216,101.26322124453213,44.666415659722226,8.786835867486339,354.23740353903116
B0005,NASA_18650_LCO_2AH,124,2008-05-17 12:21:15.890,2.0,0.42667299080587645,0.27673472226995227,1.5418122689308016,0.21429192490489055,0.7034077130758287,0.8105014828075966,0.30640010859209815,0.5450960829927298,1.0038166940501896,0.10243103425199071,29.935657831042917,3.63687470524221,25.981908446070978,3.413852630278088,0.0,24.0,0.07332840920855721,0.10379013104612307,1.3953651243551999,1.2888434873622028,1.4012037783587625,40.81506138506309,16.469841981032307,2.6806995515145213,0.10629385383207136,0.8106597222222223,1.0062560562183425,4.880121599711958,6.846431098171004,0.7006018891793813,101.96671207637095,44.87192473379629,8.755497509033423,358.0589694427001
B0005,NASA_18650_LCO_2AH,125,2008-05-17 17:15:37.281,2.0,0.422165040434983,0.27876325003744673,1.5144214297295722,0.21224765852255176,0.7009282904724297,0.8035585496242866,0.30413771880817225,0.5491498251648412,1.003868857012999,0.10291685270757976,29.8881671331284,3.657438259154709,25.957258610228184,3.3359813764304356,0.0,24.0,0.07235619151594294,0.10267047798844847,1.3768648094540998,1.2749398769038267,1.3967008232726328,40.858374219876424,16.53174367696452,2.6695398084864568,0.09972929910968045,0.8110588888888889,1.0063247111829454,4.86150021344985,6.8567478824152035,0.6983504116363164,102.66731396555033,45.076338981481484,8.72445270609319,361.4728220729782
B0005,NASA_18650_LCO_2AH,126,2008-05-17 22:10:51.218,2.0,0.4197361896806324,0.2766279925192829,1.5173308568644168,0.21908248250692744,0.6963641821999154,0.7747999844537283,0.3043855873903189,0.5504449080867384,1.003997104863049,0.10321462647299226,29.861095412731405,3.6568374270412995,25.910664889466272,3.295436000487078,0.0,24.0,0.07225774111569111,0.10259268579442138,1.3749913983645519,1.2739738701975158,1.391284788852726,40.839876773287166,16.55959512338682,2.671695307817951,0.10099723989291225,0.8056727777777778,1.0062836487399316,4.840657781574945,6.7947968553626135,0.695642394426363,103.36566437718665,45.28136140046296,8.694021388888888,364.80880344940863
B0005,NASA_18650_LCO_2AH,127,2008-05-18 03:05:19.265,2.0,0.4168612052427399,0.27812389593836134,1.4988327525287852,0.21258795195724733,0.6949851011811012,0.7902502181565321,0.3033271818529079,0.555449638358224,1.0040312609943454,0.10327317021626485,29.859618167527618,3.6581631803855643,25.915316403584885,3.2946195060423396,0.0,24.0,0.07201958994479048,0.1026846191426167,1.3704596235478643,1.2751154787097962,1.3862287677978349,40.85376069244676,16.614737295186835,2.661289185949965,0.09487599173527365,0.8059375,1.00623920267096,4.819936328559257,6.783824575455903,0.6931143838989174,104.061306771613,45.48585268518518,8.663971940035273,368.1042394498957
B0005,NASA_18650_LCO_2AH,128,2008-05-18 08:00:50.421,2.0,0.4132775177406423,0.27604196846670936,1.497154651112069,0.22511848287249347,0.6893194862073517,0.7426320482480517,0.30450472663720335,0.5597638603716877,1.0039584536774113,0.1037771510327336,29.76623045605718,3.637933343198437,25.80295172183165,3.157210832057225,0.0,24.0,0.07376949432580941,0.10210719776299322,1.4037585259866923,1.2679451844140823,1.3804366761974138,40.74795214258888,16.624455012830428,2.667817533540102,0.09871619620006011,0.8058852777777777,1.006220412991331,4.797295318175187,6.708283205565317,0.6902183380987069,104.75442115551192,45.69107439814815,8.634533744531932,371.39885895593807
B0005,NASA_18650_LCO_2AH,129,2008-05-18 12:44:48.437,2.0,0.40982816887203966,0.2791064271900664,1.468358046297426,0.21238955601567477,0.688934596062106,0.7742548407605597,0.30203209960766464,0.5635903615003054,1.004018407384465,0.10391359700159612,29.659062062043006,3.6710075445211814,25.798431586046714,2.983629587840931,0.0,24.0,0.07261898333632247,0.10397403060224411,1.3818654707950608,1.2911271124318162,1.3752364150256224,40.68794001196382,16.634933596517826,2.684008069130594,0.10824004066505534,0.8032333333333332,1.00622418279626,4.7787303229266485,6.648243700337731,0.6876182075128112,105.44463949361062,45.88827365740741,8.60405131076389,374.5560697879953
B0005,NASA_18650_LCO_2AH,130,2008-05-18 17:36:29.734,2.0,0.4049265812770804,0.2782619285920034,1.4551993605391744,0.22206550576937933,0.6831885098690837,0.728258935164492,0.30073333510658384,0.5693017535197535,1.0038888945794642,0.1042489184809557,29.636312800311195,3.6661496639408213,25.716243739071537,2.9626360673652017,0.0,24.0,0.07276733768823168,0.10232849629033312,1.3846885033814036,1.2706932218512654,1.3705128024895008,40.7810749453613,16.718211742594967,2.6585256208771644,0.09325036522186139,0.8008072222222222,1.0062623622284192,4.758158186228914,6.65908495882054,0.6852564012447504,106.13225770112344,46.09083496527778,8.575039063307493,377.5396993758362
B0005,NASA_18650_LCO_2AH,131,2008-05-18 22:31:45.515,2.0,0.4044521658448658,0.277678056894444,1.4565506890965394,0.22211158614961907,0.6821302227393098,0.720061377432803,0.297640488373329,0.5695867986061837,1.0039060668175301,0.10424138496023216,29.674942267630755,3.6786730394408274,25.721597233349875,3.021507482953575,0.0,24.0,0.07423950709010801,0.10414393610873535,1.412702391350507,1.2932369624079272,1.3705085566270399,40.88159339768709,16.795206377160195,2.6372250579822927,0.0807206223425251,0.8009069444444444,1.0062410513858482,4.756250140709623,6.699976040506153,0.6852542783135199,106.8175141023682,46.295878726851846,8.546931457264957,380.50233544320145
B0005,NASA_18650_LCO_2AH,132,2008-05-19 03:27:07.765,2.0,0.40214346057970535,0.28203252288235087,1.4258761924223908,0.20638892365044909,0.6841759834620562,0.7730153806852315,0.2986717347050591,0.5716169073106553,1.0034065198120543,0.10442031128668854,29.66255999018432,3.672603676777701,25.681959267638916,2.9982700063784016,0.0,24.0,0.07327936541714429,0.10497750083468131,1.3944318708339198,1.3035879895961757,1.3647355108681518,40.81191473576834,16.802633263573593,2.6514257735606432,0.0890739844474372,0.8008247222222222,1.0061721770630523,4.734845909929617,6.654432083890622,0.6823677554340759,107.50276838068172,46.50099736111111,8.519266692111959,383.523842926155
B0005,NASA_18650_LCO_2AH,133,2008-05-19 15:34:33.625,2.0,0.3991719496448395,0.28190174124713646,1.4159967482673217,0.20565958807880266,0.6810736908919759,0.7684350731959287,0.29802251328834684,0.5754384366440018,1.003682417861993,0.1047700392026219,29.574918567388586,3.6779637179351816,25.624925482393323,2.8876061677525584,0.0,24.0,0.07377117521372932,0.10398499361939663,1.4037905115759979,1.2912632488170048,1.375392016895762,41.11793533148924,16.398389801765447,2.676384659108382,0.10375568182846011,0.8032377777777777,1.0061460041164818,4.780482999525009,7.0524124711944465,0.687696008447881,108.18513613611579,47.00615777777778,8.54657414141414,386.5221129325334
B0005,NASA_18650_LCO_2AH,134,2008-05-19 20:59:48.437,2.0,0.40230437535769853,0.2845528466266395,1.4138125111735538,0.2076509525650041,0.6868572219843381,0.7556435041749174,0.29356608418168406,0.5645574336346838,1.0041074801038001,0.10513073435962164,30.038979775800122,4.992405613433963,26.214209031070983,3.654489691173737,0.0,24.0,0.07377117521372932,0.10398499361939663,1.4037905115759979,1.2912632488170048,1.3861115151535393,41.248795355864885,16.405715416050413,2.6949138502817815,0.11465520604810678,0.8059027777777777,1.0062369524253376,4.827659762274379,7.189782031956129,0.6930557575767696,108.87283214456367,47.23202365740741,8.52307193817878,389.40971910028594
B0005,NASA_18650_LCO_2AH,135,2008-05-20 01:16:42.609,2.0,0.41632447414458457,0.2770593986285214,1.5026542158617089,0.21126473494401865,0.693383872773106,0.8016304734525266,0.30635156229674854,0.570552589127121,1.0036729593578384,0.10129919532885735,30.44925709999368,2.403488128509508,26.418135656045987,4.360372440212318,0.0,24.0,0.07377117521372932,0.10398499361939663,1.4037905115759979,1.2912632488170048,1.3698500035838939,41.16242984455477,16.581425997164004,2.6973343716306273,0.1160790421356631,0.8032508333333334,1.0062120341452188,4.763657674125058,7.048512392904666,0.6849250017919469,109.56588790214045,47.41042842592592,8.491420016583747,393.0642087914597
B0005,NASA_18650_LCO_2AH,136,2008-05-20 06:12:06.265,2.0,0.40302519110188945,0.28329681265363155,1.4226252198725913,0.19864537666542562,0.686322003755521,0.8074513536893039,0.29965091948805916,0.5726269696911169,1.0040225709480466,0.10406325462903163,30.051459766235475,3.663487015627492,26.041050682309145,3.568416208302455,0.0,24.0,0.06268986073242161,0.0959630184520173,1.1929243557965734,1.1916480893982002,1.3647827949260758,41.16437554618679,16.824088857786005,2.642540259937964,0.08384721172821406,0.8008377777777778,1.0062005822424696,4.73682141646447,6.918011503159323,0.6823913974630379,110.2508129039324,47.615563333333334,8.464989037037038,397.424581231672
B0005,NASA_18650_LCO_2AH,137,2008-05-20 11:07:23.453,2.0,0.39879782219605153,0.28426231710655386,1.4029218700314185,0.19934912707171915,0.6830601393026055,0.7953789148883126,0.29941619630399513,0.5773156254143195,1.0034822921847082,0.1044654304640538,29.83228995796081,3.6441505853947476,25.78429991090836,3.2274345471672494,0.0,24.0,0.06227232322406324,0.09736109895877515,1.1849790412375683,1.209009151936431,1.3543220466259964,40.864216180205034,16.834078143384914,2.699226257883075,0.11719191640180869,0.7981813888888889,1.0061785068899072,4.699798560971075,6.688791732888393,0.6771610233129982,110.93320430139543,47.82062337962963,8.438933537581699,400.99299743997443
B0005,NASA_18650_LCO_2AH,138,2008-05-20 15:57:27.312,2.0,0.3937704338059997,0.2782366307935702,1.4152357724261284,0.21938999004137,0.6720070645995699,0.709067180228613,0.2973882836136694,0.5831312617490616,1.0039007579415953,0.10479768196075698,29.749204122508385,3.733133813161693,25.89460433493637,3.129620545056232,0.0,24.0,0.06575210938524553,0.09678024769418919,1.2511958363642381,1.2017962660681683,1.3546417018378962,41.25434553511566,16.852627247164698,2.676480329780849,0.10381195869461707,0.7983419444444444,1.0062113558267267,4.701433853815084,6.974334574731339,0.6773208509189481,111.61036532470844,48.02205693287037,8.412623112327655,404.2204319871417
B0005,NASA_18650_LCO_2AH,139,2008-05-20 20:50:39.015,2.0,0.3954805712739528,0.27756812619511345,1.424805419782066,0.21869845567922955,0.6730486974690663,0.7127801373211318,0.29667890619451875,0.5815957359577767,1.003636058445799,0.10439533205352769,30.125015931862148,3.700609937670901,26.21291162607548,3.7474069955281792,0.0,24.0,0.06872680433077531,0.09446834694745854,1.3078012588381183,1.1730875806583052,1.3547039213192407,41.45023191903855,16.802419719130263,2.642142168479886,0.08361304028228576,0.7983983333333333,1.0062063243609598,4.700059425369924,7.127390304629461,0.6773519606596203,112.28768617562739,48.22566460648148,8.38707210547504,407.35005253219794
B0005,NASA_18650_LCO_2AH,140,2008-05-21 01:39:38.968,2.0,0.39271830013672854,0.2826176973390754,1.3895743371327909,0.20655874516409278,0.675335997475804,0.7507290342921429,0.29739920815144555,0.585131579981478,1.0032827625228753,0.10442365091112238,30.142009338201902,3.6567742225030244,26.189195744166067,3.7302238061306388,0.0,24.0,0.06636639196501472,0.0963791909776373,1.2628850097359254,1.1968160301634552,1.349314997503458,41.27708509224051,16.86992626932048,2.644725254926797,0.085132502898116,0.7958288888888889,1.0061663579529363,4.677807532945345,6.938378991720847,0.674657498751729,112.965038136287,48.426358506944446,8.361385641486809,411.09745952772613
B0005,NASA_18650_LCO_2AH,141,2008-05-21 06:24:27.281,2.0,0.38870998734053913,0.2867514918009403,1.3555639561679955,0.19241358942111497,0.6754614791414795,0.7935336403052993,0.29582824930235685,0.5894812521826225,1.003383567779946,0.10507553614196388,29.843375053160454,3.649666487658365,25.925635492800915,3.259293798806527,0.0,24.0,0.06550607016572779,0.09620469513615286,1.2465139599967556,1.194649178396315,1.3441891937970554,41.064605154983276,16.992861173350608,2.632270655366611,0.07780626786271226,0.7930813888888888,1.0062058119160164,4.654894919551981,6.713438303851563,0.6720945968985277,113.63969563503873,48.62413990740741,8.335566841269841,414.8276833338568
B0005,NASA_18650_LCO_2AH,142,2008-05-21 11:18:06.015,2.0,0.38555901329641074,0.28606581342101073,1.3477982846383467,0.19444021743656092,0.6716248267174214,0.7701539113129645,0.2923810702664399,0.5936878393688355,1.0036862747601036,0.10568650058946034,29.564480083595075,3.6573879830991842,25.56161801380306,2.863648435972977,0.0,24.0,0.06612971482768061,0.09797726080516214,1.2583812842803663,1.2166605170023834,1.3389913790695755,40.99284868101728,17.119459396598053,2.6391006118876117,0.08182388934565393,0.7932291666666667,1.0062968180547887,4.634043783921676,6.633772863554264,0.6694956895347878,114.31179023193727,48.82806043981482,8.311159223798267,418.0869771326633
B0005,NASA_18650_LCO_2AH,143,2008-05-21 16:10:21.203,2.0,0.3829028773184148,0.28111098898047476,1.3621056865335046,0.21257786225205372,0.6640138662988896,0.7001941722169207,0.29258146278959585,0.5967432879884125,1.0038615864939082,0.10581999777544189,29.574314879183014,3.729778777671555,25.662187990962515,2.8826178186687788,0.0,24.0,0.06564061342572042,0.09758837752577222,1.2490741815362247,1.2118314482177703,1.3389145230206971,41.29040553417739,17.11552679572819,2.637841830893275,0.08108342993722055,0.7932205555555556,1.0063494751133237,4.635827607544223,6.863916111381837,0.6694572615103486,114.98128592147205,49.03101400462963,8.286931944444445,420.9506255686363
B0005,NASA_18650_LCO_2AH,144,2008-05-21 21:02:09.781,2.0,0.38423735447989343,0.281850137483422,1.3632682858664902,0.20678198790634558,0.6660874919633155,0.7223493651009788,0.29258127763996017,0.5959687988839281,1.003582126255244,0.10555228902868234,29.926917344820954,3.6688306674388116,25.980230716549915,3.403148968664262,0.0,24.0,0.0679996643129399,0.09635650857901241,1.2939645230850652,1.1965343650239013,1.3340066759761655,41.22740227746052,16.94107875320008,2.668286095904868,0.09899182112051069,0.7909547222222222,1.0062035445383986,4.620051113503153,6.85715846189346,0.6670033379880828,115.6507431829824,49.233659583333335,8.262991818181817,423.8332433873051
B0005,NASA_18650_LCO_2AH,145,2008-05-22 01:42:59.218,2.0,0.38025170532322883,0.28800309529264356,1.320304228941353,0.18775028638822178,0.6682548006158724,0.7829128680736739,0.29103347433649807,0.5994136527476547,1.0034469756091409,0.10586180385523315,29.766294155994522,3.6499542239791936,25.8806869522218,3.1426545519007676,0.0,24.0,0.06561799379833091,0.09758440139320719,1.2486437530089203,1.2117820734601736,1.3286444309174914,41.04619550953222,17.033092779215078,2.6490198126838553,0.0876587133434443,0.7909333333333334,1.006124147998625,4.596155224182043,6.68550949319973,0.6643222154587457,116.31774652097047,49.428676215277775,8.238112702546296,427.2363923559694
B0005,NASA_18650_LCO_2AH,146,2008-05-22 06:32:40.921,2.0,0.3770699974009619,0.28450244225708304,1.3253664669688476,0.2028282808741751,0.6615724396580449,0.7149913912936164,0.28950327755139577,0.6039609086535581,1.0035656851059993,0.10654237359444622,29.462747298392184,3.6667988415576502,25.489728914515275,2.731928329778113,0.0,24.0,0.06654046036870856,0.096911648445805,1.2661973546018253,1.2034279722934862,1.3231708992276219,40.85874389007758,17.143683343394873,2.664058512378051,0.09650500728120641,0.7881466666666667,1.0061977908887627,4.574089307250407,6.49306379097952,0.6615854496138109,116.98206873642921,49.62985333333333,8.214596413793103,430.37904690787013
B0005,NASA_18650_LCO_2AH,147,2008-05-22 11:23:22.187,2.0,0.37226178561389256,0.28883012379283907,1.2888606634274193,0.188007884513653,0.6610919094067316,0.758037553700068,0.28820626398506793,0.6099073277673855,1.0033438075739787,0.10685488126824713,29.271930927566483,3.706644440810347,25.273691508203626,2.4639240413495815,0.0,24.0,0.0627579375042911,0.09939484977444142,1.194219787598117,1.2342638314254106,1.3181691588445197,40.79196924883506,17.21494663380883,2.6883611693898826,0.1108006878764015,0.7881336111111111,1.0062616387013972,4.556487343603193,6.451036516369,0.6590845794222598,117.64365418604302,49.83171983796296,8.191515589802131,433.11097523764823
B0005,NASA_18650_LCO_2AH,148,2008-05-22 16:17:58.890,2.0,0.37155132243762096,0.28775921561286283,1.2911882630785796,0.18567369915850215,0.6593105380504838,0.7643766163162132,0.28734885761262374,0.6121637685871444,1.00400223504432,0.10696601604200896,29.36355715804258,3.7742985637355453,25.44947305264886,2.608356316174936,0.0,24.0,0.06619115173911669,0.09772497790507893,1.2595503662840708,1.213527722299575,1.3184664436640334,41.14127834456325,17.181400036546375,2.6869753836302124,0.10998551978247786,0.7884763888888888,1.0064030904177208,4.560064574510617,6.723916586501022,0.6592332218320167,118.30273876546528,50.03631130787037,8.169193682917612,435.5748992789978
B0005,NASA_18650_LCO_2AH,149,2008-05-22 20:59:50.203,2.0,0.37220882928053106,0.28189423775520606,1.3203846647747406,0.20644280844277085,0.6541030670357371,0.689798853475258,0.2878540002231321,0.612855684620319,1.0041462364585092,0.10664712386738037,29.66310389082133,3.697429555203996,25.781794240772307,2.996100708815524,0.0,24.0,0.06281676469113283,0.09806630032828102,1.1953392091943147,1.2177661906182942,1.318293040102702,41.14429319149828,17.17649036664845,2.6507536817766586,0.08867863633921093,0.7856466666666666,1.0063233803852323,4.556441757090779,6.679919462289148,0.659146520051351,118.96197198729729,50.23204409722223,8.145736880630631,438.18325559517274
B0005,NASA_18650_LCO_2AH,150,2008-05-23 12:13:16.359,2.0,0.37120939617635534,0.28594760682679243,1.2981727654469315,0.19356510129287685,0.6571570030031477,0.7345903647077867,0.2882277149300999,0.6135758538529849,1.0040186105966487,0.1067351826540833,29.609551859753193,3.6968548109109847,25.68864253357384,2.9550533585064223,0.0,24.0,0.06887676747142503,0.10396335512918535,1.3106549050396366,1.290994546707237,1.323872422244268,40.66184230912503,17.067488373971276,2.6646322789106516,0.09684251700626562,0.7884069444444444,1.0063744873584544,4.57272096538488,6.397493547880353,0.661936211122134,119.62111850734864,50.86637460648148,8.193241547352722,441.17935630398824
B0005,NASA_18650_LCO_2AH,151,2008-05-23 20:14:29.875,2.0,0.35942432309394523,0.3002161472925254,1.1972184898672995,0.1825976163299782,0.6596404703864707,0.7234588204447328,0.2765324506783147,0.5929455785883995,1.0034730131927951,0.10835107454287615,29.24035466838343,5.035026259608276,25.5473433758295,2.5249316627736116,0.0,24.0,0.06805813799956184,0.09504439844529057,1.2950772179312422,1.1802408640570525,1.3601216766554785,41.046694544970684,16.80901297546481,2.6400211837268666,0.08236540219227444,0.7957075,1.0063200320550003,4.719637066371033,6.799524865242699,0.6800608383277392,120.28305471847078,51.20055881944444,8.192089411111112,444.13440966249465
B0005,NASA_18650_LCO_2AH,152,2008-05-24 01:09:21.562,2.0,0.3927404448276722,0.28981741411717976,1.3551305926403479,0.19253604471547905,0.682557858944852,0.7958383885891346,0.29370258490676454,0.584747464776361,1.0034190005896406,0.10536228004970084,29.82861578831074,3.6572754369174056,25.858105200686058,3.2657350404962835,0.0,24.0,0.07226336102228542,0.09995753406870098,1.375098339477123,1.241251123769951,1.3395306867947354,41.0462053156659,16.878831157267893,2.674198661305034,0.102469800767667,0.7906638888888888,1.0063575481266587,4.642092636427401,6.7562365208703845,0.6697653433973677,120.96311555679851,51.405323715277774,8.170382577262693,446.65934132526826
B0005,NASA_18650_LCO_2AH,153,2008-05-24 06:00:20.156,2.0,0.3830649026399162,0.2827889845113616,1.3545962641526716,0.21030495918725037,0.6658538871512778,0.7146732097181875,0.2953655827378806,0.5965973851048456,1.0037392980043591,0.10599274990747443,29.749012593536026,3.67170896923842,25.762271564177254,3.1070679538419226,0.0,24.0,0.07002750623741145,0.10259803672116745,1.3325522945866284,1.2740403168530747,1.3290286565120697,40.868302643225604,16.880907780114512,2.696427051131168,0.11554532419480475,0.7883247222222223,1.006283403204209,4.602379148309772,6.614130970839143,0.6645143282560348,121.63288090019589,51.60739077546297,8.148535385599414,449.92507636576454
B0005,NASA_18650_LCO_2AH,154,2008-05-24 10:42:50.484,2.0,0.37638340929193126,0.2859243024905868,1.316374317800899,0.19813798725706372,0.662307711782518,0.7393148684520844,0.2929727199686659,0.6053359237964004,1.003633768325533,0.1065770691621872,29.560275150643996,3.6670369732698305,25.665322106933754,2.8463844339024087,0.0,24.0,0.0697195186574197,0.10326904317005718,1.3266916038598902,1.2823727303774903,1.3236741274998955,40.85283588259973,16.976331560766265,2.6928340297696836,0.1134317822174609,0.7883766666666666,1.0062267048500995,4.580751538533595,6.573808053341201,0.6618370637499478,122.29739522845192,51.803575127314815,8.126051000363109,453.03214431960646
B0005,NASA_18650_LCO_2AH,155,2008-05-24 15:31:10.593,2.0,0.3728003691489486,0.2891093165294141,1.289478917453981,0.1874776969851489,0.6619096856783626,0.7668222549319694,0.2902477937500344,0.6111796852061409,1.003931344255806,0.10668285976390737,29.475615420352657,3.7066071073683595,25.533014977562825,2.73863947546409,0.0,24.0,0.0700279818699333,0.10403538535557699,1.3325613453902685,1.2918890025407772,1.318633896753293,40.85270645265791,17.052224205928912,2.681747855329962,0.1069105031352718,0.7860674999999999,1.0062279075015577,4.55956785424845,6.524519502441208,0.6593169483766465,122.95923229220186,52.00380787037037,8.104489538239537,455.8785287535089
B0005,NASA_18650_LCO_2AH,156,2008-05-24 20:21:13.437,2.0,0.37006569279304846,0.2890210218305749,1.2804109881314334,0.1882457572641402,0.6590867146236233,0.7534096347920998,0.2884727135057881,0.6134496409556666,1.0039658617050558,0.1071492970212457,29.414812446477324,3.700068447001911,25.460985558962392,2.668937424016185,0.0,24.0,0.0702078213141861,0.10099264674954225,1.335983507294532,1.2541049300417193,1.3134751321324272,40.8263251809212,17.073884711003092,2.696791414385091,0.11575965552064166,0.7860069444444444,1.0062994620163157,4.540752096352634,6.5070225375394495,0.6567375660662136,123.6185492405785,52.20522967592592,8.083390401433691,458.61716822897296
B0005,NASA_18650_LCO_2AH,157,2008-05-25 01:06:49.828,2.0,0.3665348084690563,0.2903592535935491,1.262349325194797,0.18433287107313515,0.6568940620626054,0.7589819080384976,0.28731792658208366,0.6195100211145875,1.0038803219602865,0.1072004158082771,29.395124167825006,3.718636530236413,25.497401087996412,2.639417470378395,0.0,24.0,0.07030574662410449,0.10191157223052189,1.3378469264485353,1.2655159486963299,1.3132020634442203,40.90308836809665,17.13240503208761,2.664695973142795,0.09687998420164401,0.7831769444444444,1.0062437125539818,4.536994705034424,6.505607128229555,0.6566010317221102,124.27528680664471,52.40356753472223,8.062087313034189,461.28610565298914
B0005,NASA_18650_LCO_2AH,158,2008-05-25 05:57:17.890,2.0,0.36626280790665655,0.2883612132766636,1.2701528167041491,0.19154272201538694,0.6546240211833201,0.7259693995099556,0.2856970585207186,0.6196420029447015,1.003502163398997,0.10710036644703105,29.410028325661973,3.7202306215961976,25.448154568524693,2.6559849075606112,0.0,24.0,0.07000304900876803,0.10161038727844927,1.3320868983744951,1.261775898847103,1.3077959946944353,40.84337405460518,17.144633756028966,2.679191623358613,0.10540683726977237,0.7832163888888889,1.0062749682529453,4.516974557794419,6.469773521695699,0.6538979973472177,124.93188783836682,52.60528121527778,8.0415716507431,463.92552312336755
B0005,NASA_18650_LCO_2AH,159,2008-05-25 10:51:37.015,2.0,0.3634222796774995,0.2862242880254309,1.2697115312951845,0.19852740351676199,0.6496465677029304,0.694240682045926,0.28536954274552795,0.6240133461554704,1.003961145354556,0.10755960854805768,29.31427764174688,3.707352391899356,25.331277760037743,2.545160365899801,0.0,24.0,0.07006585947399292,0.10378625343091052,1.3332821177112473,1.2887953359718651,1.3030329186405918,40.81792110626284,17.136595173963784,2.699983457940659,0.11763732820038775,0.7807422222222222,1.0063601895781233,4.50015461396936,6.439417041685919,0.6515164593202959,125.58578583571403,52.80966923611111,8.0217219092827,466.58150803092815
B0005,NASA_18650_LCO_2AH,160,2008-05-25 15:37:08.890,2.0,0.36073492431382337,0.2893129628694017,1.2468674756658877,0.18724116742569505,0.6500478871832251,0.7311285062151945,0.2855927033206958,0.6266906288296008,1.0034055522936238,0.10762250239768795,29.362572362769285,3.7229082534862066,25.474169291837303,2.610627185596176,0.0,24.0,0.06998984093080622,0.1043885858126756,1.331835562070509,1.2962749697254856,1.3033573559038205,40.946993847659506,17.193506729456985,2.666300786624286,0.09782399213193282,0.7809680555555556,1.0063278486519072,4.499142953616888,6.501876233952031,0.6516786779519103,126.23730229503433,53.00795482638889,8.001200728511531,469.12666839682794
B0005,NASA_18650_LCO_2AH,161,2008-05-25 20:23:04.453,2.0,0.36119967513184825,0.28788633177943196,1.2546607276279305,0.19215654443186458,0.6490860069112803,0.7153148297596507,0.2863332053297184,0.6265375665087225,1.003471327722549,0.10749758043073256,29.411970172612595,3.708719336391141,25.517578140682183,2.679419183033489,0.0,24.0,0.07120135205538723,0.10298381150553725,1.3548893878558284,1.278830785016205,1.3034100438655642,41.074938058306316,17.28386994251861,2.6308501373847837,0.07697066904987275,0.7784505555555555,1.0062684984143826,4.496473854032505,6.533824531813386,0.6517050219327821,126.88898097298623,53.20651458333334,7.9809771875,471.7372955824241
B0005,NASA_18650_LCO_2AH,162,2008-05-26 01:13:02.796,2.0,0.36054877006736863,0.2895479881516177,1.2452124835899954,0.18823767082484802,0.6500967582189863,0.723675143564446,0.28433763671086437,0.6279043513131206,1.0033892565753484,0.10776033508127575,29.44296145322608,3.7003384240400834,25.507755071863212,2.7230565272245664,0.0,24.0,0.07038444587913274,0.10416237482630031,1.3393444933119705,1.293465930430314,1.2978870806495706,41.02476444658572,17.187167414624017,2.673348140468748,0.10196949439338118,0.7782291666666666,1.0062539827952497,4.479091180156837,6.54268253044597,0.6489435403247853,127.54068599491902,53.40788429398148,7.96142374568668,474.4167147654576
B0005,NASA_18650_LCO_2AH,163,2008-05-26 06:01:08.171,2.0,0.35736207340446474,0.29267626055561424,1.2210148924123332,0.17627034397050145,0.650038333960079,0.7681814822945048,0.28506616071613966,0.6341859043347264,1.0040148226861327,0.1078669024445125,29.42301028796411,3.701257472072413,25.501142838576612,2.7021495931323174,0.0,24.0,0.06816987493111405,0.1045943514924026,1.2972034582120995,1.298830123607322,1.2980735056918902,41.06214198725253,17.31087096313411,2.632763831012711,0.07809637118394754,0.7783419444444444,1.006357866830766,4.475560134264362,6.51070723570237,0.6490367528459451,128.1896295352438,53.60794650462962,7.941918000685871,477.13977129268216
B0005,NASA_18650_LCO_2AH,164,2008-05-26 10:44:38.468,2.0,0.35708524105934797,0.28759265262601336,1.2416354770470626,0.19251542601480623,0.6446778936853613,0.6967119425581123,0.2825188720265024,0.6331931356105436,1.0034751650550646,0.10795240654950596,29.346694244289665,3.684879081266857,25.47614046458346,2.6055009609199393,0.0,24.0,0.07265801441393265,0.09967208550175187,1.3826081925457583,1.2377064849610286,1.293463613844243,40.98366325567302,17.24223911400345,2.6687371180046218,0.09925712823801279,0.7759416666666666,1.0065105473665708,4.461085527401924,6.480379666242961,0.6467318069221215,128.83866628808974,53.80482494212963,7.922182813565099,479.8419208858145
B0005,NASA_18650_LCO_2AH,165,2008-05-26 15:30:43.968,2.0,0.3544754666861766,0.2888906857149703,1.2270228276670823,0.1878366637128945,0.6433661524011469,0.7160394801551995,0.28541831846533644,0.6375748463047979,1.0039257661441496,0.10816734782614526,29.392476256063365,3.725631700913194,25.50648704649774,2.6644214742994894,0.0,24.0,0.06939891811278208,0.1008661399149555,1.3205909012309232,1.2525339954237498,1.288003392619118,40.98234242711097,17.17836390863123,2.696396337945361,0.11552725761491825,0.7759416666666666,1.0063965097657575,4.443011885496518,6.5115965894302015,0.644001696309559,129.48539809501187,54.00349971064815,7.902951177168021,482.4474218467344
B0005,NASA_18650_LCO_2AH,166,2008-05-26 20:21:04.921,2.0,0.35289183909300603,0.2863214746840956,1.2325021686414122,0.19457112870577303,0.6392133137771017,0.6829863657666324,0.2832325926217608,0.6411332361644153,1.0040209376316604,0.10811513871004658,29.451852683469095,3.7262351720624984,25.517452651606238,2.731857432893701,0.0,24.0,0.06780034964898335,0.10285163938741561,1.2901717675369864,1.2771895001277964,1.2874525221379407,41.06375085817118,17.214629087918496,2.6794834862925194,0.10557852134854083,0.7756902777777778,1.0064535248274662,4.439626430316557,6.54929864682721,0.6437262610689704,130.12939979132145,54.20513111111111,7.884382707070707,485.1118433210339
B0005,NASA_18650_LCO_2AH,167,2008-05-27 15:52:41.359,2.0,0.35210341583273713,0.29222859456095984,1.2048903556453372,0.17475824512586435,0.6443320103936969,0.7592604233930785,0.283467282572553,0.6419726491704014,1.0036562869336636,0.10801598280633869,29.48700718737772,3.698472154716246,25.664855251476258,2.786605814120115,0.0,24.0,0.06802794046270962,0.10559631819388048,1.2945025894861442,1.311272330248141,1.3090153642307354,41.047029587744966,16.112924765882955,2.6787137407179737,0.10512572983410219,0.7783377777777778,1.0064412088946633,4.527855496768325,6.812483684079386,0.6545076821153677,130.7731260523904,55.018747291666664,7.954517680722891,487.84370075392764
B0005,NASA_18650_LCO_2AH,168,2008-05-27 20:45:42.125,2.0,0.36134483267529377,0.29130358231282494,1.2404407429052233,0.19374806155686408,0.6526484149881187,0.6924727983125064,0.2793265236751159,0.6176660624081893,1.0039135905779004,0.10868725792058219,29.072715879630877,4.401144527025934,25.433646971948875,2.1876383594399442,0.0,24.0,0.06802794046270962,0.10559631819388048,1.2945025894861442,1.311272330248141,1.3250793286429356,41.051007697556734,15.957710564427973,2.655378369801326,0.0913990410596034,0.7834416666666666,1.006585393951015,4.591985792786426,6.974825314330192,0.6625396643214678,131.42763373450578,55.22222837962963,7.93612862940785,490.63030656804773
B0006,NASA_18650_LCO_2AH,1,2008-04-02 15:25:41.593,2.0,0.18281000604003608,0.23615377234269905,0.7741142724059081,0.14511393533689665,0.41896377838273513,0.6488047328355048,0.3868028532079601,0.6630133375088879,1.000503131669508,0.11097599892288186,27.35587045298397,2.673656631075506,25.318868966701046,0.813742156739767,0.0,24.0,,,,,2.035337591005598,39.16298653238707,14.885419022055185,2.4757677568281857,-0.01425426068930251,1.025065,1.005469583360116,7.238503650862054,7.444254381664319,1.017668795502799,0.0,0.0,0.0,0.0
B0006,NASA_18650_LCO_2AH,2,2008-04-02 19:43:48.406,2.0,0.7850564652279655,0.2437727654333302,3.22044368747357,0.39599153116544894,1.0288292306612956,1.3938039098343207,0.5307771763961708,0.6614611311782835,1.0017838457954715,0.10744267068464494,31.874973194517526,0.0,27.09775038276125,4.308356381856113,0.0,24.0,,,,,2.0251402460314116,39.2462026826329,14.597592064472941,2.35152551190002,-0.08733793417645894,1.0200955555555555,1.0053888110916616,7.212320480912238,7.551842129820749,1.0125701230157058,1.017668795502799,0.17924552083333334,4.3018925,0.813742156739767
B0006,NASA_18650_LCO_2AH,3,2008-04-03 00:01:06.687,2.0,0.7843921043750242,0.2423284577071658,3.236896360329458,0.39333857026666463,1.02672056208219,1.3973549752237329,0.5290723855611498,0.6567485647817012,1.0019459798100756,0.10557118200324796,32.149172607204065,0.011544528036196766,27.243309503530377,4.580691892536609,0.0,24.0,,,,,2.013326371345464,38.999202460252846,14.29514474122907,2.4404797151065436,-0.035011932290268465,1.0143447222222222,1.0052786992686547,7.1813390888110655,7.454863910929227,1.006663185672732,2.0302389185185046,0.3579293287037037,4.295151944444445,5.12209853859588
B0006,NASA_18650_LCO_2AH,4,2008-04-03 04:16:37.375,2.0,0.777036331974409,0.24285181859613023,3.199631507255985,0.39650739375111227,1.0198881505705393,1.3892589393915782,0.5353554296816706,0.6257031313822659,1.001747344802295,0.10336579065499524,32.01707420321111,0.006197617584234649,27.173138796303842,4.418311286571879,0.0,24.0,,,,,2.0132846655407413,38.843627771866515,14.193124671410438,2.4791558539003917,-0.012261262411534277,1.0087675,1.0051582673587725,7.144755311437637,7.315392683126079,1.0066423327703706,3.0369021041912365,0.5353678472222222,4.2829427777777775,9.702790431132488
B0006,NASA_18650_LCO_2AH,5,2008-04-03 08:33:25.703,2.0,0.7714103224977644,0.24169565891415062,3.191659810389629,0.3847370648597142,1.013105981411915,1.4005522197274956,0.5274192766262099,0.6062639750964666,1.0014004533774639,0.10173731540369249,31.921070464263895,0.000875277346636949,27.058181783567154,4.208083560063139,0.0,24.0,,,,,2.000528337624771,38.97798888258284,14.343782682671154,2.280187848173442,-0.1293012657803283,1.0081033333333334,1.0051226740685975,7.130692106864432,7.228373065340852,1.0002641688123854,4.043544436961607,0.7137049768518519,4.282229861111111,14.121101717704367
B0006,NASA_18650_LCO_2AH,6,2008-04-03 12:55:10.687,2.0,0.7691612571496672,0.24427350915021726,3.1487706475051382,0.3884208661945728,1.0134347662998844,1.3818252429049038,0.5269567591723442,0.6204486978496228,1.0016688181856765,0.10259164526382385,32.03240226041504,0.0,27.010664589975644,4.167012808325541,0.0,24.0,,,,,2.0138990759931645,38.83989920742278,14.496499603062826,2.4392842568466446,-0.03571514303138551,1.0145225,1.005348277542425,7.196417426972502,7.255283768431873,1.0069495379965823,5.043808605773993,0.895475625,4.298283,18.329185277767508
B0006,NASA_18650_LCO_2AH,7,2008-04-03 17:17:16.015,2.0,0.7641968629352939,0.24233666959794753,3.153451199219751,0.38764917593189246,1.0065335325332414,1.3735900759501058,0.5260618738473011,0.5967382076816792,1.0017891106435186,0.1008856030525064,32.00263278190103,0.006613555586199027,27.092063790042364,4.347303579009248,0.0,24.0,,,,,2.013101105626967,39.04610837498471,14.615161985540034,2.2812068449406446,-0.12870185591726785,1.0141188888888888,1.00533354362915,7.189220553920826,7.328174784245046,1.0065505528134835,6.050758143770575,1.077481736111111,4.309926944444444,22.49619808609305
B0006,NASA_18650_LCO_2AH,8,2008-04-03 21:28:14.718,2.0,0.7616737846277953,0.2437850458422618,3.124366305710335,0.38207945749033073,1.0054588304700571,1.3894152603911696,0.5263438346930178,0.6077759021763667,1.00154537053233,0.10081050647418935,32.2043613029437,0.0,27.295000789108386,4.520793211618567,0.0,24.0,,,,,1.9687898262728398,38.87507521022778,14.224639738796085,2.366410527029613,-0.07858204292375708,0.9923480555555555,1.0050755674414298,7.0266135665470975,7.158670080990375,0.9843949131364199,7.057308696584059,1.2517722800925926,4.291790674603175,26.843501665102295
B0006,NASA_18650_LCO_2AH,9,2008-04-04 01:38:15.218,2.0,0.7577766627761682,0.2412222690203266,3.1414042504575397,0.39541316893698736,0.9989989317964948,1.3539111557082757,0.5334095781175864,0.5942475723229125,1.001592299110006,0.09993973916121807,32.08909051113987,0.00216717872072536,27.231094729512908,4.382469267469643,0.0,24.0,,,,,1.9681661764334244,38.7260539826455,14.161077074102831,2.436020049578708,-0.037635264953701245,0.9862761111111111,1.0051621031736018,6.985844010056409,7.040846474699571,0.9840830882167122,8.041703609720479,1.4253891782407409,4.276167534722222,31.364294876720862
B0006,NASA_18650_LCO_2AH,10,2008-04-04 05:48:08.609,2.0,0.7490749493499731,0.24487413703153013,3.059020266088826,0.38687513223370606,0.9939490863815033,1.357376387681935,0.5293742810795719,0.5860664337927111,1.001148236838893,0.09953915461552203,31.997731444743632,0.003546768341369244,27.153987730434693,4.2310367297308265,0.0,24.0,,,,,1.9572307917560536,38.98629728904917,14.460863042368572,2.1864377487643725,-0.18444838307978087,0.9864583333333333,1.0051607168071333,6.975986450772247,7.0041329435127935,0.9786153958780268,9.02578669793719,1.5989237962962963,4.263796790123457,35.74676414419051
B0006,NASA_18650_LCO_2AH,11,2008-04-04 09:57:19.765,2.0,0.7485862591183492,0.24636109645781315,3.03857333143202,0.3766748671390074,0.9949473555761623,1.3858583466770802,0.5266398585220582,0.59835572698031,1.0014958913785676,0.10128223319621199,32.16534007453746,0.006812099116388026,27.145539720170813,4.171169485209924,0.0,24.0,,,,,1.9455991514129352,38.65978861919643,14.24774098008703,2.3406023605912454,-0.09376331729926742,0.980625,1.0051896017083102,6.940959809963384,6.843453283541162,0.9727995757064676,10.004402093815218,1.7719695833333333,4.252727,39.97780087392133
B0006,NASA_18650_LCO_2AH,12,2008-04-04 17:56:27.609,2.0,0.612590013634244,0.24617689560177003,2.488413914281371,0.33783483904536354,0.8587669092360141,1.2124116583820963,0.5047260918663271,0.39098456419101035,1.001022605922047,0.09435459773362069,30.352216278441432,0.01746476287451415,27.100618830315568,3.976123869990524,0.0,24.0,,,,,1.9347505044841131,38.84979195732924,14.183724388640751,2.4263021374140443,-0.04335168387409157,0.9697266666666667,1.0051298426151087,6.8660659568670885,6.99981908041595,0.9673752522420566,10.977201669521685,2.1046992592592595,4.592071111111111,44.148970359131255
B0006,NASA_18650_LCO_2AH,13,2008-04-04 22:01:54.671,2.0,0.7303043248272386,0.2443229458078297,2.9890942945125856,0.36841966586114244,0.9746272706350683,1.3570530918090076,0.5169614466007747,0.5719441092446076,1.0015479098300641,0.09869200377223744,32.18060237026164,0.005764186139060712,27.346430051525438,4.536514288089953,0.0,24.0,,,,,1.9232799539368028,38.75128344015104,13.91798085591655,2.4753697700007034,-0.014488370587821557,0.9639669444444444,1.0051717370563442,6.826356321087384,6.942577803125168,0.9616399769684014,11.944576921763742,2.275151365740741,4.550302731481481,48.12509422912178
B0006,NASA_18650_LCO_2AH,14,2008-04-05 02:20:26.703,2.0,0.724606924374987,0.243401419358029,2.977003687150367,0.38107420208897874,0.968008343733016,1.3277997570249533,0.5272997334190793,0.5681498752868046,1.0016964419109566,0.0983377805114997,32.076511477048484,0.006579434066686929,27.13044941257913,4.340722349539542,0.0,24.0,,,,,1.911889930948487,38.76853764058789,14.137887545501862,2.342364523655007,-0.09272675079117246,0.9638888888888889,1.0051611321910976,6.819690810135542,6.830513059732501,0.9559449654742435,12.906216898732144,2.454688773148148,4.53173311965812,52.66160851721173
B0006,NASA_18650_LCO_2AH,15,2008-04-05 06:25:01.890,2.0,0.7222481587513305,0.2463857149530923,2.9313718834030147,0.3670679146779989,0.9686338737044229,1.3427405563388712,0.5151650180701682,0.5743547931020383,1.0014286762751858,0.09870142990351156,32.07848903390586,0.006321424484823979,27.16494621497475,4.137489063999437,0.0,24.0,,,,,1.9010667141979305,38.84686112344348,14.38494548416326,2.188400081882664,-0.18329406948078594,0.9584158333333334,1.0052499939137711,6.772698735839153,6.689231083647903,0.9505333570989652,13.862161864206387,2.624540474537037,4.499212242063492,57.00233086675127
B0006,NASA_18650_LCO_2AH,16,2008-04-05 10:30:32.312,2.0,0.7170845366696007,0.24643550545535106,2.9098263819156047,0.37338236069907754,0.9635200421249518,1.3378167524031468,0.5260262711286429,0.5791413365658022,1.0018658387619286,0.10075425327357958,32.105341901779,0.008534041201606613,27.122265060515833,4.0434058394721815,0.0,24.0,,,,,1.8891989948061458,38.865889781652804,14.59716866851159,2.1206980945954057,-0.22311876788505544,0.9526130555555556,1.005199260919094,6.724576165134802,6.546619618333597,0.9445994974030729,14.812695221305352,2.7950314699074075,4.472050351851852,61.13981993075071
B0006,NASA_18650_LCO_2AH,17,2008-04-05 14:34:41.468,2.0,0.7100577148292585,0.25090379832162485,2.8299998571725897,0.36415417297210106,0.9609615131508833,1.331190099940162,0.5155124720136562,0.5789320032300008,1.001035980600733,0.10159077475743283,32.085857911982885,0.0006173521347108135,27.091186922536306,3.9727907207022533,0.0,24.0,,,,,1.878278372248849,38.647578733807656,14.292860582139127,2.369981457799298,-0.07648149541217755,0.9470788888888889,1.005227077153904,6.694353932414593,6.525464951096371,0.9391391861244245,15.757294718708426,2.964581886574074,4.446872829861111,65.18322577022289
B0006,NASA_18650_LCO_2AH,18,2008-04-05 18:39:25.218,2.0,0.7025109401657522,0.2485134282289718,2.826853034698214,0.3680066703682352,0.951024368394724,1.3149344500139457,0.5201625814415556,0.5718782845526352,1.0014270718981881,0.09911300267066152,31.9088312502423,0.0,27.064754224863968,3.95364913636279,0.0,24.0,,,,,1.8675697161520206,38.79218188173866,14.407922850132987,2.247991649924625,-0.14824020592669113,0.9417838888888889,1.0052079966452792,6.649976924550275,6.524328857093214,0.9337848580760103,16.69643390483285,3.1345326967592593,4.425222630718955,69.15601649092514
B0006,NASA_18650_LCO_2AH,19,2008-04-05 22:46:35.484,2.0,0.696678419057868,0.24894804172540166,2.798489246310617,0.3719498680646765,0.9456264607832696,1.296402071434759,0.5226842848974599,0.581626605753084,1.0011625662095556,0.0995706737985109,32.042697066607694,0.0027928385755373597,27.096833265509154,4.055736632983811,0.0,24.0,,,,,1.8675892574453767,38.77022223929529,14.304349588863694,2.4115317107898875,-0.052040170123595596,0.9417447222222222,1.0052665381228942,6.6144682409816244,6.582104699981074,0.9337946287226884,17.63021876290886,3.3061792939814816,4.408239058641976,73.10966562728792
B0006,NASA_18650_LCO_2AH,20,2008-04-18 21:10:19.796,2.0,0.6928801277691274,0.24940676204092566,2.7781128334699075,0.3845432834735888,0.9422868898100532,1.264370761261183,0.5300544828710061,0.3580704464232508,1.0014369302450066,0.1066623842892662,28.597753861232963,4.184291363802782,25.621036972906786,2.418342811535162,0.0,24.0,0.07203951789412169,0.09240181113716175,1.00995670037261,1.006027912904024,1.979626548250818,37.54320599748628,13.031594284562697,2.2033558468593775,-0.17449656067095443,0.9977038888888888,1.0050761212460433,7.060647606868251,6.59543671894685,0.989813274125409,18.564013391631548,16.23933105324074,20.512839225146198,77.16540226027173
B0006,NASA_18650_LCO_2AH,21,2008-04-19 02:29:09.000,2.0,0.7606178713917786,0.24348613421898058,3.123865234747947,0.41009951367042785,1.0041040056107593,1.3328203677451442,0.5427842180274081,0.6164105363478347,1.0015505801563365,0.10810965664731795,28.999939091310562,3.078467275817477,26.018916084630686,3.3093806522059457,0.0,24.0,0.0713293122938706,0.09179305150929909,0.9999999859805183,0.9994000214120509,1.9575499080884022,37.90362577530197,12.993038242364971,2.35887751155593,-0.08301322849651166,0.9867491666666667,1.0051009269342954,6.991863440480253,6.873644520391947,0.9787749540442011,19.553826665756958,16.460733877314812,19.752880652777776,79.5837450718069
B0006,NASA_18650_LCO_2AH,22,2008-04-19 07:47:15.703,2.0,0.7517190729634258,0.23943571457476576,3.1395444607279885,0.41035748329228416,0.9911547875381915,1.3175747735599752,0.5433035407470466,0.5652328615467132,1.0021554083147615,0.1055054344376223,28.954767078368718,2.607115372473892,26.11363000720855,3.2087158068717763,0.0,24.0,0.07159984900504199,0.09223812003559179,1.0037927704428726,1.0042457203772028,1.9458150170787551,37.6701605139887,13.10009245997168,2.218672914041916,-0.16548652115181403,0.9809938888888888,1.0049665653180653,6.942502809862557,6.506559892996302,0.9729075085393776,20.53260161980116,16.681644791666667,19.064736904761904,82.89312572401285
B0006,NASA_18650_LCO_2AH,23,2008-04-19 13:01:42.562,2.0,0.7401437740625433,0.24506020336315468,3.020252829283741,0.3875367451467518,0.985203977425698,1.3388705447166696,0.5296921183897898,0.5431154617586601,1.0026425916717705,0.1052500039401882,28.573880662844978,2.6148467383441414,25.760828939548123,2.4256960165646535,0.0,24.0,0.07066412727270796,0.09184815743770428,0.9906744367715679,0.9999999891124655,1.9242461121680094,37.34166959188387,13.11609568647653,2.339723057947995,-0.09428055414823819,0.9702519444444445,1.0050191069647838,6.865761685926582,6.137559798302015,0.9621230560840047,21.505509128340538,16.90001121527778,18.43637587121212,86.10184153088463
B0006,NASA_18650_LCO_2AH,24,2008-04-19 18:27:29.828,2.0,0.7263816272226128,0.24848391403130737,2.923254121268656,0.3824275467602536,0.9748655412539202,1.3263296697039886,0.5275579650152528,0.5166961742757508,1.0018467164285967,0.10480232332109013,28.35410437907863,2.6704543311119693,25.50924394673222,2.095426326105825,0.0,24.0,0.06956624533420545,0.0917125971514475,0.9752827010628652,0.9985240718097933,1.9459811331421641,37.28979017254232,13.250644183995949,2.3997508208942735,-0.058970105356309706,0.9754427777777778,1.0049597366261154,6.9102221549394,6.07946762832217,0.9729905665710821,22.46763218442454,17.12625271990741,17.87087240338164,88.52753754744928
B0006,NASA_18650_LCO_2AH,25,2008-04-19 23:41:55.687,2.0,0.7164009961765399,0.2490034757561967,2.8770722680170273,0.37353856252047113,0.9654044719327366,1.3252137156026218,0.5219089132665397,0.49892265410960446,1.001792701674993,0.10409034663247661,28.29238390325409,2.6994975351552384,25.50074158941563,1.9910815302691993,0.0,24.0,0.0712905735824926,0.09339038313098097,0.9994568893265747,1.0167910246597127,1.901407930553079,37.16794481484507,13.152201221838038,2.491410879472442,-0.005052423839739936,0.9533158333333348,1.00494158637364,6.743543531593221,5.855593152026712,0.9507039652765396,23.440622750995622,17.344607569444445,17.344607569444445,90.62296387355511
B0006,NASA_18650_LCO_2AH,26,2008-04-20 04:54:41.734,2.0,0.7065560514587571,0.25057395099874263,2.8197506054906216,0.3698570286163123,0.9571300024574998,1.3162576019373733,0.5204411161345857,0.4863121496814267,1.0009131667622697,0.10395230753536451,28.21188042033004,2.699324121574108,25.44745403999636,1.880891046134736,0.0,24.0,0.07110059879172552,0.09352246228548383,0.9967935412303383,1.0182290410200783,1.878674213680085,37.51577848501052,13.611965056859976,2.1387303309558976,-0.21251157002594256,0.9530902777777778,1.0050214828347996,6.685256188687676,5.831651707510489,0.9393371068400425,24.39132671627216,17.5618071875,16.8593349,92.6140454038243
B0006,NASA_18650_LCO_2AH,27,2008-04-20 10:16:28.859,2.0,0.7038916838907326,0.2475122585992586,2.843865942043923,0.38171641387687083,0.9514039424899913,1.2908946318281902,0.5287984231906394,0.48989024373793133,1.0014222120939742,0.10543815082091947,28.181745758886848,2.7073321628678926,25.351655963419258,1.830226075922423,0.0,24.0,0.07044972985263376,0.09260256890939386,0.987668696071515,1.008213670089001,1.8683061328264219,37.24165964092258,13.424772542613457,2.346064498302046,-0.09055029511644352,0.9478905555555556,1.0050545028613345,6.653814756144855,5.7261828330230795,0.9341530664132109,25.330663823112204,17.78526928240741,16.417171645299142,94.49493644995904
B0006,NASA_18650_LCO_2AH,28,2008-04-20 15:37:05.281,2.0,0.6937102104477069,0.2523972652204803,2.748485442056899,0.35325781675817225,0.9461074756681871,1.324287653656862,0.5093090837146343,0.480542652865986,1.0013328694932364,0.10447528196529672,28.075949119303758,2.7364170792836546,25.2638879248557,1.708530192000388,0.0,24.0,0.07127907626196345,0.09399451674014109,0.9992957028522036,1.0233685502131495,1.8560244070082998,37.27233216178077,13.509747898487863,2.327337743316428,-0.10156603334327767,0.9474133333333333,1.0049721666580287,6.6058760604055795,5.7349789344750155,0.9280122035041499,26.264816889525413,18.007913055555555,16.007033827160495,96.32516252588147
B0006,NASA_18650_LCO_2AH,29,2008-04-20 20:50:38.921,2.0,0.6865622952615617,0.25412805308030595,2.701639136604035,0.34987168913328026,0.9406903483418676,1.324110504198148,0.5095871351439569,0.4783731764019763,1.0009414908132113,0.10416317892714946,28.099632347736115,2.7932110703642223,25.323443940163475,1.7264499991861249,0.0,24.0,0.07165690022393593,0.09382244133667082,1.0045925989602018,1.0214950733095602,1.8451997961855777,37.207134503019795,13.429206860850705,2.4863117233366316,-0.00805192744904021,0.9474216666666666,1.0052289503261762,6.528820937052227,5.812047957518759,0.9225998980927889,27.192829093029562,18.22566351851852,15.621997301587301,98.03369271788185
B0006,NASA_18650_LCO_2AH,30,2008-04-21 02:15:02.921,2.0,0.6767013145066548,0.2606128736164456,2.596576691772698,0.31299863787669874,0.9373141881231004,1.4310141545364394,0.49983500604715,0.47089225058954415,1.00066851112535,0.10428421160179363,28.15103439695118,2.851682520011,25.304305905815063,1.779277405090927,0.0,24.0,0.0710225323212578,0.09428831548083925,0.9956990897788558,1.0265672941585433,1.857228890885317,37.49607769896255,13.730409903246443,2.2921663510920895,-0.12225508759288849,0.9424219444444445,1.0050215305696713,6.6110844573182606,5.739820188790071,0.9286144454426585,28.11542899112235,18.450941296296296,15.269744521072797,99.76014271706798
B0006,NASA_18650_LCO_2AH,31,2008-04-22 15:33:49.875,2.0,0.008214976950990034,0.010536889158594558,0.7796396486214863,0.1973457278798566,0.01875186610958459,0.01892939808287257,0.0688113767341136,-5.821001317224734,1.0005715491864786,0.10052806066037254,23.941020332727746,0.10606338872342036,23.82084266180423,0.0,0.0,24.0,0.07304876100785722,0.09605062311502585,1.024105765702561,1.0457544794452454,1.9247760889090635,37.250073961181094,13.50456248639425,2.4343006861812118,-0.03864665518752249,0.9640755555555556,1.005288677446394,6.847320681593998,5.918990811976201,0.9623880444545317,29.04404343656501,20.005651412037036,16.004521129629627,101.5394201221589
B0006,NASA_18650_LCO_2AH,32,2008-04-22 20:26:18.921,2.0,0.7010758591817843,0.25455696865529986,2.7541020051746163,0.35499376297959623,0.9556328278370841,1.0337307894388474,0.39517561849928284,0.540551047539545,1.0000492014653128,0.10467177924488608,28.482333092467393,2.3055432282285793,25.536564067789637,2.0831948552381414,0.0,24.0,0.07331768450985224,0.09436669602791212,1.027875933808443,1.0274206650742599,1.8822317526092551,37.39699052067588,13.201269939577234,2.472619908000758,-0.01610593647014233,0.9483636111111111,1.0052175924806257,6.699079253671069,6.0015712232230705,0.9411158763046276,30.00643148101954,20.20876537037037,15.645495770609319,101.5394201221589
B0006,NASA_18650_LCO_2AH,33,2008-04-23 01:18:11.796,2.0,0.6847689668837703,0.2554073188926691,2.681085916065666,0.3428060931424751,0.9401762857764394,1.019774256701841,0.3854423130783245,0.5042796495390296,1.0000583967003172,0.10425304136305379,28.58710834674342,2.3062150956317033,25.56741667631952,2.270170338400656,0.0,24.0,0.07281320388277601,0.09553889161900543,1.0208033769060962,1.0401829850927755,1.855276687885587,37.2852066420257,13.311728840723038,2.403422072720937,-0.056810545458272216,0.9431163888888889,1.0051575651082152,6.61294427713259,5.809925942006599,0.9276383439427935,30.94754735732417,20.41146068287037,15.308595512152777,103.62261497739705
B0006,NASA_18650_LCO_2AH,34,2008-04-23 06:18:19.921,2.0,0.6725403835013221,0.2590756130738188,2.5959231524108466,0.3270693782478374,0.9316159965751409,1.0247429105659265,0.37628554182211904,0.49788913147499014,1.000427739040901,0.10378385683461164,28.294010828400918,2.2624144230499432,25.15735403314838,1.8078652412949794,0.0,24.0,0.07260755445958736,0.09588429666564911,1.0179202785879982,1.043943594478079,1.8392508917181876,37.080390421974414,13.560232638780427,2.4006679782182205,-0.05843060104810556,0.9405555555555556,1.0050398853743123,6.548725362689062,5.53009020819468,0.9196254458590938,31.87518570126696,20.619888055555556,14.99628222222222,105.89278531579771
B0006,NASA_18650_LCO_2AH,35,2008-04-23 11:08:00.312,2.0,0.6602412718149825,0.26078000031765225,2.5317941166686686,0.3237264536733587,0.9210212721326347,1.0026198492645593,0.3711891160237567,0.4915647906187911,1.0004253988027196,0.1045346824066265,27.970800137688457,2.3708299329887517,24.989538945227892,1.4105848804744299,0.0,24.0,0.0729397468373704,0.09575012992984454,1.0225774435380437,1.0424828495041276,1.8185396073994429,36.98024266357476,13.450809772044668,2.3194299432177345,-0.10621768046015614,0.9356074999999999,1.0050232358127056,6.465169171735124,5.437665036741791,0.9092698036997214,32.794811147126055,20.821049988425926,14.697211756535946,107.70065055709269
B0006,NASA_18650_LCO_2AH,36,2008-04-23 16:06:25.171,2.0,0.6541630216777556,0.2627331527038385,2.489838125492411,0.3095502453427048,0.9168961743815942,1.0299029061182003,0.3679496427163438,0.4898561225415176,1.0004768685727576,0.10495679624777209,28.158791899243404,2.569493682286467,25.180745399490828,1.6687006102411543,0.0,24.0,0.07353418888094308,0.09610734932163037,1.0309112128696456,1.046372087980565,1.8134770059567056,37.598741245467004,13.65107352901899,2.3401731734980076,-0.09401578029528965,0.9356294444444445,1.0052141365011695,6.450159590044609,5.9264766843873335,0.9067385029783528,33.70408095082578,21.028282152777777,14.419393476190475,109.11123543756712
B0006,NASA_18650_LCO_2AH,37,2008-04-23 21:02:58.296,2.0,0.6478342227585161,0.2620958774268321,2.4717451792178453,0.31150269947520226,0.9099301001853481,1.0095719000710215,0.36656572491027917,0.4892122195476591,1.000389392547321,0.10462111744855176,28.40104385792931,2.460090242876788,25.292235216630523,1.9724247229758114,0.0,24.0,0.07295751395849862,0.09566600095697847,1.0228265293669654,1.041566892403876,1.7971018450305436,37.33680914521836,13.612138253593553,2.3829603510808774,-0.0688468523053662,0.9329775,1.0050279943930085,6.385898886067654,5.698047993359612,0.8985509225152718,34.610819453804126,21.234221099537038,14.156147399691356,110.77993604780828
B0006,NASA_18650_LCO_2AH,38,2008-04-24 01:51:33.890,2.0,0.6383764087880623,0.26362668763898217,2.4215166275256426,0.3089392332138926,0.9020030964270445,0.9855665187260851,0.3601299445036495,0.4851689699680451,1.0004765035801448,0.10541377915842749,28.132231098068214,2.4817996615697027,25.12354763553037,1.6198942794814666,0.0,24.0,0.07274140255777158,0.09553453130063366,1.0197967595465736,1.0401355119757754,1.7810046294120476,37.39499820465976,13.885324098954975,2.351855540704836,-0.08714379958539055,0.9276388888888889,1.0050057865296775,6.320870550953427,5.584316020006835,0.8905023147060238,35.509370376319396,21.43463306712963,13.903545773273272,112.7523607707841
B0006,NASA_18650_LCO_2AH,39,2008-04-24 06:50:00.031,2.0,0.6294165248232519,0.2661327763485079,2.365046997505076,0.30480876851313504,0.8955493011717599,0.9795691907022523,0.3581986715963101,0.48670565819498546,1.0003244771588276,0.10607241325919511,27.966969935040385,2.424280079589316,24.845898768603192,1.455599135648792,0.0,24.0,0.07391405479859718,0.09820185699589504,1.036236736137886,1.0691761126871164,1.7710130422682329,37.35233964342659,14.092751641900911,2.3535104841115886,-0.08617030346377141,0.9253513888888889,1.004994357656381,6.279702879853515,5.455005085689568,0.8855065211341164,36.39987269102542,21.641880069444447,13.668555833333334,114.37225505026557
B0006,NASA_18650_LCO_2AH,40,2008-04-24 11:49:24.281,2.0,0.6213532016966663,0.2673614564937402,2.3240193582249,0.29855320537972263,0.8887146581904065,0.9811500720994788,0.35585679645468304,0.4843514124303013,1.0003488875665618,0.10657495456702516,27.75957410527405,2.3674914634874398,24.745480280733183,1.292796202337433,0.0,24.0,0.07470373613334101,0.09865280790192049,1.0473076591326218,1.0740858562649511,1.7604712448170943,37.58677381866742,14.174871745007579,2.3948058223938364,-0.06187892800362562,0.9225522222222222,1.0051829967741124,6.240659200910775,5.6635854548707405,0.8802356224085471,37.28537921215954,21.84979962962963,13.446030541310542,115.82785418591436
B0006,NASA_18650_LCO_2AH,41,2008-04-24 16:45:56.015,2.0,0.6172622842489025,0.26506252720571005,2.328742163563112,0.3006353253643074,0.8823248114546125,0.9579888666441955,0.35208327751597335,0.4831279710736515,1.0003273246002693,0.10611376459471299,28.315119077831064,2.73276912431135,25.29969472858799,1.8747773908094274,0.0,24.0,0.07170016463076295,0.09648929998404353,1.0051991435185206,1.0505305890208685,1.7502913788006587,38.207044569893476,14.213169326281559,2.4418858444380294,-0.03418479738939449,0.9227344444444444,1.005273599530689,6.20704693642287,6.206841892708221,0.8751456894003293,38.16561483456809,22.05572247685185,13.23343348611111,117.12065038825179
B0006,NASA_18650_LCO_2AH,42,2008-04-24 21:38:11.078,2.0,0.611301753885087,0.26731478097238387,2.2868236111673466,0.2939142271623804,0.8786165348574708,0.9749833399126749,0.35386308890711293,0.4831352283992225,1.0003689875373154,0.10595388148669217,28.759435057679752,2.5817039266650568,25.719099276376973,2.571220041646874,0.0,24.0,0.07519715313084294,0.09666554951469339,1.0542251096829878,1.0524495118784172,1.7394925037732578,38.340431886092745,14.114992758613454,2.391848815367812,-0.06361834390128711,0.9199522222222222,1.005247414333275,6.163226054656014,6.347108395243449,0.8697462518866289,39.040760523968416,22.258674594907408,13.029468055555554,118.99542777906122
B0006,NASA_18650_LCO_2AH,43,2008-04-25 12:03:44.093,2.0,0.6057516317526688,0.26813416823470554,2.259136292144867,0.2906609287337821,0.8738857999873744,0.9641792878332907,0.3492184326364192,0.4852147693196049,1.0003362896522,0.10641312136769539,28.681906125997056,2.4873002805004987,25.607949607087512,2.4397133803702693,0.0,24.0,0.0732195770021383,0.09679434752821249,1.0265005174027118,1.0538518047028995,1.7546766553637203,38.521539672721865,14.589938865057412,2.3166154227865463,-0.10787328071379627,0.9242752777777778,1.0051538244110154,6.195169808071841,6.163431485929176,0.8773383276818602,39.91050677585505,22.85975115740741,13.062714947089948,121.56664782070808
B0006,NASA_18650_LCO_2AH,44,2008-04-25 20:03:55.921,2.0,0.6082556105435436,0.2759691249036959,2.2040712331633805,0.29216429055223464,0.8842247354472395,0.9655893194637821,0.35004997302913105,0.39141021777907264,1.0004245984310551,0.10899915651053645,28.544862281131994,4.597412759221957,25.15239521946869,1.9150128915330693,0.0,24.0,0.0732195770021383,0.09679434752821249,1.0265005174027118,1.0538518047028995,1.7659390941842175,38.03707160241571,14.235215116695883,2.4110989960643794,-0.052294708197423885,0.9200216666666666,1.0050290855353643,6.259194628292951,5.942982783066525,0.8829695470921087,40.78784510353691,23.19322138888889,12.945053798449612,124.00636120107835
B0006,NASA_18650_LCO_2AH,45,2008-04-26 01:04:35.718,2.0,0.613998470143304,0.2718488263455363,2.258602611120246,0.2919930651861047,0.8858472964888403,0.9699858697419905,0.3480913243723265,0.4843967993896346,1.0003500315193408,0.10721066848806571,28.227586320387818,2.5692174544531916,24.956784398728235,1.6877362920736392,0.0,24.0,0.07297772289775067,0.09787267886927684,1.023109848220307,1.065592174454523,1.7337887419624838,37.934285687720596,14.60924092094356,2.4510125175432287,-0.028816166151041947,0.91477,1.0048851178611302,6.132053304279389,5.6922015481006785,0.8668943709812419,41.67081465062902,23.402015335648148,12.764735637626263,125.92137409261142
B0006,NASA_18650_LCO_2AH,46,2008-04-26 05:57:35.140,2.0,0.5977813153351379,0.2734544656007523,2.186036029540983,0.28214063741966233,0.8712357809358902,0.958247164061854,0.3413020975862205,0.4823581380319292,1.0001616818129686,0.10698830451942594,28.067108057487324,2.796861528789634,24.845753514136497,1.4747824978745125,0.0,24.0,0.07353704750628252,0.0991393890999217,1.030951289315183,1.0793835258783406,1.713325912040734,37.88470784051604,14.657192331301005,2.471216186082459,-0.016931655245612437,0.9098133333333334,1.00504695339558,6.052993534519856,5.6654770494830045,0.856662956020367,42.53770902161026,23.605480868055555,12.589589796296297,127.60911038468505
B0006,NASA_18650_LCO_2AH,47,2008-04-26 10:58:25.843,2.0,0.587020934836828,0.27499010731970924,2.1346983696653354,0.27574579892338175,0.8620110421565372,0.9451451105946052,0.33505830006969745,0.4824727758013283,0.9999219120442796,0.10797541251204737,28.067128360555888,2.8368374366940223,24.759253545817227,1.4872679724327418,0.0,24.0,0.07366509732644233,0.0987907980561554,1.0327464814212988,1.0755882288392309,1.7024077813673466,38.065368726791895,14.85569765858708,2.470968641396993,-0.01707726976647476,0.9069488888888889,1.005072949674746,6.009208286664772,5.694465424666451,0.8512038906836733,43.39437197763063,23.814401041666667,12.424904891304347,129.08389288255955
B0006,NASA_18650_LCO_2AH,48,2008-04-29 12:15:56.953,2.0,0.5864274072074742,0.2674968830625869,2.1922775301053794,0.30936505501810607,0.8539242902700611,0.9250505635065709,0.36827855427976064,0.38643334444341715,0.9999246636345064,0.10616897637143398,28.576958595190668,4.435511666342439,25.385815273810298,1.985609493267776,0.0,24.0,0.07366509732644233,0.0987907980561554,1.0327464814212988,1.0755882288392309,1.82371946178183,39.788440481350335,13.185494771268278,2.4288023941361625,-0.04188094462578676,0.9247047222222222,1.0050783006165604,6.486250938305656,7.966862207095428,0.911859730890915,44.2455758683143,26.868233333333333,13.719948936170212,130.57116085499229
B0006,NASA_18650_LCO_2AH,49,2008-04-29 17:05:27.781,2.0,0.6693859636312118,0.25517549264758255,2.6232376603817036,0.3386264263397046,0.9245614562787944,1.020505108959523,0.3898893729469073,0.5695466606453208,1.0005731468174683,0.10427806894628026,30.7089708928189,2.466557653887474,27.380478585615847,6.5704188836727155,0.0,24.0,0.07596760253977622,0.09452034471685962,1.0650264110464132,1.0290935204865075,1.8081284050314708,39.212903178007906,13.601536439717815,2.3551430866643166,-0.08520994902099023,0.9247961111111112,1.0052265862331853,6.429008876730101,7.270764188524503,0.9040642025157354,45.157435599205215,27.069284583333335,13.534642291666666,132.55677034826007
B0006,NASA_18650_LCO_2AH,50,2008-04-29 22:00:04.750,2.0,0.6450231251643764,0.26134880436213515,2.4680546195902235,0.3146101558001868,0.9063719295265116,1.0016516667958593,0.3688068592623908,0.5287334284973287,1.000475603543642,0.1040290420649354,30.106699115532898,2.712641202720029,26.646363956512182,4.665331545678505,0.0,24.0,0.07492489231404355,0.09689839973147552,1.050408154153391,1.0549846766628048,1.7757610945034283,38.66937823121345,13.880867009405488,2.365933525789291,-0.07886263188865245,0.9171052777777778,1.0048227121472546,6.300034355273436,6.620506267566738,0.8878805472517142,46.06149980172095,27.273879131944447,13.358634676870748,139.1271892319328
B0006,NASA_18650_LCO_2AH,51,2008-04-30 02:43:55.312,2.0,0.6243926534059252,0.2637993371792247,2.3669227485520663,0.3149487171052408,0.8881919905851499,0.9492895445535205,0.36146133751651965,0.5111865975697099,1.0003535950517584,0.10528501532473948,29.363372970921308,2.656171351523703,26.100358589607755,3.204639417237559,0.0,24.0,0.07401423282246715,0.09663649743527528,1.0376411801069065,1.0521332063594795,1.7447409841836798,38.5170065164806,14.21796755989579,2.3481961394586457,-0.08929638855373782,0.9121008333333334,1.0049926711291703,6.176291065579928,6.370759939712196,0.8723704920918399,46.94938034897266,27.470992118055555,13.186076216666665,143.7925207776113
B0006,NASA_18650_LCO_2AH,52,2008-04-30 07:41:42.578,2.0,0.6100043963928634,0.2693655608535052,2.2645968301505204,0.29458297852989573,0.8793699572463687,0.9612779195693956,0.3504339219550804,0.5043761812206624,1.0003560254590926,0.10600117537798853,29.053108404174978,2.795606564026503,25.649456483530546,2.691185060839019,0.0,24.0,0.07490283731890654,0.09761125559476537,1.0500989545534152,1.0627459195163929,1.729207034132373,38.292505299491516,14.302387770944229,2.46945948630322,-0.017965008056929417,0.9097569444444444,1.0050019316184682,6.11759433045325,6.163987483227049,0.8646035170661865,47.8217508410645,27.67778917824074,13.024841966230936,146.99716019484885
B0006,NASA_18650_LCO_2AH,53,2008-04-30 12:28:49.265,2.0,0.5975079986890351,0.26969276062436176,2.2155136689542436,0.28659090870241105,0.8672007593133969,0.9473689428516332,0.34291150264437126,0.4948018689700642,1.00036191058056,0.10615371058838212,28.824607780532247,2.841625243689869,25.59348533692894,2.394881885310202,0.0,24.0,0.07593631680066272,0.09871244926130122,1.064587801200492,1.074735203626893,1.7081086552553244,38.52091685291118,14.525501881029658,2.4666715880697576,-0.019604948194260223,0.9071266666666666,1.0050465383420921,6.036039802884374,6.267461133945868,0.8540543276276622,48.686354358130686,27.877172129629628,12.866387136752136,149.68834525568786
B0006,NASA_18650_LCO_2AH,54,2008-04-30 17:20:16.140,2.0,0.5892244061068282,0.2708355810631608,2.175579747336178,0.27995399024396,0.860059987169989,0.9405988773161075,0.33719203848571966,0.49322735407690355,1.0003250725025443,0.10656950220445983,29.04334125546153,2.8286332977581914,25.80802143843077,2.7658178935818,0.0,24.0,0.07578506796152158,0.09802447407257366,1.0624673708730892,1.0672448499776774,1.6975954237461768,38.95436345473558,14.656603988902908,2.4482931262785135,-0.030415808071462658,0.9072480555555555,1.0051673628143207,5.99528686465981,6.593151142779502,0.8487977118730884,49.54040868575835,28.079566516203702,12.715275403563941,152.08322714099808
B0006,NASA_18650_LCO_2AH,55,2008-04-30 22:14:54.062,2.0,0.5801589084083412,0.2729520762633421,2.1254973227822584,0.27672810373249757,0.8531109846716833,0.94231293834328,0.33924222443430985,0.4948093450755219,1.0005616925172902,0.10689708525512458,29.041516878949153,2.793281137251693,25.690981294880917,2.7109441137238,0.0,24.0,0.0766748580551341,0.09974300399238026,1.0749417667774301,1.0859554038857582,1.6820634524029463,38.731363854696035,14.625892781988124,2.4745215382882586,-0.014987330418671408,0.9048872222222223,1.0050879892581597,5.9329090498584085,6.427591503750826,0.8410317262014732,50.38920639763144,28.284172094907408,12.57074315329218,154.8490450345799
B0006,NASA_18650_LCO_2AH,56,2008-05-01 03:15:33.140,2.0,0.5719954711535173,0.2729797455496841,2.0953769626901564,0.2730827624558154,0.8449752167032014,0.9376564979286811,0.33767611297159655,0.49075261469829856,1.0004405261400036,0.10728535676282236,28.954766991435342,2.8454217641623742,25.577958645380264,2.642744943251457,0.0,24.0,0.07481783478043313,0.09904108466038089,1.0489072630236902,1.0783132328946496,1.6714768322295086,38.74827601131975,14.772075688005593,2.469127855241356,-0.01816008515214364,0.9023869444444444,1.0050667052226423,5.888603027935268,6.377035190938622,0.8357384161147543,51.23023812383291,28.492957719907405,12.43329064141414,157.55998914830369
B0006,NASA_18650_LCO_2AH,57,2008-05-01 08:16:03.343,2.0,0.5632291198867291,0.27437129613250344,2.052798987355903,0.26943176196166574,0.8376004160192325,0.9227221154769051,0.3329452028258608,0.49109243375322653,1.0005333257243845,0.10797453850168139,28.827764021851614,2.802883865905276,25.46098104903186,2.5014955618530483,0.0,24.0,0.07680644118504903,0.10123578121693054,1.0767864940548795,1.1022080675204107,1.6607591387047655,38.84227056628921,15.018070889755826,2.4177173347922416,-0.04840156776926964,0.8996572222222222,1.005079835520995,5.841792050391374,6.322441295290826,0.8303795693523828,52.06597653994767,28.701640625,12.300703125,160.20273409155513
B0006,NASA_18650_LCO_2AH,58,2008-05-01 13:14:24.875,2.0,0.5563594065294919,0.2755759003021691,2.018897171015299,0.2667572242688481,0.8319353068316611,0.9119264363470356,0.3297412791451475,0.49319743811540656,1.000431451005052,0.10901791993912643,28.786886386344246,2.9406761240576316,25.436993851892336,2.395026725288276,0.0,24.0,0.07827525008242173,0.1020567293337788,1.0973784334630345,1.1111461685211517,1.651121015038069,39.221381996208315,15.278578417941109,2.3775131079338427,-0.0720511129800925,0.9000388888888888,1.0053263853125878,5.802389924497523,6.547539233432986,0.8255605075190345,52.89635610930005,28.90883428240741,12.17214075048733,162.7042296534082
B0006,NASA_18650_LCO_2AH,59,2008-05-01 18:11:10.984,2.0,0.5515534959032824,0.27602302139923696,1.9982155550221774,0.2672082766294536,0.8275765173025194,0.8964001180094201,0.32751547405813713,0.4949306829816402,1.0000730111837952,0.108620844087794,29.207075464293986,2.9520803828525466,25.938054463156547,3.0910322912655017,0.0,24.0,0.07804838275614223,0.10259480352813062,1.094197871141555,1.1170044699123198,1.6401349256190927,39.466510899162515,15.00886469802883,2.443723814618984,-0.033103638459421096,0.8972525,1.005186311677644,5.7642294892964605,6.804990956875211,0.8200674628095463,53.72191661681909,29.114923506944443,12.047554554597701,165.09925637869648
B0006,NASA_18650_LCO_2AH,60,2008-05-01 23:10:15.265,2.0,0.5449741086697399,0.27722760495725834,1.965800295287554,0.26145493513235385,0.8222017136269983,0.9035773768155305,0.3268783147819943,0.4953465110399651,1.0003906519573809,0.10919337916351404,29.18554105903438,2.967656868805001,25.848663621482324,3.0417332313299372,0.0,24.0,0.0775411316602115,0.10250393055735232,1.087086473701895,1.1160150873016719,1.6291999416165441,39.352653481724175,15.099728402406306,2.4324278256917147,-0.03974833782840313,0.8971613888888896,1.0051168187587942,5.718354488344613,6.744875719667085,0.8145999708082721,54.541984079628634,29.322611944444443,11.927842146892655,168.19028866996197
B0006,NASA_18650_LCO_2AH,61,2008-05-02 03:53:34.765,2.0,0.5360501332013375,0.2793742854750337,1.9187525842991926,0.2626824134236916,0.8154244186763713,0.8824800722920922,0.32613097582824535,0.4983794221376673,1.0003773399057938,0.10949052303598791,29.094562723441733,2.8896824537411447,25.889479643087075,2.9062634979741793,0.0,24.0,0.07771321913756433,0.10301512509606146,1.0894990509356595,1.1215807355128535,1.6088496302961666,39.31890647034385,15.204418094891427,2.494085641889116,-0.0034790341828728295,0.8923525,1.0051389954233219,5.641602813184615,6.656175892498897,0.8044248151480833,55.35658405043691,29.519365416666663,11.807746166666666,171.23202190129192
B0006,NASA_18650_LCO_2AH,62,2008-05-02 08:44:40.859,2.0,0.527318322157823,0.2830700054832619,1.8628548098063196,0.2522320757733422,0.8103883276410849,0.8822645633040302,0.3181819885474516,0.49775433227380006,1.0003274225961087,0.1101572693113861,28.972067174585955,2.9403611919376793,25.70387833670803,2.7610585510062613,0.0,24.0,0.07753263831038527,0.10377481309787251,1.0869674013397201,1.1298518648934857,1.6035244898969248,39.47196886600465,15.543042033949174,2.382347172890769,-0.06920754535837115,0.8925608333333334,1.0051132942487258,5.610834096805916,6.553060696072103,0.8017622449484624,56.16100886558499,29.721519282407407,11.693712504553734,174.1382853992661
B0006,NASA_18650_LCO_2AH,63,2008-05-02 13:43:05.093,2.0,0.5208793385942218,0.2859672005460819,1.8214653173119852,0.2451762942332138,0.8068465391403037,0.8910706798614032,0.31619081281098615,0.5016961210503812,1.0003375057217838,0.11086495317449137,28.849413778690618,3.039289003487408,25.559248674341752,2.5791746287938633,0.0,24.0,0.07989614200108959,0.10390011312121605,1.1201024980000074,1.1312160732290129,1.5989712144027983,39.74009698783903,15.677240389468682,2.406668297987779,-0.05490100118365932,0.8898827777777778,1.005471491070261,5.594783579973,6.805054244181463,0.7994856072013992,56.96277111053345,29.928744212962965,11.585320340501791,176.89934395027237
B0006,NASA_18650_LCO_2AH,64,2008-05-02 19:07:48.359,2.0,0.5177221647165524,0.2869001442330222,1.8045378303950457,0.23867643201174338,0.8046223089495745,0.9233391089859931,0.32092642424929363,0.502880221141481,1.0003875541334488,0.1106441048127346,29.329113559805148,2.97473440546743,26.033525396777186,3.376386865842146,0.0,24.0,0.07852208627981452,0.10421139036930255,1.1008389490069856,1.1346051150277945,1.5876273123575604,39.03600072360686,14.598357373351533,2.4204142690378765,-0.04681513586007265,0.8875347222222222,1.004926237086005,5.547342770796438,6.464385878038983,0.7938136561787802,57.76225671773485,30.15424497685185,11.487331419753087,179.47851857906622
B0006,NASA_18650_LCO_2AH,65,2008-05-02 23:24:17.687,2.0,0.5131368099263002,0.285821504795118,1.7953051132260793,0.24324729430190423,0.7989583147214181,0.8951456875964316,0.319881803489058,0.5223257667079308,1.0003884921945996,0.11100187236437005,29.176041721553197,2.6089982018468554,25.992986590762236,3.3064682628243114,0.0,24.0,0.07852208627981452,0.10421139036930255,1.1008389490069856,1.1346051150277945,1.5829719744686166,39.16106395962828,14.859216348154689,2.4507845245525193,-0.02895027967498866,0.887586944444443,1.0051217072028928,5.53571767704087,6.657297903736025,0.7914859872343083,58.55607037391363,30.332362199074076,11.374635824652778,182.85490544490835
B0006,NASA_18650_LCO_2AH,66,2008-05-03 04:13:08.609,2.0,0.5044181434660029,0.28873924738638296,1.7469677127665313,0.24078418799914283,0.7931573908523859,0.8609086104413061,0.30973593074241595,0.5070783230360177,1.0004210531014568,0.11178857867726942,29.06181349745949,2.8117025360875623,25.919135612812614,3.1007412425199323,0.0,24.0,0.07813291188955002,0.10529792590594023,1.0953829257776417,1.1464348082423255,1.567137636713563,39.20051799483514,15.08432845500618,2.3930328819230717,-0.06292183416289898,0.8850825,1.0050791725784722,5.466382786778377,6.581359681499604,0.7835688183567815,59.34755636114794,30.532951574074072,11.273705196581195,186.16137370773268
B0006,NASA_18650_LCO_2AH,67,2008-05-03 09:10:19.812,2.0,0.4964418391944332,0.2939126310911214,1.68907963059261,0.2298654315357559,0.7903544702855546,0.8807956904373944,0.30739299489911537,0.5124471534803753,1.0004000217898723,0.11215873807167204,28.902663443706384,2.8034608062917528,25.692906565192622,2.8861095332661186,0.0,24.0,0.07866904084196831,0.10565907518427417,1.1028991757968938,1.1503668334944037,1.5613446139713882,39.15878418316098,15.200877327769199,2.3938995980718403,-0.062412001134211595,0.8823438888888889,1.0050724651064975,5.4409870841545604,6.485346284254384,0.7806723069856941,60.13112517950472,30.739331238425926,11.17793863215488,189.26211495025262
B0006,NASA_18650_LCO_2AH,68,2008-05-03 14:04:34.187,2.0,0.48764264978781285,0.29680008718741707,1.6430003561905506,0.22947461405545516,0.7844427369752299,0.8650767062476281,0.3068947178870114,0.5140395139170236,0.9996009672720826,0.11257606453408117,28.83769850148563,2.851235243422366,25.652455059158342,2.764245851755211,0.0,24.0,0.07948693873039822,0.10697979600848029,1.1143656802487205,1.1647462271226592,1.5511711892790419,39.18225956809825,15.220403472575224,2.4373294683003053,-0.036865018646879244,0.8798869444444444,1.0051217351120354,5.402392661107646,6.5068076585753065,0.7755855946395209,60.911797486490414,30.943664282407408,11.084297653399668,192.14822448351873
B0006,NASA_18650_LCO_2AH,69,2008-05-03 18:58:13.468,2.0,0.48114144958568245,0.29811109875307074,1.613966909622626,0.22842706565974907,0.7792525483387531,0.8515233192837455,0.30478112160850146,0.5140856850417489,0.9993845887308495,0.11304193014787298,28.8794927672878,2.881441082774188,25.71736135777053,2.8489155270550595,0.0,24.0,0.07962254862942818,0.10702963214346227,1.1162668607419528,1.1652888197650122,1.5406741606295171,39.38159156766375,15.349656752144409,2.3705330061374523,-0.07615705521326332,0.8799219444444445,1.0052070401462716,5.3781763999364225,6.610266936291621,0.7703370803147586,61.68738308112994,31.147591145833335,10.993267463235293,194.91247033527395
B0006,NASA_18650_LCO_2AH,70,2008-05-03 23:42:30.093,2.0,0.47557033867431864,0.29735316858226074,1.5993451159175485,0.2415125072765939,0.7729235072565794,0.8282903156801724,0.31716064749322337,0.5214181143737234,1.0000435525163458,0.11340120506903842,28.950383897583738,2.8839943239588024,25.864876174531357,2.9517527937146597,0.0,24.0,0.07996787452088952,0.108616599473422,1.1211081507462268,1.1825669814282762,1.5253138744624433,39.44712875501599,15.392332017254361,2.351294851260762,-0.08747361690543405,0.877521666666665,1.0052022233092943,5.317884822138021,6.635075058851253,0.7626569372312216,62.4577201614447,31.34500578703704,10.90261070853462,197.761385862329
B0006,NASA_18650_LCO_2AH,71,2008-05-04 04:41:40.000,2.0,0.4732670352840557,0.30248175890786877,1.5646134702816865,0.21801142723140934,0.7757487941919246,0.8722581567954746,0.30277933853960964,0.5233071772715203,0.9999236815225784,0.11390287144985078,28.9326271382961,2.876539607257648,25.698809219589723,2.936049765924964,0.0,24.0,0.08039240872809099,0.10825492887156943,1.1270599002808455,1.1786292802483678,1.5301570318067428,39.40950590627068,15.404652077416934,2.436845595522602,-0.037149649692587154,0.8746747222222223,1.0051516304116241,5.317254255618889,6.6106451419637,0.7650785159033714,63.22037709867592,31.552759340277778,10.818088916666667,200.71313865604367
B0006,NASA_18650_LCO_2AH,72,2008-05-04 09:40:11.906,2.0,0.46762370435581263,0.30110818121835137,1.5530089607236761,0.21914520663974416,0.768731885574164,0.848832201716363,0.2995772625847427,0.5226649261861339,1.0005517724568542,0.11380907979652631,28.908083251448843,2.8735182519254465,25.687446717455636,2.9192316139979524,0.0,24.0,0.08100160109860233,0.10892029982590858,1.1356004615505373,1.1858735295142953,1.5246566834474087,39.48443326993031,15.4962098333373,2.39030487147494,-0.06452654619121165,0.8747483333333333,1.005188209396441,5.29255411416083,6.634843070837839,0.7623283417237043,63.98545561457929,31.760073067129632,10.735799346635368,203.64918842196863
B0006,NASA_18650_LCO_2AH,73,2008-05-04 14:38:13.359,2.0,0.4618230689542228,0.30413156979381023,1.518497630838103,0.21508696563937196,0.765954638748033,0.8507229099787603,0.2984415563231766,0.5262426023825676,1.000320157730401,0.11453308760834381,28.89162012676732,2.8986593630671003,25.675400345041066,2.8984635971664696,0.0,24.0,0.08125466949262707,0.10998936556716457,1.1391483492609114,1.197513019727712,1.5145492986655427,39.4416762582387,15.466950571437593,2.4892160721496315,-0.006343486970805013,0.8723741666666667,1.0051817334720907,5.256819477933054,6.633760111181328,0.7572746493327713,64.747783956303,31.9670343287037,10.655678109567901,206.5684200359666
B0006,NASA_18650_LCO_2AH,74,2008-05-04 19:37:07.890,2.0,0.45482957662030454,0.3055216868111529,1.4886981694268133,0.21575408858214518,0.7603512634314574,0.8377334605009547,0.2993696385013133,0.5267842348647538,0.9999658693170685,0.11455050656184486,28.906891490587697,2.9064288489033423,25.668763538927504,2.9128657408413936,0.0,24.0,0.08083429070119416,0.11044388845316311,1.1332548565014762,1.2024616533609798,1.509391504602082,39.53866201326228,15.566475047669378,2.450611393803655,-0.029052121291967707,0.8698958333333333,1.0051293353206885,5.233545903777967,6.638963348830846,0.754695752301041,65.50505860563577,32.17460991898148,10.577953945966513,209.46688363313308
B0006,NASA_18650_LCO_2AH,75,2008-05-05 00:35:53.968,2.0,0.44748825449510077,0.3134219133113295,1.4277503734613628,0.19986997471583262,0.7609101678064303,0.887041591083138,0.2985878079649506,0.5320597973063759,0.9993515808476824,0.11503397243453657,28.864999475314598,2.910648433529154,25.633776388554608,2.8767210256474876,0.0,24.0,0.08179524196095045,0.11080732942703955,1.146726895069929,1.2064186295274966,1.5039974333050705,39.5867547936938,15.69003354340093,2.4111946043456745,-0.0522384680319562,0.867196388888889,1.005168055012206,5.209010470316189,6.603832696153074,0.7519987166525353,66.25975435793681,32.38208767361111,10.502298704954955,212.37974937397448
B0006,NASA_18650_LCO_2AH,76,2008-05-05 05:28:13.937,2.0,0.44581613400114634,0.3109916393518048,1.4335309277560926,0.20470211233606384,0.7568077733529511,0.8518186574625575,0.29455051666480075,0.5356077146368745,1.0004936122986778,0.1151987617223907,28.79786265611228,2.8857626657533473,25.625938785360578,2.7859056067341768,0.0,24.0,0.08029684077703962,0.10992917787388708,1.1257200871431858,1.1968577241365834,1.4935201918040188,39.499752884420865,15.650881405406679,2.4609139768640715,-0.022991778315252034,0.8672569444444445,1.0051139127045552,5.170119815942633,6.578055379676622,0.7467600959020094,67.01175307458935,32.58509657407407,10.427230903703704,215.25647039962197
B0006,NASA_18650_LCO_2AH,77,2008-05-05 11:41:31.500,2.0,0.44030001764035187,0.31188735273100243,1.4117277057856186,0.20378544889918834,0.7521873703713543,0.8417170737878114,0.2932936438494122,0.5371548356320349,1.0003715014056178,0.11566003833701508,28.740807964185244,2.923625000286961,25.457904643596315,2.6979396322182048,0.0,24.0,0.0818862398143896,0.1124863882627244,1.1480026378079005,1.2246994406427643,1.4876323024497422,39.9686395722832,16.094991025181542,2.378420264362521,-0.07151749155145824,0.8671311111111111,1.0049685855834973,5.158435326120929,6.679495096898044,0.7438161512248711,67.75851317049136,32.84432762731482,10.371892934941519,218.04237600635616
B0006,NASA_18650_LCO_2AH,78,2008-05-05 20:40:08.562,2.0,0.4156580648085483,0.32754373615134064,1.2690154574715695,0.18720207308535813,0.7432018009598889,0.8307460011695104,0.2816518838860328,0.5125155598692885,1.000081875202019,0.1167302117275286,29.03089109050934,4.575389915848312,25.836963360909557,2.8842860942237767,0.0,24.0,0.0818862398143896,0.1124863882627244,1.1480026378079005,1.2246994406427643,1.5302876214401704,40.42668250871336,15.972180209625034,2.3844697219937414,-0.06795898706250504,0.8669055555555556,1.0051008138191375,5.329519378657553,7.116550511496706,0.7651438107200852,68.50232932171623,33.21836769675926,10.353776944444444,220.74031563857437
B0006,NASA_18650_LCO_2AH,79,2008-05-06 01:38:46.265,2.0,0.4567517628459732,0.3181399604917798,1.4356944076502698,0.21195618873662597,0.774891723337753,0.8421526895195276,0.29439421905246194,0.534368921939312,1.000363855271563,0.11456385652565139,29.11199322326797,2.9616029048350647,25.705316618203263,3.084000218262162,0.0,24.0,0.08169863490895346,0.11186675769434024,1.1453725142756128,1.217953191410076,1.5040760088360112,40.02451449021777,16.21033406097477,2.448639661640692,-0.030211963740769395,0.8621744444444445,1.0050004922263398,5.205151428393771,6.6924446656549765,0.7520380044180056,69.26747313243632,33.42574851851852,10.284845698005698,223.62460173279814
B0006,NASA_18650_LCO_2AH,80,2008-05-06 06:37:06.296,2.0,0.43954179219975886,0.3187346037801416,1.3790212493320544,0.20521396308519865,0.7582763959799005,0.8313903752773644,0.2923052895246499,0.5371662587363802,1.0004469946144938,0.11596917876454725,28.548022058686282,3.023893080983825,25.199061438892777,2.3554928361474,0.0,24.0,0.08145991261634894,0.112248793825447,1.1420257514710839,1.2221126229937358,1.4887593608730894,40.02167483360719,16.628261073092652,2.362869757217078,-0.08066484869583657,0.8597483333333333,1.0050613118858238,5.15792848564779,6.545320927441232,0.7443796804365447,70.01951113685433,33.63292480324074,10.217597408579465,226.7086019510603
B0006,NASA_18650_LCO_2AH,81,2008-05-06 11:25:21.031,2.0,0.43135657893571155,0.31958775915117676,1.3497280978674782,0.20330992452003585,0.7509443380868883,0.8186801532643425,0.2904949867229885,0.5439990678507992,1.0003677270699154,0.11720568833564968,28.440539775376276,3.05500495774713,25.244891582118854,2.230115581928108,0.0,24.0,0.08256498475543221,0.11270651334411497,1.1575182900650063,1.2270960600756933,1.4782779285546637,40.078211781584145,16.58328211489989,2.479712742728869,-0.01193368074772399,0.8599391666666667,1.005152748757862,5.103996312803247,6.647573149886836,0.7391389642773318,70.76389081729087,33.833095347222226,10.149928604166666,229.0640947872077
B0006,NASA_18650_LCO_2AH,82,2008-05-06 16:23:36.296,2.0,0.42568350307509945,0.3202685440802299,1.3291455257744247,0.19935352645296722,0.7459520471553294,0.8265102383989653,0.2913132242401904,0.5456470356228031,1.0003880640545733,0.11680802274143001,28.73984325523221,3.1627367232964723,25.478299525410506,2.6168305124281743,0.0,24.0,0.08273073531257284,0.11211972514359861,1.1598420269620342,1.220707383258462,1.478459982215684,40.565789328351094,16.617024401562347,2.4609902569842412,-0.022946907656328685,0.8595355555555555,1.0055036779575657,5.105948499987379,7.052533481490819,0.739229991107842,71.5030297815682,34.040216469907406,10.08599006515775,231.2942103691358
B0006,NASA_18650_LCO_2AH,83,2008-05-06 21:21:49.265,2.0,0.42104769850757634,0.3216718499997587,1.3089354814648049,0.19932469187838794,0.742719548507335,0.8273577746317582,0.29512532335841685,0.550619187201904,0.9998262951516094,0.11629342855244204,29.323806526810927,3.165728124233695,26.03924515455654,3.507407387369721,0.0,24.0,0.08153859978703296,0.11123309553692835,1.143128904817869,1.2110541727668045,1.473214844899973,40.75221353269305,16.446577460462706,2.4794507375590507,-0.012087801435852554,0.8573697222222222,1.0052218173913299,5.08882109401567,7.243702656295544,0.7366074224499864,72.24225977267605,34.247311018518516,10.023603224932248,233.911040881564
B0006,NASA_18650_LCO_2AH,84,2008-05-07 02:17:25.156,2.0,0.420535852675036,0.3189932910697419,1.3183219327453906,0.19897370102697182,0.739529143744778,0.8193341688633144,0.2917758590649584,0.5503906536181753,1.0003827049851277,0.11661540949239765,29.28336283016691,3.051042424859773,25.97604259369371,3.4338934773387035,0.0,24.0,0.08312955870297914,0.11244745774350255,1.165433324171965,1.2242755832689851,1.4675164935067897,40.71162611325717,16.545203590963258,2.421513989921717,-0.04616824122251936,0.8571180555555555,1.0052573075819,5.061662824588782,7.193204087616915,0.7337582467533948,72.97886719512604,34.45258753472222,9.962193985943776,237.4184482689337
B0006,NASA_18650_LCO_2AH,85,2008-05-07 07:04:02.109,2.0,0.41450419689504936,0.3222686715690428,1.2862069224223136,0.19668691705474403,0.7367728684640922,0.8086936957550758,0.2888388627993071,0.5564269735796572,1.0003389068694644,0.11728166722111125,29.144799251099133,3.0607296081092272,25.919206758618333,3.2099971955525124,0.0,24.0,0.08292701839139212,0.11338217283327957,1.1625938139869647,1.2344523261201876,1.4516292657521335,40.58721297402195,16.606417419287357,2.3927989623544175,-0.06305943390916618,0.8520008333333333,1.0051630894584505,5.016665879464977,6.970998372355918,0.7258146328760667,73.71262544187944,34.65162634259259,9.90046466931217,240.8523417462724
B0006,NASA_18650_LCO_2AH,86,2008-05-07 12:01:49.906,2.0,0.40768280375420324,0.3271131784708893,1.2463050404657774,0.189734497466146,0.7347959822250925,0.8104636146237179,0.2838725752698296,0.5635914563822517,1.0003607049157062,0.11804671548573821,28.784111097347363,2.9895943524039836,25.445615862630408,2.7114073503154468,0.0,24.0,0.08382724414960822,0.11403892461764643,1.1752145124998923,1.2416027338750943,1.4519237720967177,40.37035790264624,16.72838423295916,2.410475236770924,-0.05266162542886816,0.8494880555555556,1.0051131660909534,4.994153984894088,6.779090846353029,0.7259618860483589,74.4384400747555,34.85842954861111,9.842380107843136,244.06233894182492
B0006,NASA_18650_LCO_2AH,87,2008-05-07 16:59:29.937,2.0,0.40156079778762543,0.3276739648086048,1.2254888709557188,0.18995778338027686,0.7292347625962302,0.8037672074010248,0.2860805721136675,0.5656835575944955,1.0005557256957216,0.11871378559548255,28.679483623785192,3.144058609349262,25.395678108430275,2.564892600405599,0.0,24.0,0.08577507831534469,0.11395150105994693,1.2025221378756135,1.2406509068685811,1.4471484694777745,40.667923693760464,16.838482471724088,2.4915333699239977,-0.004980370632942556,0.8496699999999999,1.005332328234912,4.981769115543911,7.0130908231466424,0.7235742347388873,75.16440196080386,35.06514287037037,9.785621266149871,246.77374629214037
B0006,NASA_18650_LCO_2AH,88,2008-05-07 21:56:09.656,2.0,0.4019618610735972,0.3242708818182832,1.2395866634706278,0.19359196815617305,0.7262327428918804,0.7911217464362943,0.28663113083927944,0.5618707137510158,1.0005193454338577,0.1179090203519768,29.19580828168184,3.139584135211443,25.907732220074237,3.31599049250844,0.0,24.0,0.08530631465450564,0.11364893105674102,1.195950314326608,1.2373566654994292,1.4468538105659885,40.990356883952465,16.780510407012216,2.444861994529003,-0.03243412086529229,0.8496049999999999,1.0052911416210057,4.980766783273252,7.283806527675928,0.7234269052829942,75.88797619554275,35.27115813657407,9.729974658365261,249.33863889254596
B0006,NASA_18650_LCO_2AH,89,2008-05-08 02:53:49.937,2.0,0.40004422082609503,0.32710662221377235,1.2229780537832313,0.18836719148097888,0.7271508430398674,0.807124578145769,0.28600048066145667,0.5667823362491713,1.000260384193656,0.1174384285002796,29.373049314501156,3.0772527065930753,26.05226931839347,3.614422241609696,0.0,24.0,0.08339757659681907,0.11459695788752228,1.1691907961209198,1.247678340390976,1.4416741930284678,40.997744028174516,16.724520575933447,2.4840755398082255,-0.009367329524573243,0.8470355555555555,1.0052346173009497,4.962519908908344,7.297444433158275,0.7208370965142339,76.61140310082574,35.47787435185185,9.675783914141414,252.6546293850544
B0006,NASA_18650_LCO_2AH,90,2008-05-09 12:25:07.000,2.0,,,,,,,,,,,,,,,,24.0,0.08401733221254669,0.11311671293865194,1.1778794486132587,1.2315621223410047,1.5935866593100128,40.77265883698999,16.714481992431388,2.479017302613424,-0.012342763168574175,0.8825608333333333,1.0052820794407782,5.534130400482567,7.293991144777321,0.7967933296550064,77.33224019733997,36.874599618055555,9.943712256554306,256.26905162666407
B0006,NASA_18650_LCO_2AH,91,2008-05-09 20:28:09.734,2.0,0.42798659494236374,0.32074396206568956,1.334355887851546,0.20370883778742535,0.7487305570080534,0.8244982137672031,0.29515908709130456,0.5058746590993843,1.0005033005350978,0.11530175530559064,29.14752722153641,4.597759447615193,25.93431372564645,3.0278512126636117,0.0,24.0,0.08323709182467812,0.10644936765011898,1.166940882800154,1.1589711700351393,1.5463902376915637,40.522204934304625,15.845480554161625,2.4820670710190385,-0.010548781753506792,0.8563713888888889,1.0053537532335464,5.37251175686347,7.189223266130357,0.7731951188457818,78.12903352699497,37.21004792824074,9.922679447530864,256.26905162666407
B0006,NASA_18650_LCO_2AH,92,2008-05-10 01:21:56.500,2.0,0.45959992877498945,0.31571303071366325,1.4557521652121757,0.22099955034824925,0.7753129594886528,0.847891858361232,0.30698316778892903,0.532786271001804,1.0003905478421629,0.11209880398626725,29.818832673562348,2.9635507117424282,26.51775579342402,4.395599167843453,0.0,24.0,0.08271075145091832,0.1094740426485174,1.1595618635799447,1.191902423637245,1.51470559175661,40.57746834859555,15.863718711882171,2.452449045714353,-0.02797114957979244,0.8539627777777778,1.0051775983125988,5.24852734086574,7.22336745115112,0.757352795878305,78.90222864584075,37.41406142361111,9.86744477106227,259.2969028393277
B0006,NASA_18650_LCO_2AH,93,2008-05-10 06:18:12.000,2.0,0.4434668633337057,0.3178155903691704,1.3953590574990389,0.2106261188744903,0.7612824537028762,0.8450381803084452,0.3021041816211977,0.5322982645855504,1.0004095649280762,0.11339474432163492,29.655105623519365,2.956328489775565,26.296792336298168,4.025865441606272,0.0,24.0,0.08419613899915854,0.11020028149950453,1.1803862270799907,1.1998093742320106,1.4989786083335404,40.516963879873735,16.049753133804927,2.4198491932573414,-0.04714753337803448,0.8516666666666667,1.0051175466666185,5.183690976500145,7.084438598446554,0.7494893041667702,79.65958144171906,37.61979637731481,9.813859924516908,263.69250200717113
B0006,NASA_18650_LCO_2AH,94,2008-05-10 11:16:04.843,2.0,0.431094010426268,0.321231764980507,1.342003054341236,0.20452277341722674,0.7523257754067749,0.8373908138490622,0.2990245697186218,0.5390746552685705,1.0004481801621434,0.1142984285557466,29.39030853998228,2.9250767014395507,26.03904064199693,3.5937416587552735,0.0,24.0,0.08511832429534824,0.111062893839595,1.1933147869329417,1.209201095903551,1.4831110745410492,40.34325381638243,16.118602322993393,2.4706823501191706,-0.017245676400487887,0.8490102777777777,1.005164628895757,5.122892202788785,6.944404628932308,0.7415555372705246,80.40907074588583,37.82665798611111,9.761718189964158,267.7183674487774
B0006,NASA_18650_LCO_2AH,95,2008-05-10 16:11:56.109,2.0,0.4206876465972712,0.3244647634217282,1.2965588050687538,0.19694577138604355,0.7451524100189995,0.8491897751252718,0.2991142555472814,0.5428811696359617,1.0005224398724506,0.11499685493712067,29.205477681579126,2.982493093705216,25.90252654964816,3.326981539251731,0.0,24.0,0.08275045015795743,0.11184814439549334,1.1601184188754592,1.2177505384754557,1.4729664825468278,40.39341126895154,16.279827838742296,2.413759774558071,-0.05072954437760542,0.8467275,1.005237158783099,5.079651401735242,6.902318069555946,0.7364832412734139,81.15062628315636,38.032112453703704,9.710326583924349,271.3121091075327
B0006,NASA_18650_LCO_2AH,96,2008-05-10 21:07:54.625,2.0,0.4143173717776356,0.32593916254410754,1.27114940072902,0.19319634149855933,0.7402565343217431,0.8323775816331273,0.2919023036377777,0.5472213709054187,1.0003806933839807,0.11590802883564517,29.153216648671478,2.984609990440184,25.877092731363224,3.2657406022079907,0.0,24.0,0.08409783604537918,0.11231566600617938,1.1790080706217285,1.2228406961730989,1.4627604396099307,40.46341487442664,16.311064025945893,2.4562499847243027,-0.025735303103351367,0.8442272222222221,1.0052449810200192,5.042392655663055,6.947138643050467,0.7313802198049654,81.88710952442977,38.23765083333333,9.660038105263158,274.63909064678444
B0006,NASA_18650_LCO_2AH,97,2008-05-11 02:05:21.796,2.0,0.40646166935466355,0.32779972146753367,1.2399695366273704,0.19293116157712917,0.7342613908221972,0.8222334895344062,0.2936329408715543,0.5511567069462912,0.999800225379259,0.11587091260845186,29.22524462438927,3.011679690960815,25.93141642274133,3.3790586816751946,0.0,24.0,0.08444562564672166,0.11386959926002993,1.1838839005615123,1.2397591981908014,1.4518364681062514,40.5818264138806,16.3892192476009,2.401794655879554,-0.0577678494826153,0.8441797222222223,1.0052138028559803,5.017168106943969,7.008137782223797,0.7259182340531257,82.61848974423474,38.4442153125,9.611053828125,277.9048312489924
B0006,NASA_18650_LCO_2AH,98,2008-05-11 06:55:27.734,2.0,0.4027391588068508,0.32831718467238824,1.226677058026634,0.1908382777383532,0.731056343479239,0.8128810809900167,0.28969719715111786,0.5567418797578512,1.000198978682161,0.11628568274460982,29.215805701192597,2.966399044832496,26.008428132103052,3.391042460991716,0.0,24.0,0.08491363590602795,0.11448880124772114,1.190445161811542,1.2465007812363795,1.4468670644030392,40.61670777074496,16.3780979151485,2.4087687236133313,-0.05366545669804042,0.8417708333333334,1.0051770771148483,4.978608682727955,7.018435691837316,0.7234335322015196,83.34440797828786,38.64567292824074,9.56181598224513,281.2838899306676
B0006,NASA_18650_LCO_2AH,99,2008-05-11 11:52:47.187,2.0,0.3974020790376042,0.3308682513095612,1.2010885809205354,0.18700283129363712,0.7282703303471654,0.8202628891830538,0.29033088204860263,0.5623489809400021,1.0004455601971214,0.11646470353809595,29.22328146275053,2.9864038653966105,25.9304594999863,3.3857161172669668,0.0,24.0,0.08559734037818566,0.11461611813107536,1.2000303441241895,1.247886948204992,1.441380399427779,40.631647661681036,16.440619598988448,2.4308118485818704,-0.040698912598899774,0.8391666666666666,1.0051864568204036,4.957221001364225,7.013956156746153,0.7206901997138895,84.06784151048939,38.852148078703706,9.514811774376417,284.67493239165935
B0006,NASA_18650_LCO_2AH,100,2008-05-11 16:49:58.921,2.0,0.3916670849837612,0.33319509201789044,1.175488756524021,0.18123564205730539,0.7248621770016517,0.8252841778948289,0.2872335898101589,0.5672472586888604,1.0003472965862852,0.1165602390504383,29.231872906886423,2.9930710896815285,25.947381066960602,3.4121534154062365,0.0,24.0,0.08424937289973686,0.1131560883784857,1.181132538773179,1.2319908238033261,1.431210744960774,40.74323383889164,16.516759033542005,2.398886415333129,-0.05947857921580655,0.839375,1.0051624558715073,4.936510781759784,7.077446846701971,0.715605372480387,84.78853171020327,39.05853388888889,9.468735488215488,288.0606485089263
B0006,NASA_18650_LCO_2AH,101,2008-05-11 21:47:12.843,2.0,0.38833603445637116,0.33306849493142476,1.1659344542730112,0.1826918333142168,0.721404529387796,0.8105593739656699,0.2867751807447994,0.5705953513497426,1.0004572530583267,0.11708712661933388,29.272600835493,2.998853155344623,25.97159894270595,3.4657537284957485,0.0,24.0,0.08513277242115146,0.11530127322400113,1.1935173421677536,1.25534659796368,1.4260247179525716,40.81715493531611,16.595365705712602,2.3814379490849835,-0.06974238289118616,0.8367402777777777,1.0051266653690458,4.9152952917432895,7.074894769098975,0.7130123589762858,85.50413708268366,39.26494502314815,9.423586805555555,291.47280192433254
B0006,NASA_18650_LCO_2AH,102,2008-05-12 02:36:58.921,2.0,0.38081658252113726,0.33791166477439916,1.1269708082196495,0.18010217988230653,0.7187282472955364,0.7928942861591821,0.28230307162452667,0.5790959489257175,0.9999684784184124,0.1173044138014171,29.24185694673003,2.9601708464066867,26.033603358388206,3.4547889116786163,0.0,24.0,0.08490809348920642,0.11475789003789338,1.1903674600005247,1.249430494741248,1.420487649966195,40.72877617289365,16.510691184969144,2.459885297095542,-0.023596884061445986,0.8340669444444445,1.0051854528549125,4.877985262581286,7.0359237948938125,0.7102438249830975,86.21714944165994,39.46617277777778,9.378100462046204,294.9385556528283
B0006,NASA_18650_LCO_2AH,103,2008-05-12 12:56:34.781,2.0,0.37815194723551115,0.3365611971805055,1.1235755929133797,0.1799539083223049,0.7147131444160166,0.7953732705680415,0.28468941350432564,0.5822446332508128,1.000346214214413,0.11723991932823298,29.203986172484676,2.9807624253299956,25.90982967799584,3.3734813990372645,0.0,24.0,0.08620604830191601,0.11549125149852474,1.208564113701117,1.2574149929947296,1.4207006230355006,41.45494452672042,17.187949859749434,2.4007285025453995,-0.05839499850270618,0.8366666666666667,1.0053056700623015,4.89368787147839,7.343188055462613,0.7103503115177503,86.92739326664304,39.896448935185184,9.387399749455337,298.39334456450695
B0006,NASA_18650_LCO_2AH,104,2008-05-12 18:59:59.453,2.0,0.3725135960859414,0.3408630096711493,1.092854269810327,0.17813174385575925,0.7133766057570907,0.7682352687708158,0.2762745808201744,0.5720473704950911,0.9999965460631798,0.11813175756158041,29.530053408982685,4.449456106925535,26.41227975974544,3.8565938578679333,0.0,24.0,0.08535699295275583,0.11058870134812805,1.1966607977998105,1.2040383087608064,1.452255804330839,41.39678877103747,16.38626546360876,2.472830716079143,-0.01598193171815107,0.8389194444444444,1.0053615725401905,5.008958191913496,7.646475269944395,0.7261279021654194,87.63774357816078,40.14881782407407,9.355064347357066,301.7668259635442
B0006,NASA_18650_LCO_2AH,105,2008-05-12 23:53:17.609,2.0,0.4012464012460318,0.33296893416338336,1.2050565667685302,0.1872440284683448,0.7342153354094152,0.8116172774814508,0.2848612848721091,0.5600487190054839,1.000411906460014,0.11509304344802145,30.003136543658723,2.9922573397238637,26.686445558767225,4.836972705489552,0.0,24.0,0.0867555431006154,0.1139060200161376,1.2162677459572626,1.240155730431917,1.431557632772571,41.36669473718026,16.546854236659332,2.467318928642863,-0.01922415962184519,0.8339366666666683,1.005293565230424,4.925720405870564,7.527363959956765,0.7157788163862855,88.3638714803262,40.352500185185185,9.312115427350427,305.62341982141214
B0006,NASA_18650_LCO_2AH,106,2008-05-13 04:35:25.359,2.0,0.3886050395016468,0.3307034937080241,1.1750859797604698,0.18834423295295624,0.7193085332096709,0.7929876161697395,0.28897391786557036,0.5687721633001221,1.0001384620234703,0.11600805725395685,29.808177657882982,2.989135897425136,26.606458183179758,4.372226383021723,0.0,24.0,0.08648449289413239,0.11511577184444384,1.2124677625568012,1.2533269452813336,1.415015751158943,41.37787352037061,16.71610454015155,2.3692462667540997,-0.07691396073288255,0.8313063888888889,1.0052005838862677,4.875915900862579,7.431751158194644,0.7075078755794715,89.07965029671249,40.54842321759259,9.26821102116402,310.46039252690167
B0006,NASA_18650_LCO_2AH,107,2008-05-13 09:24:04.718,2.0,0.3795014005200739,0.33663685260148635,1.127331713755253,0.18246328855713212,0.7161382531215603,0.7861868128985573,0.28437270522370556,0.5809940171297527,1.0003467124615906,0.11711325553702037,29.64273803651614,2.972258254551182,26.340043075472312,4.050723745803919,0.0,24.0,0.0866246479080849,0.11614205621345638,1.214432663205362,1.264500651825582,1.4097311506517451,41.140956091698214,16.709837776780756,2.4482618595124874,-0.0304342002867721,0.8234633333333333,1.0050375632205657,4.83717014694333,7.197847277229319,0.7048655753258726,89.78715817229195,40.748878761574076,9.22616122903564,314.8326189099234
B0006,NASA_18650_LCO_2AH,108,2008-05-13 14:20:24.937,2.0,0.37157931120648047,0.33795870192218475,1.099481411614299,0.17656754966070679,0.7095380131286653,0.7837545729458988,0.2800186879109681,0.5879972145662169,1.0000789786372997,0.11770739719140864,29.424227040099296,2.9812304866143577,26.10257345827895,3.7120869970849237,0.0,24.0,0.0880437681826838,0.11594818232686833,1.2343279938775114,1.2623898431835172,1.404917318129309,41.2168813199875,16.87461166349799,2.4598632768748825,-0.023609837132422064,0.8287152777777778,1.0054630133068831,4.817961993105973,7.27974376333723,0.7024586590646545,90.49202374761782,40.95466833333333,9.1860938317757,318.8833426557273
B0006,NASA_18650_LCO_2AH,109,2008-05-13 19:04:20.531,2.0,0.36688816847395705,0.3372509272248907,1.0878789005830183,0.17683478034726954,0.7041390956988478,0.7722078717952077,0.2797828138967634,0.5942479410104294,1.0001101622191988,0.11785483158747295,29.528181634019152,3.023792229825773,26.41341494885895,3.9612147189492104,0.0,24.0,0.08732800806904485,0.11523039309773826,1.2242934080868129,1.254574888138807,1.395164296571563,41.40391881889191,16.709296037861133,2.497869764845928,-0.001253079502395269,0.8264713888888889,1.0053994430341524,4.786219910071716,7.476493533793519,0.6975821482857815,91.19448240668248,41.15183956018519,9.144853235596708,322.5954296528122
B0006,NASA_18650_LCO_2AH,110,2008-05-13 23:59:26.015,2.0,0.36535461539974345,0.33708680775556493,1.083859131985809,0.1771803960711576,0.7024414231553084,0.7679972202161356,0.2800562700375059,0.5976506743470228,1.0003353058538542,0.11752242386261551,29.841441321069038,3.0335881791945774,26.584568753917836,4.618728076684451,0.0,24.0,0.08657956333281504,0.11522662847352205,1.2138006008289288,1.2545339006625174,1.3945343832614077,41.586571331198584,16.752777528425693,2.472236707252471,-0.01633134867501711,0.8263847222222224,1.0051886994246952,4.782626918898497,7.605065912109284,0.6972671916307038,91.89206455496826,41.35676414351852,9.106076508664628,326.5566443717614
B0006,NASA_18650_LCO_2AH,111,2008-05-14 04:55:57.453,2.0,0.3596072113488421,0.34107405959252607,1.054337615857648,0.16989952925685986,0.7006812709413681,0.7807964729265036,0.27749275508675963,0.6046259552094786,0.999476524020734,0.11758314146816014,29.81401566030922,2.9581232147690955,26.46196190140926,4.4270735061452005,0.0,24.0,0.08739954754548356,0.11509181143522049,1.225296354465169,1.2530660754976501,1.3893171179312644,41.43504077863728,16.864006042321563,2.4278749904763077,-0.042426476190407215,0.8239583333333333,1.0051337310622184,4.756853299943038,7.422799873059241,0.6946585589656322,92.58933174659896,41.56268356481481,9.068221868686868,331.1753724484459
B0006,NASA_18650_LCO_2AH,112,2008-05-14 09:52:22.062,2.0,0.355539129621635,0.3415982293014575,1.0408108081481575,0.16892301194443035,0.6971373589230925,0.7810500568041222,0.2789071307006066,0.6103395364643269,1.0001265796359926,0.11828231285314866,29.432438931189996,2.946218566300356,26.121216404378323,3.746701583563497,0.0,24.0,0.08748526222682192,0.1179970416857247,1.226498029868733,1.2846968702780885,1.3838379472327809,41.37436880579148,17.000580677168777,2.4275905200235055,-0.04259381175087911,0.8212108333333333,1.0052478905759885,4.734542187334879,7.292808145725723,0.6919189736163904,93.28399030556459,41.76852394675926,9.031032204704704,335.6024459545911
B0006,NASA_18650_LCO_2AH,113,2008-05-14 14:35:22.515,2.0,0.35472788152907053,0.3391091610590008,1.0460580890774673,0.17038800004726845,0.6938370425880713,0.7642320692931462,0.27562225585527717,0.6108070500519354,1.0003582565910003,0.1186126985989725,29.526379105226304,3.011691886853498,26.409310711304133,3.9673595780724935,0.0,24.0,0.08598610771177202,0.11798297281120433,1.205480660629897,1.284543694920415,1.3736814238195123,41.66477948989921,17.03584511707691,2.37337869163978,-0.07448312256483536,0.8212066666666666,1.005472793819867,4.715186443162822,7.501878603628786,0.6868407119097562,93.97590927918098,41.96505696759259,8.992512207341269,339.34914753815457
B0006,NASA_18650_LCO_2AH,114,2008-05-14 19:31:39.390,2.0,0.35054049008587174,0.3435783741340581,1.020263543825274,0.16973195543435346,0.6941188642199299,0.7585769016588574,0.2762241266884985,0.6180523403563201,0.9996005503093746,0.11811298667103612,29.785784828098866,3.0117396965124215,26.554432319974733,4.555412785940482,0.0,24.0,0.08694783477881907,0.11805678063883122,1.2189635756144392,1.2853472801950936,1.3786059891863676,41.81816829502593,16.909510313443533,2.4248604132549767,-0.044199756908837234,0.8212238888888889,1.0052577569727774,4.718320692101643,7.700351007848757,0.6893029945931838,94.66274999109073,42.17080783564815,8.956631752704032,343.31650711622706
B0006,NASA_18650_LCO_2AH,115,2008-05-15 00:27:55.625,2.0,0.3512418139062274,0.34038113186902863,1.0319074134973616,0.16943648267630762,0.6916229457752561,0.7678773403664808,0.2783232078691353,0.6179457204371248,1.00044197137748,0.11835078200316407,29.938016224006763,2.9509037496709567,26.61726658220038,4.763770907375926,0.0,24.0,0.08713513353276027,0.11651362820565947,1.2215894070614568,1.2685461547352033,1.3737600299108574,41.686647000781186,16.89974668127442,2.426962848243194,-0.04296303044518001,0.818685,1.00521942149242,4.698597971675211,7.5694322049122515,0.6868800149554287,95.35205298568391,42.3765512962963,8.921379220272904,347.8719199021675
B0006,NASA_18650_LCO_2AH,116,2008-05-15 05:24:04.890,2.0,0.3471126342477631,0.3430152926597095,1.011945068251362,0.16334970416146058,0.6901279269074726,0.7762992536115837,0.27442476461325466,0.6244445439622831,1.0004916550885958,0.11839750520366131,29.715784734660758,2.9402173999595433,26.399750319384214,4.28135225988146,0.0,24.0,0.08745960762361188,0.11844597918526349,1.2261383656293712,1.2895846928232002,1.3682580583942712,41.565382893773936,17.010446189740406,2.417287750352038,-0.04865426449880129,0.8161066666666666,1.005195780590409,4.6748496534105355,7.407159840273558,0.6841290291971356,96.03893300063935,42.58221408564815,8.886722939613525,352.63569080954346
B0006,NASA_18650_LCO_2AH,117,2008-05-15 10:20:03.875,2.0,0.34145376058015386,0.34620695205246643,0.9862706628585334,0.15956689164896676,0.6876607126326203,0.7727981206903227,0.2713435790782989,0.6325611234886674,1.0003455851574998,0.11894020690957811,29.466865883379434,2.901512067083896,26.124475808397165,3.804461815312837,0.0,24.0,0.08821598307215515,0.11809524747117163,1.2367423573631353,1.2857660891619223,1.3633024037317505,41.46394809540406,17.137523888141544,2.4185087281747166,-0.047936042250166684,0.8136458333333333,1.0053604479750013,4.6540120345854366,7.2652788420427115,0.6816512018658752,96.72306202983648,42.78775789351852,8.852639564176245,356.91704306942495
B0006,NASA_18650_LCO_2AH,118,2008-05-15 15:10:59.437,2.0,0.3379106036010237,0.3461690594377489,0.976143285774268,0.1611581204893679,0.6840796630387727,0.7630992845722455,0.273332815068171,0.6371425476998266,1.0003191009678438,0.11919256865651541,29.449039550104775,2.9766450646616143,26.26020263178304,3.842060230429987,0.0,24.0,0.08662850094409812,0.11805107470728989,1.2144866807731092,1.2852851566681944,1.3580966140172601,41.6123634180086,17.037064389369835,2.480937393224248,-0.011213298103383397,0.8134594444444445,1.005411090602698,4.640065056747512,7.443236413967829,0.6790483070086301,97.40471323170236,42.98978986111111,8.818418433048432,360.7215048847378
B0006,NASA_18650_LCO_2AH,119,2008-05-15 19:56:47.390,2.0,0.3342898881132971,0.3489964579132143,0.9578604024614354,0.1585346559802534,0.6832863460265114,0.7649499801288469,0.2728120217578197,0.6427600884319483,0.9999591770970069,0.1191938188167114,29.801856124521297,3.0433527641169285,26.670370279195048,4.604664152500427,0.0,24.0,0.08818417221857774,0.11608809164796659,1.2362963856846145,1.2639131107533634,1.353269090999531,42.0075404495327,17.01395711211506,2.4078214169511205,-0.05422269591110558,0.8137152777777777,1.0055277961269193,4.641140403397114,7.746411567136732,0.6766345454997655,98.08376153871099,43.18826153935185,8.784053194444443,364.56356511516776
B0006,NASA_18650_LCO_2AH,120,2008-05-16 16:54:59.812,2.0,0.3405985625665407,0.34440062697708745,0.9889603426730118,0.1611745536738534,0.6849991895436282,0.7700969466028805,0.2737366558104417,0.635511666339696,1.0005176487427558,0.1182877971344619,30.13644300471175,3.00757488842131,26.950570586809867,5.3588844453577975,0.0,24.0,0.08839169141205175,0.1175119817693831,1.2392056972129484,1.279415763671356,1.3841605738237488,41.61679232360952,16.451571612616945,2.433234589649132,-0.039273770794628314,0.8183419444444444,1.0053614271640592,4.738142345539392,7.581154875693721,0.6920802869118744,98.76039608421075,44.06201642361111,8.886457093837535,369.1682292676682
B0006,NASA_18650_LCO_2AH,121,2008-05-16 21:37:39.671,2.0,0.3607643303794613,0.3429781069534778,1.05185818727044,0.1713406189914858,0.7037424373329391,0.7915443693968199,0.2827820856990438,0.5945369462580532,0.9994092149343343,0.11806726481149726,29.904596866451254,3.821033000249283,26.72454690095705,4.851939396767392,0.0,24.0,0.08839169141205175,0.1175119817693831,1.2392056972129484,1.279415763671356,1.4051467790651473,41.80245062827161,16.633101282020455,2.440822893388958,-0.03481006271237753,0.820955,1.005397886764505,4.824581655746713,7.75193155462924,0.7025733895325736,99.45247637112263,44.258311087962966,8.851662217592594,374.527113713026
B0006,NASA_18650_LCO_2AH,122,2008-05-17 02:32:13.968,2.0,0.36565906396822406,0.34106285788023444,1.0721163415588586,0.1705211911024786,0.7067219218484585,0.8077704849112368,0.2832259518426267,0.5995464926413071,1.000529469212811,0.1166851793358995,30.096384008359824,2.9117163986891335,26.742962123720645,5.059399186006429,0.0,24.0,0.08932711074909416,0.11803494899279178,1.2523197914590065,1.2851095873941623,1.378719022627353,41.653004783464006,16.831566570585288,2.396078253891397,-0.061130438887413555,0.8160069444444444,1.0051858652435004,4.7362545985784426,7.502407081222971,0.6893595113136765,100.1550497606552,44.46287471064815,8.819082587235997,379.3790531097934
B0006,NASA_18650_LCO_2AH,123,2008-05-17 07:25:19.906,2.0,0.35077201938010605,0.34402927573205166,1.0195993295160914,0.1671616066426145,0.6948012951121577,0.775629763284888,0.27786434589463826,0.6182718110830953,1.0003135697348715,0.1176444905654275,29.633427106758724,2.8955468350990294,26.311611774381017,4.065463541866616,0.0,24.0,0.08883378570740331,0.11901262655174014,1.2454036300814477,1.2957540856135954,1.3682657783199066,41.36061809844917,16.900757048587245,2.449306948268824,-0.029819442194809472,0.8136327777777778,1.0051338909513887,4.676799000115766,7.25278119021045,0.6841328891599533,100.84440927196889,44.666415659722226,8.786835867486339,384.43845229579983
B0006,NASA_18650_LCO_2AH,124,2008-05-17 12:21:15.890,2.0,0.34114625178677727,0.34407672509603077,0.9914830803967425,0.16947423302792128,0.685222976882808,0.7445731077921036,0.2779496077389755,0.6309036057971896,1.000428707684412,0.11915002144438941,29.36231857880349,2.945187255265111,26.06284845842712,3.629347717486599,0.0,24.0,0.08777599956768944,0.11936344021405976,1.230574016688762,1.299573581489036,1.3573151296618016,41.42815616511055,17.111217215341544,2.384185417166802,-0.06812622519599883,0.8106597222222223,1.0051606458356892,4.650173140104656,7.198939193228477,0.6786575648309008,101.52854216112884,44.87192473379629,8.755497509033423,388.50391583766645
B0006,NASA_18650_LCO_2AH,125,2008-05-17 17:15:37.281,2.0,0.33695205860273064,0.3443418672547819,0.9785393243051299,0.16790102765567116,0.6812939258575126,0.735239111810199,0.2751928897435005,0.6387097338728595,1.0005269419345373,0.11888205193715297,29.30429017195157,2.946026042486345,26.038273335849972,3.5504755565827817,0.0,24.0,0.0880936510076606,0.11835688524578003,1.2350273252277417,1.2886146794772724,1.3524934638801596,41.343265645039,17.043907361963043,2.4440756213040964,-0.03289669335053153,0.8110588888888889,1.0050301743702292,4.6153642726599715,7.184319367810397,0.6762467319400798,102.20719972595974,45.076338981481484,8.72445270609319,392.13326355515306
B0006,NASA_18650_LCO_2AH,126,2008-05-17 22:10:51.218,2.0,0.33090455452867995,0.34718827215075915,0.9530983060062654,0.16240104473406267,0.678092826679439,0.7496115300660582,0.2764040159002186,0.6476065418986686,1.0005639663908266,0.1192241190983941,29.26647234925969,2.962277243508094,25.982571679078095,3.4798981688840853,0.0,24.0,0.08856542211769793,0.12064139721955486,1.241641311655645,1.3134873825628144,1.3474099151661236,41.38118673567723,17.11623105459004,2.4296014294774673,-0.04141092383678396,0.8056727777777778,1.0051868773480512,4.594892123988744,7.13253515975386,0.6737049575830618,102.88344645789982,45.28136140046296,8.694021388888888,395.68373911173586
B0006,NASA_18650_LCO_2AH,127,2008-05-18 03:05:19.265,2.0,0.3271377376391784,0.3496553085125382,0.9356006592980051,0.15554969997596674,0.6767930461517166,0.7615250664267776,0.27208498720073515,0.6531386402543614,1.0003634407487987,0.11972606234946492,29.274547562511103,2.95537162791668,25.98889751886105,3.487049140363399,0.0,24.0,0.08823007499018845,0.11927926960502601,1.2369399187496475,1.2986571710735693,1.3370075130842318,41.378450473707446,17.14440121252274,2.41022288115442,-0.05281006990916459,0.8059375,1.0051118901887117,4.573859224470123,7.12614669802768,0.6685037565421159,103.55715141548288,45.48585268518518,8.663971940035273,399.1636372806199
B0006,NASA_18650_LCO_2AH,128,2008-05-18 08:00:50.421,2.0,0.3224587138748446,0.3537193704814082,0.9116229992724749,0.14893211037196208,0.6761780843562528,0.7786720604304144,0.2702826442998682,0.6611749893627022,1.000376036661286,0.12023336152252753,29.17342792067648,2.9388041111971184,25.873817245148032,3.3368541024182514,0.0,24.0,0.0898336131235036,0.11933149809128187,1.2594206922110254,1.2992258105231156,1.3312352966718526,41.306600641009794,17.222585810041434,2.4098927032454966,-0.05300429220853138,0.8058852777777777,1.0050835755643495,4.550994181077664,7.051963246797431,0.6656176483359263,104.225655172025,45.69107439814815,8.634533744531932,402.65068642098333
B0006,NASA_18650_LCO_2AH,129,2008-05-18 12:44:48.437,2.0,0.31936383477481717,0.35208577358634274,0.9070625917890648,0.1515040360152125,0.6714496083611599,0.7615793778884876,0.27136585521403395,0.6664992931886168,1.000471469824784,0.12013515336394792,29.05326191379302,2.9647274196351425,25.866725578506443,3.1424395757775807,0.0,24.0,0.0879727827386431,0.12095161837697171,1.233332814746202,1.3168649261379233,1.3259303781727643,41.204081036719124,17.17133661702546,2.453938411405305,-0.027095052114526536,0.8032333333333332,1.0051074215305837,4.513888681332531,6.975866260767018,0.6629651890863821,104.89127282036092,45.88827365740741,8.60405131076389,405.9875405234016
B0006,NASA_18650_LCO_2AH,130,2008-05-18 17:36:29.734,2.0,0.3151048694081366,0.35332403788647154,0.8918296950502694,0.15174431478992909,0.6684289072946081,0.7359046308682277,0.26629503607657856,0.673033203543179,1.0004293583066548,0.12071188246483981,29.018350960542612,2.9724784618215168,25.77918241614055,3.116589128819945,0.0,24.0,0.08942504848204724,0.12008818058075323,1.2536928277105905,1.3074642172842545,1.321578743867529,41.32955629442644,17.294506559746736,2.3940396792395253,-0.06232960044733804,0.8008072222222222,1.0052495313718166,4.513169225547906,6.998898854769256,0.6607893719337645,105.5542380094473,46.09083496527778,8.575039063307493,409.1299800991792
B0006,NASA_18650_LCO_2AH,131,2008-05-18 22:31:45.515,2.0,0.3140370297157521,0.35280259086282123,0.8901210971911407,0.1511873847079693,0.6668396205785734,0.7438785198118818,0.2690025823123992,0.6753607724074124,1.000373971241913,0.12055499677688293,29.051085535901876,2.9634542262386354,25.779594856251975,3.1645888456520406,0.0,24.0,0.08979220580541013,0.12050826011953657,1.2588401830741593,1.3120378477840786,1.321225074066109,41.300370296451625,17.233237005190404,2.45134737470238,-0.0286191913515412,0.8009069444444444,1.005141661317872,4.495514422470794,7.016845546907478,0.6606125370330544,106.21502738138106,46.295878726851846,8.546931457264957,412.24656922799915
B0006,NASA_18650_LCO_2AH,132,2008-05-19 03:27:07.765,2.0,0.3099833493170589,0.3527959399309506,0.8786477217918244,0.15092574935747202,0.6627792892480096,0.7359126862510611,0.2691543167386097,0.6816166941124469,1.0003486681231055,0.12067445364514086,29.033598285442057,2.9541661640038015,25.739149646920637,3.131773959390958,0.0,24.0,0.08822993609096846,0.1207015361091647,1.2369379714545794,1.3141421468023242,1.3156485301862682,41.243646229563595,17.239694887680738,2.475014603796582,-0.014697291884363592,0.8008247222222222,1.005084259282793,4.475422620789802,6.970644556228969,0.6578242650931341,106.87563991841412,46.50099736111111,8.519266692111959,415.41115807365117
B0006,NASA_18650_LCO_2AH,133,2008-05-19 15:34:33.625,2.0,0.30555888518416624,0.35551729356021206,0.8594768532762723,0.14613304765327706,0.6610761787443783,0.7456266163061016,0.26795039863326037,0.6892700360918408,1.0003636491270378,0.12104038123117726,28.953402514298006,2.9865546704431267,25.68008908964709,3.0132182996055294,0.0,24.0,0.09006953764999139,0.12119765265632483,1.262728231784774,1.3195436328592995,1.3209025697502388,41.36464929786556,16.699429634815907,2.4569179775419294,-0.025342366151806222,0.8032377777777777,1.0050642545468755,4.497555496607681,7.240924055122501,0.6604512848751194,107.53346418350726,47.00615777777778,8.54657414141414,418.5429320330421
B0006,NASA_18650_LCO_2AH,134,2008-05-19 20:59:48.437,2.0,0.31226644514093327,0.3543250639911845,0.8812993390387215,0.1469759772129119,0.6665915091321177,0.7454858550480968,0.26345287052781774,0.6568141498580304,1.0004038624615408,0.12104022284397986,29.214892256060573,4.161902593034949,26.173174882929104,3.533497804215367,0.0,24.0,0.09006953764999139,0.12119765265632483,1.262728231784774,1.3195436328592995,1.3474328767273906,40.89285784811417,16.087500292336223,2.438240626221148,-0.03632904339932483,0.8059027777777777,1.0051214084895597,4.603427813306987,7.12897358910947,0.6737164383636953,108.19391546838239,47.23202365740741,8.52307193817878,421.55615033264763
B0006,NASA_18650_LCO_2AH,135,2008-05-20 01:16:42.609,2.0,0.3332174377299523,0.3417009809221204,0.9751726095229211,0.16760019017982505,0.6749184186520727,0.7351161912937281,0.2781252287031808,0.655197348676648,1.0003282179634216,0.11652023678814026,29.67320643675769,1.6211651303382624,26.412927199212106,4.335264680382529,0.0,24.0,0.09006953764999139,0.12119765265632483,1.262728231784774,1.3195436328592995,1.3260128072353616,40.652964511118334,16.084187501541255,2.4946397780995584,-0.003153071706142122,0.8032508333333334,1.005130238759913,4.523526339701368,6.941159195382705,0.6630064036176808,108.86763190674608,47.41042842592592,8.491420016583747,425.089648136863
B0006,NASA_18650_LCO_2AH,136,2008-05-20 06:12:06.265,2.0,0.3138716547987537,0.3504043075397211,0.8957414266812433,0.15430394333301808,0.6642759623384749,0.7343821245522892,0.2714035235548503,0.6756703617382124,1.0003760579696872,0.1198824980816218,29.182521926296026,2.8106824625563505,26.01498124223845,3.479600420360367,0.0,24.0,0.0897390172790082,0.12010923823993774,1.2580945075034047,1.3076934832765477,1.3101186784831063,40.58410707337388,16.268836026730707,2.4367455144223555,-0.03720852092802615,0.8008377777777778,1.004997918890974,4.476520399816669,6.8182816885338555,0.6550593392415531,109.53063831036377,47.615563333333334,8.464989037037038,429.4249128172455
B0006,NASA_18650_LCO_2AH,137,2008-05-20 11:07:23.453,2.0,0.306966723714202,0.3508198432800351,0.8749981768610299,0.15592863012512423,0.6577865669942371,0.7091213283198196,0.27085844507459167,0.6863594510084132,0.9998769555626901,0.12063872065219727,28.958962550469153,2.824843653716666,25.743698100268983,3.098972736046116,0.0,24.0,0.08974241267973701,0.11909470499788467,1.2581421092616725,1.2966477175332838,1.30521620229393,40.322783635307104,16.31898763131691,2.4858689968085326,-0.008312354818510252,0.7981813888888889,1.0051317795517507,4.438969890927475,6.591524920549807,0.652608101146965,110.18569764960532,47.82062337962963,8.438933537581699,432.9045132376059
B0006,NASA_18650_LCO_2AH,138,2008-05-20 15:57:27.312,2.0,0.3034885203552292,0.3513809299579953,0.86370230723579,0.14942518695693396,0.6548694503132245,0.7301523524954527,0.2701141373276293,0.6925007421846124,1.0006183904098724,0.12099595748905621,28.86335897061623,2.8851305033576473,25.849366387166373,3.0163783389236016,0.0,24.0,0.0889311712734102,0.11964762542133095,1.246768925238653,1.3026676577569225,1.3004061951355774,40.78032921971219,16.419629704698004,2.3957550201907916,-0.0613205763583579,0.7983419444444444,1.0052305987881631,4.438633525970885,6.881095223885725,0.6502030975677887,110.83830575075228,48.02205693287037,8.412623112327655,436.003485973652
B0006,NASA_18650_LCO_2AH,139,2008-05-20 20:50:39.015,2.0,0.30669168302883093,0.34749785907411757,0.8825714305253638,0.15510649238058719,0.6541895421029484,0.7101341813776502,0.2697547808809059,0.6887231077552409,1.0005830888923661,0.12034460273697455,29.24054616758047,2.8689560789641604,26.160906049591357,3.6125382974241096,0.0,24.0,0.08749325831476486,0.11994255244169748,1.2266101308770518,1.305878685886208,1.300235735841116,40.85731522464202,16.23554183375255,2.4504684570147006,-0.029136201756058456,0.7983983333333333,1.0051095883787011,4.423865385599911,7.02342926634494,0.650117867920558,111.48850884832007,48.22566460648148,8.38707210547504,439.0198643125756
B0006,NASA_18650_LCO_2AH,140,2008-05-21 01:39:38.968,2.0,0.30137359522334994,0.350858556900968,0.8589603669804021,0.14908616732819915,0.652232152124318,0.7230644818616528,0.2688991669189258,0.6982857626129252,1.0003792915740748,0.12050885421422733,29.273782336676156,2.813615197093455,26.149674507929515,3.6101976537454044,0.0,24.0,0.08888172215604907,0.12163594731519047,1.246075674244389,1.3243155811086802,1.2895066722480755,40.74860220857894,16.386161508416475,2.3942028718004007,-0.0622336048232937,0.7958288888888889,1.0050724135431484,4.398145367952952,6.850856811103165,0.6447533361240377,112.13862671624062,48.426358506944446,8.361385641486809,442.6324026099997
B0006,NASA_18650_LCO_2AH,141,2008-05-21 06:24:27.281,2.0,0.2963057007252072,0.3558761235436649,0.8326091038601157,0.1414074238919826,0.6521818242688721,0.7384798047150899,0.26495022972990345,0.7086460543208465,1.000393435863944,0.121012854645684,28.967053882242595,2.8075513366431153,25.88741440866421,3.134546359091034,0.0,24.0,0.0887503636854116,0.11988497059547816,1.2442340965735612,1.3052517615450043,1.279253057384795,40.472276230208436,16.413987892071596,2.4303844034459368,-0.040950350914154846,0.7930813888888888,1.0049913449184416,4.359022398479843,6.595860822619405,0.6396265286923974,112.78338005236466,48.62413990740741,8.335566841269841,446.2426002637451
B0006,NASA_18650_LCO_2AH,142,2008-05-21 11:18:06.015,2.0,0.28991227733716707,0.35639994337438213,0.8134464730425168,0.14239336230176572,0.6463122207115493,0.7180853066639579,0.2651226301854836,0.7196161688244376,1.0003453908313447,0.12178810807424888,28.663710651492863,2.827338386369888,25.497625818790674,2.697065418531856,0.0,24.0,0.0885682915748088,0.12015058672281477,1.2416815399570034,1.3081436663132069,1.2792078171714618,40.28187574900838,16.44183919710226,2.4755630989048205,-0.014374647703046755,0.7932291666666667,1.0052007923624522,4.340258248417048,6.49024101871051,0.6396039085857309,113.42300658105707,48.82806043981482,8.311159223798267,449.3771466228361
B0006,NASA_18650_LCO_2AH,143,2008-05-21 16:10:21.203,2.0,0.28780130065108855,0.35355135630658735,0.8140296879373375,0.14364061181098034,0.641352656957676,0.7073060248190917,0.2651849267988577,0.7201661435313895,1.0003366861966454,0.12217140081633741,28.644446228233157,2.880055253762773,25.5837511055969,2.6924207506443767,0.0,24.0,0.08828548054476625,0.12040952623425341,1.2377166759062674,1.3109628791950227,1.274036760902923,40.637565231244686,16.521420132855827,2.446712151873903,-0.03134579301535117,0.7932205555555556,1.0052820993840226,4.341897994993829,6.730125863087922,0.6370183804514615,114.0626104896428,49.03101400462963,8.286931944444445,452.07421204136796
B0006,NASA_18650_LCO_2AH,144,2008-05-21 21:02:09.781,2.0,0.28874229556897213,0.3522301210279707,0.8197546942220927,0.14531286166513613,0.6409724165969428,0.7010212999073603,0.265158684252158,0.7191286880787202,0.9997923853656816,0.12176945287163572,29.000180627198866,2.8951211018198038,25.901434373433876,3.1771821576207415,0.0,24.0,0.08815392082384486,0.12137094643523884,1.235872276810774,1.3214303748676497,1.2741273923001468,40.64243349478575,16.394058063185152,2.4607112018206894,-0.023111057752535667,0.7909547222222222,1.0051485648142493,4.324592540483847,6.742705124095331,0.6370636961500734,114.69962887009426,49.233659583333335,8.262991818181817,454.76663279201233
B0006,NASA_18650_LCO_2AH,145,2008-05-22 01:42:59.218,2.0,0.28670839834337736,0.3536966462424275,0.8106053619223792,0.13901740830384002,0.6404050445858049,0.7260411822638283,0.2644787482038992,0.7231427873585052,1.0003522043938025,0.12187015142017582,28.850541540719945,2.8066442808803806,25.812500717956773,2.954843792664256,0.0,24.0,0.08889315456915642,0.11966538567403073,1.2462359507503502,1.3028610231221283,1.2637639426440779,40.38713367022122,16.41436979608464,2.4619788522973796,-0.022365381001541434,0.7909333333333334,1.0051238976365542,4.283843595141642,6.541078014692006,0.6318819713220389,115.33669256624434,49.428676215277775,8.238112702546296,457.94381494963307
B0006,NASA_18650_LCO_2AH,146,2008-05-22 06:32:40.921,2.0,0.2813619907569599,0.35669162125236853,0.788810203544097,0.13738571008633355,0.6380536120093284,0.7193338346913254,0.263857238914511,0.7337755135312509,1.0004114361419298,0.12280269164487656,28.54442368993556,2.826986722156132,25.418015652812915,2.5389030286512124,0.0,24.0,0.0885780688891883,0.12234177167309557,1.2418186128366935,1.3320002682043266,1.2581373688955233,40.15316398972329,16.473174547685062,2.4999079970509284,-5.411938180684384e-05,0.7881466666666667,1.0050768497458975,4.262543846745508,6.3418481891657885,0.6290686844477617,115.96857453756638,49.62985333333333,8.214596413793103,460.8986587422973
B0006,NASA_18650_LCO_2AH,147,2008-05-22 11:23:22.187,2.0,0.27549292877874226,0.3566851528956195,0.7723700472421335,0.13594841300485125,0.6321780816743617,0.7055862623642691,0.2615502401226729,0.7456086278344523,1.0004354619617686,0.12297395723261523,28.312507797337528,2.8219878748482117,25.184158283341244,2.2466724138314516,0.0,24.0,0.09053986759197168,0.1209193152930878,1.2693220137835235,1.3165132251954834,1.253259864055301,40.26211669866818,16.729584211303376,2.4061574188511727,-0.05520151832283956,0.7881336111111111,1.0051411375014663,4.257532738539569,6.334541789411047,0.6266299320276505,116.59764322201414,49.83171983796296,8.191515589802131,463.4375617709485
B0006,NASA_18650_LCO_2AH,148,2008-05-22 16:17:58.890,2.0,0.27647678475306015,0.3552191853487224,0.778327285708052,0.13725707041946994,0.6316959701017826,0.6894415414718518,0.25701000316745626,0.7443610123905684,1.0003283070504778,0.12282822525946543,28.410960417779172,2.8859454755156193,25.35578191720396,2.3846320346210406,0.0,24.0,0.08920534382535499,0.12247808317629673,1.2506126823040715,1.3334843644074488,1.2532313315493426,40.65437976632703,16.75398953382372,2.40921365026611,-0.05340373513758228,0.7884763888888888,1.005216190168562,4.26156955062252,6.595360310496061,0.6266156657746713,117.2242731540418,50.03631130787037,8.169193682917612,465.68423418477994
B0006,NASA_18650_LCO_2AH,149,2008-05-22 20:59:50.203,2.0,0.2767001747662134,0.35320106837051773,0.7834069575470359,0.1398785576745388,0.6299012431367311,0.6870683871496975,0.2609739857813206,0.7441338473877974,1.0003386186833896,0.12271692454082699,28.710913065629942,2.847575644151373,25.68149669765411,2.7471806479950605,0.0,24.0,0.0893081362879693,0.12346335475764866,1.2520537793491366,1.3442115428083112,1.2480874960313577,40.41021687551566,16.483054974453783,2.4705399687343235,-0.01732943015628031,0.7856466666666666,1.005326996524091,4.227425768327446,6.508364510106504,0.6240437480156789,117.85088881981646,50.23204409722223,8.145736880630631,468.068866219401
B0006,NASA_18650_LCO_2AH,150,2008-05-23 12:13:16.359,2.0,0.2745477979976665,0.35227997014982204,0.7793454663097383,0.13992130849712806,0.6268277681474885,0.6806763476179082,0.2605225912129173,0.7481758102203855,1.0005391373610057,0.12270766919779173,28.66950429176209,2.8703876938812165,25.591813739883985,2.7018643991550704,0.0,24.0,0.08975643712140392,0.1252603095921552,1.2583387246645032,1.3637759506861817,1.2534354284944844,40.49521984011741,16.931998062188534,2.4996841687041944,-0.00018578311517975933,0.7884069444444444,1.0052639641069703,4.243169639005293,6.4521145262790665,0.6267177142472422,118.47493256783214,50.86637460648148,8.193241547352722,470.81604686739604
B0006,NASA_18650_LCO_2AH,151,2008-05-23 20:14:29.875,2.0,0.2647217472977268,0.36372993743430615,0.727797521427941,0.12232940428064755,0.628451684732033,0.7014338317659937,0.24324143227153072,0.6950794591810296,0.9999177406326253,0.12350074198932999,28.564337059732743,4.3590919383920195,25.497613624329297,2.3915740293969945,0.0,24.0,0.08758758548584737,0.11486459236914062,1.2279325489226862,1.2505922200611912,1.2898048773266901,41.357879741754175,17.17489367055964,2.4839695531514434,-0.009429674616797994,0.7957075,1.0053580228093888,4.3918446517276575,7.024944279090016,0.6449024386633451,119.10165028207939,51.20055881944444,8.192089411111112,473.5179112665511
B0006,NASA_18650_LCO_2AH,152,2008-05-24 01:09:21.562,2.0,0.29884704466088347,0.3513665645124729,0.8505278373606064,0.1426251931431662,0.6502136091733564,0.7302577295915703,0.2619004418786869,0.6997933412816031,0.9999628102677055,0.12042102088562358,29.13293364894342,3.013268574529672,25.84421874752408,3.221341497250342,0.0,24.0,0.08857366924223399,0.11919155113829673,1.2417569320668789,1.2977021332348,1.2635402021758835,41.37902988743146,17.241128597483087,2.4675402264113453,-0.01909398446391453,0.7906638888888888,1.0052175371944798,4.29013565739871,6.999610752162914,0.6317701010879417,119.74655272074274,51.405323715277774,8.170382577262693,475.9094852959481
B0006,NASA_18650_LCO_2AH,153,2008-05-24 06:00:20.156,2.0,0.28697564073429255,0.34711225984727057,0.826751669466201,0.14423206610417663,0.6340879005815632,0.6985941986109611,0.2637651637176476,0.7217378686615964,1.0005209595695852,0.12132164648219765,29.028126782794402,2.9979147552423235,25.742753320720922,3.0396887790003793,0.0,24.0,0.08853048782466547,0.12074251941904766,1.241151550974948,1.314588354005387,1.2479761706842853,41.20920760771975,17.246110219559032,2.4946438160388325,-0.0031506964477456168,0.7883247222222223,1.0051910766563619,4.232645503120012,6.849599336910698,0.6239880853421427,120.37832282183068,51.60739077546297,8.148535385599414,479.1308267931985
B0006,NASA_18650_LCO_2AH,154,2008-05-24 10:42:50.484,2.0,0.2780304654700453,0.3475691981381676,0.7999283784622275,0.14113627161094608,0.6255996636082128,0.6868701862740374,0.261898657095921,0.7376082058013191,0.9998797991556946,0.12220729809345715,28.824446138646483,2.9971232396661875,25.638392621114672,2.7612332178715295,0.0,24.0,0.08917124520256924,0.12161908742002298,1.2501346372870774,1.324132018417231,1.2321202877943334,41.20630554355683,17.35349803863945,2.4577382116375843,-0.024859875507303335,0.7883766666666666,1.0052662395014866,4.190290186098248,6.809931835191217,0.6160601438971667,121.00231090717283,51.803575127314815,8.126051000363109,482.17051557219884
B0006,NASA_18650_LCO_2AH,155,2008-05-24 15:31:10.593,2.0,0.27287671152541515,0.35194485183097945,0.7753394025175108,0.13096676902042992,0.6248215633563946,0.7162416094974171,0.25820968656578913,0.75018893177621,1.0001153734246775,0.12240206055969027,28.73861109020366,3.0344610960060017,25.49563276443761,2.6349874859308833,0.0,24.0,0.08981546627518483,0.12305152225613417,1.2591662828037173,1.3397277022118357,1.2271137666213534,41.28239317323536,17.529359049775714,2.40986495422137,-0.05302061516389991,0.7860674999999999,1.005237744842059,4.16801193766283,6.778448233467241,0.6135568833106767,121.61837105107,52.00380787037037,8.104489538239537,484.93174879007034
B0006,NASA_18650_LCO_2AH,156,2008-05-24 20:21:13.437,2.0,0.2685630089095457,0.3552164773422974,0.7560544784996643,0.12288552017734747,0.6237794862518431,0.7504409445647461,0.25791888963310217,0.7573637131349634,0.9998275067862461,0.12292010695205859,28.66945729023269,3.004963818588461,25.428938070318736,2.5693398985544587,0.0,24.0,0.08880676179679808,0.12253729645760367,1.2450247688621634,1.3341290510545643,1.2217397581377356,41.1595683576961,17.43823467442777,2.479418189447868,-0.012106947383607082,0.7860069444444444,1.0052054491710356,4.13330968997673,6.736075170993758,0.6108698790688678,122.23192793438068,52.20522967592592,8.083390401433691,487.5667362760012
B0006,NASA_18650_LCO_2AH,157,2008-05-25 01:06:49.828,2.0,0.26391512598415,0.3492004241970332,0.7557697738000267,0.13258343852275326,0.6131155501811831,0.6832753078017513,0.25779877202808266,0.7677800277363079,0.9999217991162989,0.12297334648342212,28.620406575828014,3.024712970824929,25.452360068893437,2.509983012556827,0.0,24.0,0.08903314581311293,0.12351696006893038,1.2481985554284545,1.3447951724879206,1.211102678915174,41.230427315370186,17.47060517003761,2.434585389303289,-0.03847918276277121,0.7831769444444444,1.0051781954610317,4.110956385425784,6.731976932486254,0.605551339457587,122.84279781344955,52.40356753472223,8.062087313034189,490.1360761745557
B0006,NASA_18650_LCO_2AH,158,2008-05-25 05:57:17.890,2.0,0.26154318493921447,0.3485559522392761,0.7503621237387152,0.1338947135938471,0.6100991371784905,0.6672142712367014,0.2565258000482647,0.7733560788923729,0.9998073764305903,0.12321536257983158,28.628153065717633,3.0214728231566603,25.399233871624016,2.5165475521795755,0.0,24.0,0.089879183743786,0.12500657053112754,1.2600595686866007,1.3610133578879848,1.2056159765131735,41.21487873613708,17.552562957476667,2.425682710641569,-0.043716052563783046,0.7832163888888889,1.005093397239811,4.08994527875474,6.704647211519084,0.6028079882565868,123.44834915290714,52.60528121527778,8.0415716507431,492.6460591871125
B0006,NASA_18650_LCO_2AH,159,2008-05-25 10:51:37.015,2.0,0.2581997882487949,0.3485687217746455,0.7407428485374923,0.1312384300736307,0.6067685100234403,0.6696069385705227,0.25558112878522204,0.7806349201275601,0.9999900623241956,0.12344427028496444,28.53948250596772,3.000122833936839,25.2820272954604,2.406916102564667,0.0,24.0,0.08887164179282969,0.12147293446970861,1.2459343527770443,1.3225407731184642,1.2008936262717274,41.27439823262361,17.61271028365799,2.417924401749313,-0.048279763676874636,0.7807422222222222,1.0052197979824957,4.071766688340986,6.698327906188702,0.6004468131358637,124.05115714116373,52.80966923611111,8.0217219092827,495.1626067392921
B0006,NASA_18650_LCO_2AH,160,2008-05-25 15:37:08.890,2.0,0.25553300062606027,0.34979541320534835,0.7305213007775727,0.1261080239732878,0.6053284138314086,0.6886429177299328,0.25520679173120403,0.7882676323850883,0.9999182586360866,0.1233275143814706,28.572516311766954,3.012604821786894,25.41799675980421,2.453581207634644,0.0,24.0,0.09127712836760983,0.12321310306768776,1.279658027710935,1.341486918883155,1.1905903985558335,41.237668013317766,17.51306168671397,2.4541577949851603,-0.02696600294990571,0.7809680555555556,1.0052902601866076,4.03757942732349,6.708945919513945,0.5952951992779167,124.65160395429959,53.00795482638889,8.001200728511531,497.5695228418567
B0006,NASA_18650_LCO_2AH,161,2008-05-25 20:23:04.453,2.0,0.2533759636886575,0.3522393429259963,0.7193289688319287,0.11853103826275475,0.6056153066146538,0.7203415695618269,0.2530446983363055,0.7941846646249711,1.000326553207868,0.12360757920473268,28.62669459075133,3.0361897108320406,25.454072385369944,2.5033407480342365,0.0,24.0,0.09310705341155437,0.1224776172894017,1.3053126283153935,1.3334792920477743,1.185179251041941,41.24068073261839,17.47861773657714,2.463616101176541,-0.021402293425564146,0.7784505555555555,1.0051883621291975,4.018957871534709,6.716006483696864,0.5925896255209705,125.2468991535775,53.20651458333334,7.9809771875,500.0231040494914
B0006,NASA_18650_LCO_2AH,162,2008-05-26 01:13:02.796,2.0,0.25090149537759576,0.34664348146345264,0.7238027207563327,0.12764590427922004,0.5975449768410483,0.6604102204123568,0.2522751721864609,0.7966479192449683,0.9999428692694797,0.12395193449076335,28.631186857858758,3.016892727789255,25.429946661301248,2.511685024065277,0.0,24.0,0.09062918090619278,0.1227088655596367,1.2705741401548112,1.335997015583754,1.1796706818144624,41.28133907077437,17.475271930649335,2.470375229475307,-0.017426335602760606,0.7782291666666666,1.0051081985896675,3.999484423058052,6.740381313527927,0.5898353409072312,125.83948877909847,53.40788429398148,7.96142374568668,502.52644479752564
B0006,NASA_18650_LCO_2AH,163,2008-05-26 06:01:08.171,2.0,0.24878319575490815,0.34695032408012,0.7170571062470862,0.12304051582903015,0.5957335198350282,0.670206232182077,0.24877718947611469,0.8018285778971055,1.000519866012939,0.12395784533754653,28.612332550569292,3.0169211768939483,25.42050671654486,2.48837835934757,0.0,24.0,0.08892538014388449,0.12405909256130253,1.2466877366044393,1.3506976587390722,1.1745952836753915,41.28338645880181,17.569859546188717,2.4357634426689945,-0.03778621019470913,0.7783419444444444,1.005190019982827,3.9778862410466638,6.695716199142159,0.5872976418376957,126.4293241200057,53.60794650462962,7.941918000685871,505.0381298215909
B0006,NASA_18650_LCO_2AH,164,2008-05-26 10:44:38.468,2.0,0.24456336528907482,0.3422310551543064,0.7146147646405082,0.13574021273854633,0.5867944204433813,0.6210740793767477,0.2588908950373691,0.8167270273750389,1.0005976705699005,0.12404284188066984,28.542199304478256,3.010950426067261,25.397105626124826,2.3923242916630323,0.0,24.0,0.0903532238500362,0.1235981046499505,1.2667053652653115,1.345678636918785,1.15381833159625,41.149193043289586,17.44185327643264,2.481190011798763,-0.011064698941904066,0.7759416666666666,1.0053149444791056,3.9050501434706844,6.620514954765939,0.576909165798125,127.0166217618434,53.80482494212963,7.922182813565099,507.5265081809385
B0006,NASA_18650_LCO_2AH,165,2008-05-26 15:30:43.968,2.0,0.24338527587110148,0.3449586720119813,0.7055490853405,0.12736951213083414,0.5883439478830828,0.6378927793448458,0.2505831069171106,0.814889291899121,0.9997702131849486,0.12433828923401744,28.565426308382822,3.0549058064318046,25.419424201944214,2.4227695547103583,0.0,24.0,0.09145152322315918,0.12414804834428282,1.2821029531910229,1.351666167901296,1.1644009557372264,41.26268252018065,17.471222435015942,2.491537251958465,-0.004978087083255958,0.7759416666666666,1.0052793931451172,3.9262711260895515,6.702534378126955,0.5822004778686132,127.59353092764152,54.00349971064815,7.902951177168021,509.91883247260154
B0006,NASA_18650_LCO_2AH,166,2008-05-26 20:21:04.921,2.0,0.24014891352300893,0.34284926606459953,0.7004504222200522,0.12657211314246297,0.5829981795876085,0.6277528227203886,0.2483370821775016,0.8247153364546794,1.0004183064745955,0.12414770051630161,28.631428241793976,3.0407002816902846,25.432459537239456,2.4956889902083508,0.0,24.0,0.0899971583643213,0.12551012063169753,1.2617135117162954,1.3664957770146733,1.1587974947916069,41.45791806300034,17.655021179851975,2.40904100737121,-0.053505289781641124,0.7756902777777778,1.0052631752537633,3.919874942363004,6.763537725278917,0.5793987473958034,128.17573140551013,54.20513111111111,7.884382707070707,512.3416020273119
B0006,NASA_18650_LCO_2AH,167,2008-05-27 15:52:41.359,2.0,0.23867589093388536,0.3462410835845697,0.6893344028335718,0.11792478879042673,0.584916974518455,0.6717921728151065,0.24917080384652618,0.8298112744257455,0.9999345733746396,0.12410533018813812,28.6588020031526,3.0075193427210962,25.57546236674736,2.5436526238693067,0.0,24.0,0.09051111866071421,0.12458602683893877,1.268918968668831,1.3564346739019144,1.1749748834769171,41.11666214070682,16.418064178220757,2.475767645530351,-0.014254326158617187,0.7783377777777778,1.0053845965869372,3.9888732955003494,6.817617483620515,0.5874874417384586,128.75513015290593,55.018747291666664,7.954517680722891,514.8372910175202
B0006,NASA_18650_LCO_2AH,168,2008-05-27 20:45:42.125,2.0,0.2506508586805911,0.34934266438250744,0.7174928340484584,0.11791096830276834,0.5999935230630986,0.685442126467001,0.24194667676459877,0.7691925612081114,0.9999076633517013,0.12324554929533588,28.229569454958643,3.5438876194950666,25.30089012739764,1.9042812290236175,0.0,24.0,0.09051111866071421,0.12458602683893877,1.268918968668831,1.3564346739019144,1.1856752327929356,41.36263766174168,16.454911801035525,2.4160441724133666,-0.049385780933313785,0.7834416666666666,1.0056741242156488,4.033484895485969,6.9853129421471065,0.5928376163964678,129.3426175946444,55.22222837962963,7.93612862940785,517.3809436413895
B0007,NASA_18650_LCO_2AH,1,2008-04-02 15:25:41.593,2.0,0.17523835158413661,0.22694851519777892,0.7721502431745211,0.12699084735347807,0.4021868667819155,0.6843610172631923,0.3670264672863415,0.6967280528741467,1.0050929733625287,0.11171827063018709,27.29904441900397,2.8648004312537942,25.115926436461894,0.6836781712305232,0.0,24.0,,,,,1.89105229539079,40.59042914535701,16.653385199221717,2.145975766935391,-0.2082495488615346,1.025065,0.9950847320199774,6.755989985905112,7.971530897941146,0.945526147695395,0.0,0.0,0.0,0.0
B0007,NASA_18650_LCO_2AH,2,2008-04-02 19:43:48.406,2.0,0.7195229024434184,0.23850857573020537,3.016759035737752,0.3625975470606851,0.9580314781736238,1.3710746712384458,0.5142844120959663,0.766308831195612,1.0045553206385427,0.11464383048476619,30.577385154985016,0.0,26.756606170640403,3.8035115855276267,0.0,24.0,,,,,1.880637027686859,40.26023408628707,15.993146270996828,2.1110166987852117,-0.22881370659693426,1.0200955555555555,0.9948771103150369,6.738636359307054,8.034862329718148,0.9403185138434295,0.945526147695395,0.17924552083333334,4.3018925,0.6836781712305232
B0007,NASA_18650_LCO_2AH,3,2008-04-03 00:01:06.687,2.0,0.7235127435985319,0.2301475017169976,3.1436914875415782,0.3788787732821199,0.9536602453155295,1.3275297215397972,0.5170803647096678,0.7442093324286047,1.0051276506509879,0.10724857759016453,30.66376913104331,0.0,26.78896518782561,3.857639529219765,0.0,24.0,,,,,1.8806626717011388,40.27558633997852,15.947014833875532,2.0251085128182655,-0.2793479336363144,1.0143447222222222,0.9949346548068989,6.740207581871375,7.9301833343645605,0.9403313358505694,1.8858446615388245,0.3579293287037037,4.295151944444445,4.48718975675815
B0007,NASA_18650_LCO_2AH,4,2008-04-03 04:16:37.375,2.0,0.7239769613028728,0.23002894980533975,3.1473297615011844,0.3759090388355318,0.9540059111082125,1.3328021843439823,0.5146791202471719,0.7465976044886213,1.005232485383738,0.10769601978493504,30.792245916339162,0.0,26.790949987534404,3.8229265742119862,0.0,24.0,,,,,1.8807709009833444,40.29314715799111,16.064300065860998,1.922542180649595,-0.33968107020612054,1.0087675,0.9949598428351804,6.738487261836431,7.755301955372634,0.9403854504916722,2.826175997389394,0.5353678472222222,4.2829427777777775,8.344829285977916
B0007,NASA_18650_LCO_2AH,5,2008-04-03 08:33:25.703,2.0,0.7239883995075214,0.23094776252089605,3.1348578138945435,0.37289603599391274,0.9549361620284174,1.346560681972713,0.5160566564840114,0.750220074853625,1.005098502751177,0.1084942942446214,30.89342353302922,0.0,26.726850930641444,3.6977529970345504,0.0,24.0,,,,,1.8794508728285058,40.268872630219796,16.130565023174665,1.8711590450649882,-0.36990644407941864,1.0081033333333334,0.9948018482957038,6.733086330771944,7.6647218976716,0.9397254364142529,3.766561447881066,0.7137049768518519,4.282229861111111,12.167755860189903
B0007,NASA_18650_LCO_2AH,6,2008-04-03 12:55:10.687,2.0,0.7218831954606377,0.23272582184268675,3.101861186669999,0.36994288538694814,0.9546090173033245,1.3617064907538985,0.5192870918680171,0.7496643977621043,1.0047735468828143,0.10652028257805254,30.821167500690837,0.0,26.620773999930954,3.5690034850481083,0.0,24.0,,,,,1.8807003517117404,39.67620802332074,15.528243699269662,2.1756867065903434,-0.19077252553509214,1.0145225,0.9948983887128956,6.7141775654995355,7.737454228605229,0.9403501758558702,4.706286884295318,0.895475625,4.298283,15.865508857224453
B0007,NASA_18650_LCO_2AH,7,2008-04-03 17:17:16.015,2.0,0.7172583676755128,0.23264426805712676,3.0830691515591195,0.368315698684992,0.9499026357326396,1.3549996268717908,0.5178136387074237,0.7200750183089855,1.0043389088665817,0.10242584328331546,30.421910739966474,0.0,26.58924306987374,3.5717175307280105,0.0,24.0,,,,,1.8799352523566075,39.803817662926164,15.548301676254791,2.1117887156019437,-0.22835957905768015,1.0141188888888888,0.9948013371765773,6.71274803834409,7.802992075778446,0.9399676261783038,5.646637060151188,1.077481736111111,4.309926944444444,19.434512342272562
B0007,NASA_18650_LCO_2AH,8,2008-04-03 21:28:14.718,2.0,0.7196440032385674,0.22992051540583633,3.1299686346097824,0.3720103065077571,0.9495645186444037,1.3405727585686253,0.5156953191095843,0.7235212265869029,1.0048166148877158,0.10162517022512564,30.518431203479878,0.0,26.74846360058507,3.717301866808935,0.0,24.0,,,,,1.8815088124038797,39.88810476942348,15.585152624457436,2.026250619894166,-0.2786761059446083,0.9923480555555555,0.9947557075676626,6.717685751430921,7.518700525724331,0.9407544062019398,6.586604686329492,1.2517722800925926,4.291790674603175,23.00622987300057
B0007,NASA_18650_LCO_2AH,9,2008-04-04 01:38:15.218,2.0,0.7186418186753286,0.23005368992473418,3.1238004369699253,0.3795970723411572,0.9486955086000628,1.331847910849791,0.5236007030910128,0.7334250749579128,1.004837346251275,0.10079579044105351,31.081278437806464,0.0,26.80373015807701,3.728976448218592,0.0,24.0,,,,,1.8696907870385844,39.95162250671474,15.694091574527846,1.9505894332906037,-0.3231826862996448,0.9862761111111111,0.9948288282185156,6.711882318298937,7.39314459889837,0.9348453935192922,7.527359092531432,1.4253891782407409,4.276167534722222,26.723531739809506
B0007,NASA_18650_LCO_2AH,10,2008-04-04 05:48:08.609,2.0,0.7153628066778887,0.2340127052830912,3.056940025047041,0.3690241715833043,0.9493755119609799,1.347653723714301,0.5176077413348449,0.7409854643253461,1.0048942209875773,0.10117489730397655,31.24066372289512,0.0,26.78643062225572,3.6775129689914583,0.0,24.0,,,,,1.870052380139199,40.052021854718284,15.86243814170209,1.8688247067658061,-0.37127958425540813,0.9864583333333333,0.994844221631101,6.710112857595648,7.330857336976357,0.9350261900695995,8.462204486050725,1.5989237962962963,4.263796790123457,30.452508188028098
B0007,NASA_18650_LCO_2AH,11,2008-04-04 09:57:19.765,2.0,0.7171894636055788,0.23112531840889422,3.103032878402573,0.3784217144886328,0.9483147820144731,1.3231303675611472,0.5195998296555202,0.7427390814635385,1.004449254007019,0.101600973956373,31.220976754395,0.0,26.717163571192394,3.543739445216011,0.0,24.0,,,,,1.8700442394188577,40.1213838436794,16.05872809154238,1.7896213776724978,-0.4178697778397071,0.980625,0.9949272813339419,6.70573003627222,7.1668969703555545,0.9350221197094288,9.397230676120325,1.7719695833333333,4.252727,34.130021157019556
B0007,NASA_18650_LCO_2AH,12,2008-04-04 17:56:27.609,2.0,0.6111598020593547,0.23148654847759073,2.640152547777273,0.3442598937485954,0.8426463505369455,1.2057831125040053,0.5054443437903406,0.40774679656798957,1.0048179859207633,0.0918406863057642,30.225464388780154,0.0,26.84939514355575,3.5707625476819462,0.0,24.0,,,,,1.8596518987766364,40.174657039770814,15.839778549030918,1.910336108594535,-0.34686111259144997,0.9697266666666667,0.9950449911705673,6.676152543579738,7.264910788671027,0.9298259493883182,10.332252795829753,2.1046992592592595,4.592071111111111,37.67376060223557
B0007,NASA_18650_LCO_2AH,13,2008-04-04 22:01:54.671,2.0,0.7120606083155014,0.23060093773987583,3.087847836832309,0.3805898194082154,0.9426615460553773,1.3096047068461587,0.52106737266813,0.7253004549165156,1.004340327512061,0.09877323725604975,31.747377634153153,0.0,27.007028938797088,3.960864530740081,0.0,24.0,,,,,1.8590746560862206,40.016434730174936,15.664364855408312,1.9086884059809102,-0.347830349422994,0.9639669444444444,0.9948989882390447,6.67696629163312,7.1328374215014465,0.9295373280431103,11.262078745218071,2.275151365740741,4.550302731481481,41.24452314991751
B0007,NASA_18650_LCO_2AH,14,2008-04-05 02:20:26.703,2.0,0.7140613290367941,0.22911195211885368,3.116648087865992,0.3777587504981941,0.9431732811556478,1.321184442935431,0.5201078425271239,0.7339856292540861,1.0045758499385704,0.09858652746741078,31.779134469034663,0.0,26.826630905506512,3.826964481842776,0.0,24.0,,,,,1.8590084577709232,40.16569230743226,16.03251840668419,1.7868782934275431,-0.4194833568073275,0.9638888888888889,0.9948555623936758,6.66901646741081,7.0021142372617,0.9295042288854616,12.191616073261182,2.454688773148148,4.53173311965812,45.205387680657594
B0007,NASA_18650_LCO_2AH,15,2008-04-05 06:25:01.890,2.0,0.716960046125551,0.22642712692306582,3.1664052549054915,0.377907012839126,0.9433871730486167,1.3276567534230606,0.5205814872324486,0.7369463930701506,1.005545547650367,0.10066230068105418,31.742574167707367,0.0,26.845102423271214,3.6491635455107283,0.0,24.0,,,,,1.8593622586957048,39.46139677634257,15.388895666428816,2.1361343961784502,-0.21403859048326454,0.9584158333333334,0.9949020920543902,6.644359737548212,6.834299560330953,0.9296811293478524,13.121120302146643,2.624540474537037,4.499212242063492,49.03235216250037
B0007,NASA_18650_LCO_2AH,16,2008-04-05 10:30:32.312,2.0,0.7067905688753103,0.23085416129825442,3.0616323455887318,0.37419850446604797,0.9376447301735648,1.316661944504148,0.5188398655450054,0.7058086207316555,1.0045182956005518,0.09766817509536214,31.367092340830315,0.0,26.64132190339396,3.347054196410345,0.0,24.0,,,,,1.8587355450601035,39.5636595172155,15.62552760054697,2.0133501283179167,-0.28626463040122546,0.9526130555555556,0.9949057807483325,6.637916365657733,6.668134255825496,0.9293677725300518,14.050801431494495,2.7950314699074075,4.472050351851852,52.681515708011105
B0007,NASA_18650_LCO_2AH,17,2008-04-05 14:34:41.468,2.0,0.707528294823089,0.23019539670009087,3.0735987922820622,0.3714176769802182,0.9377236915231799,1.333213316600787,0.5208032354952011,0.7122311898537445,1.0044686848643969,0.09730705264957357,31.5483245449075,0.0,26.630410829604692,3.284711947655292,0.0,24.0,,,,,1.847817291322145,39.628948319501816,15.696931604835171,1.8575547668336483,-0.3779089606860892,0.9470788888888889,0.9948646231297,6.632362471099441,6.601665286273886,0.9239086456610724,14.980169204024547,2.964581886574074,4.446872829861111,56.02856990442145
B0007,NASA_18650_LCO_2AH,18,2008-04-05 18:39:25.218,2.0,0.7054503256720558,0.23240563877607445,3.0354268849477095,0.3724022021070716,0.9378559644481302,1.329697794984019,0.5225601860709191,0.7245300648845493,1.005012135210891,0.09781331679747891,31.877731734386295,0.0,26.732842671781054,3.4327674582535934,0.0,24.0,,,,,1.8485252916137047,39.225347214914876,15.239692476211143,2.1657556124208934,-0.19661434563476854,0.9417838888888889,0.994949058988147,6.606787811716068,6.564659121488876,0.9242626458068524,15.904077849685619,3.1345326967592593,4.425222630718955,59.31328185207674
B0007,NASA_18650_LCO_2AH,19,2008-04-05 22:46:35.484,2.0,0.7020087156753122,0.23085941537892338,3.040849397468319,0.3727880242460348,0.9328681310542356,1.3194277665200518,0.5214592479905108,0.6924405896733882,1.0043400682521042,0.09613023344643196,31.64827378798208,0.0,26.680612495729743,3.4053778246088284,0.0,24.0,,,,,1.848378951850034,39.4126321606434,15.424484814280056,2.0270686341513207,-0.2781949210874584,0.9417447222222222,0.9949292894051499,6.601945786552875,6.575490420923333,0.924189475925017,16.828340495492473,3.3061792939814816,4.408239058641976,62.746049310330335
B0007,NASA_18650_LCO_2AH,20,2008-04-18 21:10:19.796,2.0,0.6957076023245286,0.23475097115874322,2.963598392835948,0.3614400747244083,0.9304585734832718,1.3196407647601558,0.5105182002361318,0.491943707325933,1.0042203333090023,0.11110565210594964,28.79758724840639,4.5724569961380475,25.34511515663789,2.2418344341483003,0.0,24.0,0.04490368952877746,0.07244817146152288,0.9999999777301155,1.0046853784866394,1.8807805437609766,39.95874037686836,15.600055153210043,1.905311669649934,-0.3498166649118035,0.9977038888888888,0.9947252672795647,6.752342420644416,7.456559791442499,0.9403902718804883,17.75252997141749,16.23933105324074,20.512839225146198,66.15142713493917
B0007,NASA_18650_LCO_2AH,21,2008-04-19 02:29:09.000,2.0,0.7268795414557067,0.23066977880520798,3.1511693627362627,0.3727010140555614,0.9575493202609147,1.3500750034974016,0.5154452120229344,0.7078964375936505,1.0046615463671194,0.11436929881902878,29.15641159378297,3.5561767367797685,25.81811264335102,2.830580046624942,0.0,24.0,0.04672132108251285,0.07271358046685839,1.0404784224265602,1.0083659758240184,1.8814721597443598,40.31302300333008,15.658163165234605,1.7951975189442124,-0.41458969473869856,0.9867491666666667,0.9947254094594973,6.757266524944467,7.610211887659988,0.9407360798721799,18.69292024329798,16.460733877314812,19.752880652777776,68.39326156908747
B0007,NASA_18650_LCO_2AH,22,2008-04-19 07:47:15.703,2.0,0.7284326403990895,0.22777150990196102,3.198084954143668,0.38357642374180384,0.9562041503010505,1.327375144429495,0.5205711417132707,0.7152262713502799,1.0043177632526803,0.11416038915756621,29.1544231457191,3.121852300093252,25.908545561555126,2.833538740109419,0.0,24.0,0.045178192930664905,0.07176623981977324,1.006113136774616,0.9952285939222819,1.8810954313244785,39.359447242364645,15.045144822695217,2.1058524852518143,-0.2318514792636386,0.9809938888888888,0.9945964884769951,6.726212399275278,7.1702122732613045,0.9405477156622393,19.63365632317016,16.681644791666667,19.064736904761904,71.22384161571242
B0007,NASA_18650_LCO_2AH,23,2008-04-19 13:01:42.562,2.0,0.719467419653071,0.23083837139116806,3.116758335101557,0.3804026096589793,0.9503057910442391,1.322518791412459,0.5209544293446968,0.6946586524763129,1.0048730430328892,0.10826462542641477,28.71481831414117,3.127886923334291,25.457306030924414,2.1057876637745525,0.0,24.0,0.04365314965144976,0.07067723656693992,0.9721505991467166,0.9801266855762981,1.8710089649779995,39.454159451189874,15.507445469034277,1.846021007590992,-0.3846935249464753,0.9702519444444445,0.9946725008909434,6.718382343322489,6.723515249189714,0.9355044824889998,20.5742040388324,16.90001121527778,18.43637587121212,74.05738035582183
B0007,NASA_18650_LCO_2AH,24,2008-04-19 18:27:29.828,2.0,0.7188782687437303,0.23270069621368442,3.0892828379806705,0.37306078845085877,0.9515789649574147,1.3486420126951681,0.5213804297174457,0.7072297625549345,1.004464459306683,0.10984635472358274,28.533877426349584,3.1782883207147776,25.208124224769332,1.843067654957027,0.0,24.0,0.04451052474581056,0.07211030637866593,0.9912442434388565,0.999999986132357,1.8701995151941375,39.641748274009444,15.846643335728846,1.7370300333706354,-0.4488058627231556,0.9754427777777778,0.9946419006678764,6.7087648419435935,6.70179062328525,0.9350997575970688,21.5097085213214,17.12625271990741,17.87087240338164,76.16316801959638
B0007,NASA_18650_LCO_2AH,25,2008-04-19 23:41:55.687,2.0,0.7220507526260266,0.22879206922012546,3.1559256118854546,0.3768748096266175,0.950842821846152,1.3358036295247169,0.5192400103233753,0.7036314495971008,1.0047135110558274,0.11346643968515496,28.46161610072502,3.202266374478917,25.198908450122424,1.7673237730790343,0.0,24.0,0.04414167694748924,0.07067427551323309,0.9830300455861223,0.9800856227405613,1.8706715362800985,38.86906912217273,15.131802667287836,2.0506492642329937,-0.26432396221588605,0.9533158333333348,0.9946051778584658,6.682932184408571,6.33339150845099,0.9353357681400493,22.44480827891847,17.344607569444445,17.344607569444445,78.00623567455341
B0007,NASA_18650_LCO_2AH,26,2008-04-20 04:54:41.734,2.0,0.714855804037518,0.23006262851933315,3.107222616227017,0.37864736318859643,0.9449184325568512,1.3102589195214578,0.5169638943446545,0.677097554159159,1.0041213082375409,0.10755131562170611,28.386930544540967,3.205109194329413,25.088377505443955,1.6415299606521876,0.0,24.0,0.04399678984883143,0.07203890876966881,0.9798034266389568,0.9990098695790854,1.8596124644020169,39.11839966443177,15.466127080493266,1.8254369744762284,-0.3968017797198656,0.9530902777777778,0.9948043998425581,6.673541771930586,6.267296285421653,0.9298062322010084,23.38014404705852,17.5618071875,16.8593349,79.77355944763244
B0007,NASA_18650_LCO_2AH,27,2008-04-20 10:16:28.859,2.0,0.7124479884772781,0.2335161640261449,3.0509579065885655,0.3719555358985807,0.945964152503423,1.3306798922047893,0.5176457608759738,0.687773383518994,1.0048365298131656,0.10868037314862504,28.336534625568376,3.2034252092225834,24.994883820641892,1.5808853758430133,0.0,24.0,0.04225844717513443,0.07125963660825495,0.9410907361401003,0.9882032014377093,1.860033909718346,38.68010761281634,15.153498896868157,2.134879000684994,-0.21477705842059172,0.9478905555555556,0.9946472344640862,6.645656207246522,6.123546923419807,0.930016954859173,24.309950279259528,17.78526928240741,16.417171645299142,81.41508940828463
B0007,NASA_18650_LCO_2AH,28,2008-04-20 15:37:05.281,2.0,0.7097141937648813,0.23048420829114394,3.0792313169185372,0.3737682719693872,0.9401984020560252,1.3199564959201477,0.5177393553292501,0.6535616533316587,1.0043773039800792,0.10637151180192572,28.23465144539435,3.241539414838144,24.88975595599089,1.470960810338985,0.0,24.0,0.0439832928484115,0.07213808944612393,0.9795028499990195,1.0003852717935608,1.8591653109160768,38.863045678198645,15.375895896781618,1.970455493406623,-0.3114967685843394,0.9474133333333333,0.9946660955001139,6.636683344991864,6.087971624796903,0.9295826554580384,25.2399672341187,18.007913055555555,16.007033827160495,82.99597478412764
B0007,NASA_18650_LCO_2AH,29,2008-04-20 20:50:38.921,2.0,0.707607924433873,0.23242772129291137,3.044421375279572,0.36965798478631395,0.9400356457267843,1.3264065178390925,0.5160992134018357,0.6593898828191047,1.005081808256331,0.10631003940614289,28.256499193062336,3.2659385546403037,24.914746778130716,1.4702108869521364,0.0,24.0,0.04457716284667516,0.07097501005912941,0.9927282662458882,0.9842561020635394,1.8481398178778288,39.14531169811219,15.642009011424818,1.8132694309760007,-0.4039591582494113,0.9474216666666666,0.9947667506433776,6.6314361642742,6.129989723008746,0.9240699089389144,26.16954988957674,18.22566351851852,15.621997301587301,84.46693559446662
B0007,NASA_18650_LCO_2AH,30,2008-04-21 02:15:02.921,2.0,0.7098917414073711,0.22949338947073997,3.093299295016214,0.3736029426009128,0.939385130878111,1.315822900390387,0.5155562121158299,0.6583645909517155,1.0046990750931,0.10766174442551381,28.319210692991568,3.2584071606871916,24.945473030337098,1.5365662069271093,0.0,24.0,0.04371438773568536,0.07180563846676125,0.973514364207327,0.995774960293751,1.849201702126164,38.8380564174779,15.317470557342755,2.0483657324095637,-0.26566721622966843,0.9424219444444445,0.9946654277381839,6.6031888983683205,6.086935427776758,0.924600851063082,27.093619798515654,18.450941296296296,15.269744521072797,85.93714648141875
B0007,NASA_18650_LCO_2AH,31,2008-04-22 15:33:49.875,2.0,0.007228710756304181,0.010034385665039263,0.7203939172173465,0.16702884069827592,0.017263096421343445,0.019197497607392214,0.04828978724193316,-7.087748759848881,1.0080109230619072,0.09788905457845237,23.703554924939645,0.05680973639804421,23.601078570891087,0.0,0.0,24.0,0.04846119948079206,0.08056890180408229,1.0792253133344285,1.1173007678499907,1.8834677437950846,38.95965174080089,15.420174628458216,2.181560983985832,-0.18731706824362815,0.9640755555555556,0.9948840804825901,6.762847759420179,6.416922230695813,0.9417338718975423,28.018220649578737,20.005651412037036,16.004521129629627,87.47371268834586
B0007,NASA_18650_LCO_2AH,32,2008-04-22 20:26:18.921,2.0,0.7145187928944091,0.2279427934688409,3.134640847615835,0.37619803253650774,0.94246158636325,1.0280456882782372,0.4029926139599303,0.6854439932974674,1.0036855012558203,0.10471705441739307,28.734782385089698,2.86349407353228,25.24857476578596,1.7835818944158714,0.0,24.0,0.04912871225241875,0.07583069201149943,1.0940907456355642,1.05159296594448,1.8628211117905844,39.053875772291974,15.099581562958374,2.1177799354077496,-0.22483533211308848,0.9483636111111111,0.9948582467088742,6.6914030721275575,6.459013154563131,0.9314105558952922,28.95995452147628,20.20876537037037,15.645495770609319,87.47371268834586
B0007,NASA_18650_LCO_2AH,33,2008-04-23 01:18:11.796,2.0,0.7104716170399805,0.22834086109832433,3.1114519410449413,0.37566343378988715,0.9388124781383048,1.0146574570903604,0.3994591642060536,0.6586404539903001,1.0040891315024647,0.10391931858289473,28.82022743543977,2.7962793273079214,25.2648118529816,1.8834827669497063,0.0,24.0,0.049796527042669216,0.07546059938368437,1.1089629038565567,1.0464606535016605,1.852085039652352,38.699551697978606,14.963879475321406,2.1637448793153697,-0.19779712981448835,0.9431163888888889,0.994770266003425,6.65191387249673,6.180183951792353,0.926042519826176,29.891365077371574,20.41146068287037,15.308595512152777,89.25729458276173
B0007,NASA_18650_LCO_2AH,34,2008-04-23 06:18:19.921,2.0,0.7061811354336689,0.22811253052855904,3.095757748377519,0.3698140289355776,0.934293665962228,1.0073115474905014,0.3926515882372411,0.6283870569122474,1.0049797527367221,0.1027187998512576,28.46526973152355,2.744127321602999,24.83295974161257,1.481756595486783,0.0,24.0,0.04667395762704848,0.074514765112379,1.0394236437456406,1.0333441614814756,1.8469504648208708,38.6052414906155,15.295433527231793,2.0456561472058055,-0.26726108987893793,0.9405555555555556,0.9947045946888727,6.625201822444342,5.830763695336712,0.9234752324104354,30.81740759719775,20.619888055555556,14.99628222222222,91.14077734971144
B0007,NASA_18650_LCO_2AH,35,2008-04-23 11:08:00.312,2.0,0.7013410860901059,0.2296017225832201,3.0545985311961354,0.3700688857073838,0.930942808673326,1.0036881861074822,0.3942520942133339,0.6172914655040099,1.0045246074817051,0.10303430485827698,28.200378318530046,2.850960246495756,24.67485217111906,1.2033318614159005,0.0,24.0,0.04760631441512626,0.075261473011185,1.0601871216936336,1.043699240054153,1.836828431169018,38.42604747702835,15.120099267077283,2.1356202266992863,-0.21434104311806684,0.9356074999999999,0.9946024771259189,6.591111580123327,5.7344745247069575,0.918414215584509,31.740882829608186,20.821049988425926,14.697211756535946,92.62253394519823
B0007,NASA_18650_LCO_2AH,36,2008-04-23 16:06:25.171,2.0,0.6953277356109568,0.231892017151648,2.9984979330141908,0.36665134416245676,0.9272197527626048,1.0055069691501715,0.39486083307669234,0.5979193326382167,1.0046079945023865,0.10198258829408782,28.459241345509497,3.0558864030030257,24.895406841356955,1.4552243300405796,0.0,24.0,0.04803646523057397,0.07402615919435675,1.0697665306549538,1.0265683490382351,1.8371619619672275,39.0468968949422,15.307890639243656,2.042987153745025,-0.2688310860323383,0.9356294444444445,0.994707465129383,6.592407480860841,6.22856641932789,0.9185809809836137,32.659297045192694,21.028282152777777,14.419393476190475,93.82586580661413
B0007,NASA_18650_LCO_2AH,37,2008-04-23 21:02:58.296,2.0,0.6975677712963834,0.22952785097264092,3.039142164320444,0.3666528766706565,0.9270956222690243,1.0008276124966897,0.3916321976537676,0.5992888699999952,1.0043900863862532,0.10169723336752393,28.634605591894335,2.8116289482454206,24.993919378962513,1.6471323346228193,0.0,24.0,0.047984720352796044,0.07457480579787763,1.0686141782053313,1.034176784273989,1.8316722583718854,38.836764958613884,15.349142181547219,1.9786162394118947,-0.306696329757709,0.9329775,0.9945797458868616,6.566984375075586,5.955609485354999,0.9158361291859427,33.57787802617631,21.234221099537038,14.156147399691356,95.28109013665471
B0007,NASA_18650_LCO_2AH,38,2008-04-24 01:51:33.890,2.0,0.6937709742117524,0.23052093958802553,3.0095789733758354,0.3635250781382007,0.9242919137997779,0.9983154906346243,0.38943810318849165,0.5885092253609712,1.0046989886442408,0.10241896253881974,28.364390089817356,2.856809071269172,24.80297144486912,1.364058392667031,0.0,24.0,0.04684395223100462,0.07584340720568865,1.0432094039349327,1.051769295718287,1.8211470951317783,38.49981470604549,15.24021628060099,2.15845357648832,-0.20090966088922355,0.9276388888888889,0.9946191137566831,6.533342289919118,5.7484692888103845,0.9105735475658892,34.49371415536225,21.43463306712963,13.903545773273272,96.92822247127754
B0007,NASA_18650_LCO_2AH,39,2008-04-24 06:50:00.031,2.0,0.6879253897725919,0.2315259319084128,2.9712671173226863,0.3582078592399988,0.9194513216810047,0.9968140027943748,0.3863769508381891,0.5671283851089678,1.0047065211631956,0.10173754145490733,28.1594205841221,2.8409214645407985,24.51176932541328,1.1893565718919163,0.0,24.0,0.04563645611973326,0.07389397559612966,1.0163186050484243,1.0247352740863704,1.816506091511515,38.582340147970775,15.554818031636746,2.092603698932653,-0.23964488298079228,0.9253513888888889,0.9945717077218815,6.511581999184748,5.600315660180844,0.9082530457557575,35.40428770292814,21.641880069444447,13.668555833333334,98.29228086394457
B0007,NASA_18650_LCO_2AH,40,2008-04-24 11:49:24.281,2.0,0.6830067288761564,0.23355041710958618,2.9244508995822156,0.35647901379470903,0.9165571459857427,0.9986123526375419,0.38797539683198246,0.560950524632873,1.0040461917077645,0.1012697114598355,28.01307299015277,2.8311788050186237,24.44267945496156,1.0864171382492052,0.0,24.0,0.04865705767254637,0.07540364269564911,1.0835870526357625,1.04567079848501,1.8113815601504555,38.787499833494046,15.591927209484577,2.1528886431678034,-0.2041831510777627,0.9225522222222222,0.994812690753798,6.495724418120744,5.781386690633961,0.9056907800752277,36.312540748683894,21.84979962962963,13.446030541310542,99.48163743583649
B0007,NASA_18650_LCO_2AH,41,2008-04-24 16:45:56.015,2.0,0.6812459727096548,0.2326721653880992,2.92792208345751,0.356905668340346,0.913918138097754,1.007295204879788,0.39282067026938183,0.5528617921137936,1.0036191499886797,0.10050269994455951,28.536212131076272,3.0385100955793227,24.98061830520359,1.543408492692692,0.0,24.0,0.049397802545985664,0.07400874910562169,1.1000833553831852,1.0263269121429015,1.8116056333939583,39.31221126031847,15.552791607971628,2.0537418826405966,-0.26250477491729607,0.9227344444444444,0.9947467793214392,6.49642220700147,6.23942447133889,0.9058028166969792,37.21823152875912,22.05572247685185,13.23343348611111,100.56805457408569
B0007,NASA_18650_LCO_2AH,42,2008-04-24 21:38:11.078,2.0,0.6800169328238033,0.2335781939751225,2.9113031477612057,0.3586235746545973,0.9135951267989257,0.9972976873391989,0.39162975729203775,0.5591634407512166,1.00457568812313,0.100464655876165,28.941934192718506,2.889373210931982,25.37806773198085,2.008351569367091,0.0,24.0,0.04831006647658788,0.07274139781364021,1.0758595987923836,1.0087517368586476,1.8060548955557403,39.40567993360536,15.413357167898162,2.0793300586339956,-0.24745290668588493,0.9199522222222222,0.9947121387814218,6.477620675760164,6.375363275215346,0.9030274477778701,38.124034345456096,22.258674594907408,13.029468055555554,102.11146306677838
B0007,NASA_18650_LCO_2AH,43,2008-04-25 12:03:44.093,2.0,0.6801057187702122,0.230942680201649,2.944911337756703,0.3592197716891946,0.9110483989718612,0.9825622670561339,0.38625341241530886,0.5501535605446728,1.0046937512307168,0.10027979333181325,28.845042154275994,2.8175426746598298,25.25198951518979,1.8796981875095473,0.0,24.0,0.04671713976550788,0.07421549262450762,1.0403853049799598,1.0291939574572457,1.8132041826994056,39.32802757827611,15.610639509571417,2.0759793304520757,-0.24942392326348484,0.9242752777777778,0.9946597792054344,6.465391537739516,6.158231992763017,0.9066020913497028,39.02706179323397,22.85975115740741,13.062714947089948,104.11981463614548
B0007,NASA_18650_LCO_2AH,44,2008-04-25 20:03:55.921,2.0,0.6816083355834935,0.23371470871533032,2.9164117991200187,0.356902771842688,0.9153230442988238,0.9937090367480266,0.3874017845683192,0.5479709520859015,1.0038069618799252,0.10691679233509234,28.650268868340458,4.926132694667928,24.74618517386197,1.5340211094867615,0.0,24.0,0.04671713976550788,0.07421549262450762,1.0403853049799598,1.0291939574572457,1.8062641938283535,38.6112528181758,15.081358558368997,2.0674349483094465,-0.2544500304062079,0.9200216666666666,0.9946745170755178,6.472648490915134,5.7925003917798765,0.9031320969141767,39.93366388458367,23.19322138888889,12.945053798449612,105.99951282365502
B0007,NASA_18650_LCO_2AH,45,2008-04-26 01:04:35.718,2.0,0.6801350229300518,0.23069171114513654,2.9482421283356515,0.3590185936467867,0.9108267340751883,0.9795874931428977,0.3848298539087133,0.5503104598881213,1.0050455354606929,0.10202517042995227,28.293152961467708,2.955459810593993,24.568292813185277,1.269963930332309,0.0,24.0,0.05481023348221684,0.081631722363405,1.2206175669924182,1.132039583949354,1.7958310249900458,38.569726951286874,15.481653070217526,2.037264031192436,-0.27219762871033165,0.91477,0.994665828639621,6.428398028241965,5.502713710497847,0.8979155124950229,40.83679598149785,23.402015335648148,12.764735637626263,107.53353393314178
B0007,NASA_18650_LCO_2AH,46,2008-04-26 05:57:35.140,2.0,0.6750815404916933,0.23126163928383775,2.9191245946482858,0.35482876010984266,0.906343179775531,0.980468237910927,0.38347454056140423,0.5366684934144996,1.0050584812619616,0.1015230854462338,28.158218963844206,3.0240099011415467,24.46813967282139,1.1336612485476194,0.0,24.0,0.05301054923205215,0.08150649104946314,1.1805388066729001,1.1303029207940543,1.7858852600390451,38.34572083526661,15.354788360354021,2.1632674190148338,-0.19807798881480365,0.9098133333333334,0.9946524152004907,6.395730680642297,5.430061545727614,0.8929426300195226,41.734711493992876,23.605480868055555,12.589589796296297,108.80349786347409
B0007,NASA_18650_LCO_2AH,47,2008-04-26 10:58:25.843,2.0,0.6696961225688219,0.23108000973629778,2.8981136095848536,0.3546748783969268,0.9007761323051198,0.9674998175185089,0.381244240350363,0.521163583274414,1.005164595045934,0.10109070652472456,28.14052310759905,3.073355579826039,24.383631011491403,1.1218483054931543,0.0,24.0,0.053898644296798526,0.08195921206551397,1.200316581156207,1.1365810942273402,1.7803268604502753,38.482540634946716,15.507256647043704,2.106631526845483,-0.23139321950265707,0.9069488888888889,0.9946992486780405,6.372035116645851,5.4459953811933195,0.8901634302251377,42.6276541240124,23.814401041666667,12.424904891304347,109.93715911202172
B0007,NASA_18650_LCO_2AH,48,2008-04-29 12:15:56.953,2.0,0.6650024860353803,0.2319166933946703,2.8674196534442005,0.3525163215392432,0.8969191794300506,0.9766322483009147,0.3852408222270413,0.4720902310467874,1.0049320502855565,0.10403371593903714,28.759859696236166,4.844762950869242,25.07100125430618,1.7331878424359388,0.0,24.0,0.053898644296798526,0.08195921206551397,1.200316581156207,1.1365810942273402,1.8150756899575577,41.0499421893331,14.580852214023935,2.1809272860788376,-0.1876898317183308,0.9247047222222222,0.9945415144090972,6.520605817931158,8.214801925631912,0.9075378449787789,43.51781755423754,26.868233333333333,13.719948936170212,111.05900741751488
B0007,NASA_18650_LCO_2AH,49,2008-04-29 17:05:27.781,2.0,0.6985964573513544,0.2236986315473715,3.122935759407846,0.37560800421080354,0.9222950888987259,1.0028978880689066,0.40168496084130395,0.63726858608783,1.004454153642766,0.09925652461621441,30.83734369244914,2.9097375591544186,27.032480454408866,5.633360601641384,0.0,24.0,0.05751359273120036,0.08198252200732312,1.280821065126965,1.1369043481789112,1.8157025154845838,40.361944885615415,14.975589339732917,2.1773498094527195,-0.1897942297336944,0.9247961111111112,0.9946648039761274,6.525782618072798,7.438083290777402,0.9078512577422919,44.425355399216315,27.069284583333335,13.534642291666666,112.79219525995082
B0007,NASA_18650_LCO_2AH,50,2008-04-29 22:00:04.750,2.0,0.6881543030615734,0.22690973502469247,3.032722688034194,0.36994396473806695,0.9150640380862659,0.9882302043447682,0.39573728618486526,0.5982418416446963,1.0046197481718036,0.0988154383603646,30.256179923768244,3.0913317145537498,26.29245192725164,3.8272708712850636,0.0,24.0,0.056535555089821936,0.08221931699279829,1.259040279853834,1.1401881365038133,1.8002432178056673,39.6676965288026,15.140404352891927,2.180136101967249,-0.18815523413691237,0.9171052777777778,0.9946098648120921,6.462651120064209,6.6806695144570805,0.9001216089028337,45.33320665695861,27.273879131944447,13.358634676870748,118.4255558615922
B0007,NASA_18650_LCO_2AH,51,2008-04-30 02:43:55.312,2.0,0.678192142977224,0.23007450699921417,2.9477065944802265,0.36089612832786255,0.9082666499764381,0.9819197676121633,0.3892330224790509,0.5671076794603859,1.004454443568918,0.09916147378418366,29.511842412811585,3.11745746994222,25.717432915400742,2.4937704093251023,0.0,24.0,0.05589317735127773,0.08279122367306752,1.2447346018353977,1.1481191341802763,1.7904476205609308,39.481181404811096,15.432178440795141,2.1286295199076855,-0.2184532235837144,0.9121008333333334,0.9946584158260761,6.42128187600026,6.351800918093573,0.8952238102804654,46.233328265861445,27.470992118055555,13.186076216666665,122.25282673287727
B0007,NASA_18650_LCO_2AH,52,2008-04-30 07:41:42.578,2.0,0.6714726580911641,0.23195323768898313,2.8948621857310908,0.35530936229670346,0.9034258957801472,0.9797751353192895,0.3861407678202433,0.5494949193132073,1.0045281670927444,0.09900589472680137,29.200173089787796,3.1354371660020526,25.281300307037686,2.0660090344200817,0.0,24.0,0.0566822521157252,0.08291774102232982,1.262307205671641,1.1498736316142968,1.780343032300132,39.419051143069204,15.694278923322287,2.155901281560187,-0.20241101084694893,0.9097569444444444,0.9946120322853543,6.381280650081923,6.120996513442149,0.890171516150066,47.12855207614191,27.67778917824074,13.024841966230936,124.74659714220238
B0007,NASA_18650_LCO_2AH,53,2008-04-30 12:28:49.265,2.0,0.6656773807403735,0.23263455918826628,2.8614724382842813,0.35158390958629937,0.8983119399286398,0.9818977786255091,0.38619579965633305,0.5337879116706282,1.0046971144087424,0.09899956714016238,29.003660704014656,3.171361643957656,25.227543828398364,1.8395048721767877,0.0,24.0,0.05709694983323121,0.08276414552537383,1.2715424759272167,1.1477436240947139,1.775328769596812,39.72196117128354,15.978715401615254,2.067103728219671,-0.2546448657531346,0.9071266666666666,0.9947020962365445,6.35928213564993,6.1863509853410035,0.887664384798406,48.01872359229198,27.877172129629628,12.866387136752136,126.81260617662245
B0007,NASA_18650_LCO_2AH,54,2008-04-30 17:20:16.140,2.0,0.6629103441075285,0.23249523054384372,2.851285771029503,0.35198555381804003,0.8954055746513722,0.9745826280020609,0.3853037203451185,0.5279976025924953,1.004572325307518,0.09874663775011472,29.209813810542578,3.116233849142283,25.459049490706317,2.1453010327688204,0.0,24.0,0.058525006310657164,0.08348188559773573,1.3033451286849174,1.1576969871915164,1.7702629734732853,40.041366724781085,15.969687090342056,2.0619831864543094,-0.2576569491445238,0.9072480555555555,0.9948071130346198,6.341513139831061,6.499294133631915,0.8851314867366427,48.90638797709038,28.079566516203702,12.715275403563941,128.65211104879924
B0007,NASA_18650_LCO_2AH,55,2008-04-30 22:14:54.062,2.0,0.6590726445711693,0.2339923290529636,2.8166420917741655,0.3486855553789683,0.893064973624133,0.9731642575603312,0.38338055590396936,0.5225619329029259,1.003717617640572,0.0986839183152135,29.18041772363144,3.0141674419104163,25.343396530192575,2.08862454543518,0.0,24.0,0.05869838613234291,0.08222059387971477,1.307206277281927,1.140205843915734,1.760081061854204,39.66314441864834,15.805766866339667,2.143037413381466,-0.20997799212854937,0.9048872222222223,0.9947482322031101,6.303488617992468,6.268064316088584,0.880040530927102,49.79151946382702,28.284172094907408,12.57074315329218,130.79741208156807
B0007,NASA_18650_LCO_2AH,56,2008-05-01 03:15:33.140,2.0,0.6531222698993286,0.23394082901104138,2.791826767753266,0.3529292831298695,0.88706309891037,0.9530794853621408,0.3834827526847261,0.5114912850918745,1.0046095897171117,0.09843062944347417,29.11844804300408,3.0918273213033167,25.228421211568914,2.0197437232176827,0.0,24.0,0.05602462713163373,0.08187808789323242,1.2476619732565009,1.1354560931667352,1.749647593537689,39.84751541049116,16.10474929328972,1.9929057988209282,-0.29829070657592455,0.9023869444444444,0.9947014343335221,6.276498991468204,6.192342177152421,0.8748237967688445,50.671559994754126,28.492957719907405,12.43329064141414,132.88603662700325
B0007,NASA_18650_LCO_2AH,57,2008-05-01 08:16:03.343,2.0,0.6498891610408986,0.23673422628474394,2.7452268726305693,0.3422146831340716,0.8866233873256425,0.9648198060240358,0.37831179145861304,0.510244081805587,1.0044920622911526,0.09946472562151978,28.993570388420174,3.029350459193793,25.11195849555622,1.8968991850894565,0.0,24.0,0.0546823083860041,0.08364476669894087,1.2177686898799511,1.15995576415595,1.749650075059311,39.743357771631004,16.15571870764068,2.0335961968180234,-0.27435517834233913,0.8996572222222222,0.9947362349818585,6.256624333007231,6.0952698221951245,0.8748250375296555,51.54638379152297,28.701640625,12.300703125,134.90578035022094
B0007,NASA_18650_LCO_2AH,58,2008-05-01 13:14:24.875,2.0,0.6453349416247213,0.23709105850159592,2.7218864530036004,0.3398185697609582,0.8824260001263172,0.9680968137925667,0.37953405763567005,0.5016517071724035,1.004524015030669,0.09953486346975547,28.9660427547404,3.1937477661506755,25.084968690362786,1.8178644892192797,0.0,24.0,0.0564344121309601,0.0834029545647536,1.256787837845821,1.156602399803785,1.745028739214683,40.07246786936068,16.357075800921585,2.0213017345171265,-0.28158721498992556,0.9000388888888888,0.9947885053020473,6.239288856465215,6.303720317219349,0.8725143696073415,52.421208829052624,28.90883428240741,12.17214075048733,136.8026795353104
B0007,NASA_18650_LCO_2AH,59,2008-05-01 18:11:10.984,2.0,0.6436082215882225,0.23633462511766543,2.7232921113702195,0.34274637631281757,0.879942846705888,0.9650845043088399,0.3825957537695237,0.49974209618352927,1.0046234998782961,0.09883462305878118,29.3765147762846,3.172885162649976,25.58786856081741,2.421048678871311,0.0,24.0,0.056735786065747106,0.08350225383890618,1.263499400553431,1.1579794466887905,1.7396457455286727,40.247716114003914,16.02144616806039,2.0789964919635966,-0.2476491223743549,0.8972525,0.9948092426182055,6.222876312250672,6.574474801080019,0.8698228727643363,53.29372319865997,29.114923506944443,12.047554554597701,138.6205440245297
B0007,NASA_18650_LCO_2AH,60,2008-05-01 23:10:15.265,2.0,0.639958285104043,0.2371662148231915,2.698353491166345,0.34008023038013324,0.8771244999272345,0.950304030648311,0.375983826694589,0.4955892198611177,1.0046340858202583,0.09872418830616257,29.326964606810204,3.1360915469086983,25.48842021020059,2.3581016428318358,0.0,24.0,0.05775241219161096,0.08262204368279344,1.286139546917622,1.1457730064708813,1.7285642277717963,40.27220819224188,16.253595146811215,1.9925354808829658,-0.2985085406570789,0.8971613888888896,0.9947189512642585,6.1951601589773535,6.426802861355971,0.8642821138858982,54.16354607142431,29.322611944444443,11.927842146892655,141.041592703401
B0007,NASA_18650_LCO_2AH,61,2008-05-02 03:53:34.765,2.0,0.6358088619223751,0.23895141371505318,2.6608290392881093,0.3363934673036028,0.8747602756374282,0.9540626078792469,0.3757924520134321,0.4918214926770004,1.004478017918753,0.09918713702421086,29.227532412342384,3.0457797298257,25.520562110849983,2.2435990702445086,0.0,24.0,0.05743225167531713,0.08458126357559922,1.2790096092104162,1.1729427685205356,1.723900324588418,39.89848456781458,16.03032683688317,2.14041602578448,-0.21151998483265883,0.8923525,0.994540678956652,6.162844167379958,6.302392568261143,0.861950162294209,55.027828185310206,29.519365416666663,11.807746166666666,143.39969434623282
B0007,NASA_18650_LCO_2AH,62,2008-05-02 08:44:40.859,2.0,0.6301457082924331,0.23968538730714273,2.629053502416531,0.3325307350436538,0.8698310955995758,0.9500775947390842,0.37326433611527543,0.48211961826797245,1.0046667352307626,0.09886200755395448,29.12070979710154,3.1268894196678794,25.33659989417566,2.088984033419759,0.0,24.0,0.05752022949707902,0.08250123680943593,1.2809688651362852,1.14409769987812,1.7139788776485192,40.0571305311587,16.37785811404879,2.006753861515003,-0.2901447873441158,0.8925608333333334,0.9947329593003308,6.136855212002546,6.169044335962577,0.8569894388242596,55.88977834760441,29.721519282407407,11.693712504553734,145.64329341647732
B0007,NASA_18650_LCO_2AH,63,2008-05-02 13:43:05.093,2.0,0.6266206999585344,0.2403390078127205,2.607236770916513,0.33075851333552125,0.866959707771255,0.9447277932449005,0.37115429567712466,0.47934683190590055,1.0045899180228404,0.09941184014007008,29.023105935768037,3.2208764666228547,25.20201911662045,1.9445418020693714,0.0,24.0,0.05579202203620339,0.08126778676678231,1.2424818846559598,1.1269926550171059,1.7139701997004613,40.240711749549135,16.398812099568023,2.121868132176415,-0.22243051048446186,0.8898827777777778,0.9947425283509697,6.1231183540932,6.412444450335845,0.8569850998502306,56.74676778642867,29.928744212962965,11.585320340501791,147.73227744989708
B0007,NASA_18650_LCO_2AH,64,2008-05-02 19:07:48.359,2.0,0.6234649017240418,0.24091696877011737,2.587882886012108,0.329576963193709,0.8643818704941592,0.939547672548814,0.3697275205525727,0.47759486873649337,1.0045562806871011,0.09856653771214924,29.46574411938269,3.15239177885654,25.656761357540805,2.6338821125954035,0.0,24.0,0.05701227971168861,0.0833382748256114,1.269656882103067,1.1557054442714427,1.7036521173638766,40.12941739090177,15.890294695716655,2.0119648758828452,-0.2870794847747969,0.8875347222222222,0.994583043505532,6.098332304685301,6.332240243047994,0.8518260586819383,57.6037528862789,30.15424497685185,11.487331419753087,149.67681925196646
B0007,NASA_18650_LCO_2AH,65,2008-05-02 23:24:17.687,2.0,0.6226846710352288,0.24059046470335121,2.5881519058077593,0.32965957324283696,0.8632751357385801,0.9411584266635306,0.3709271185643422,0.4828106456804459,1.0044806668745976,0.09800477715992366,29.509744013346197,2.645256927812291,25.703556204950726,2.7894862877651545,0.0,24.0,0.05701227971168861,0.0833382748256114,1.269656882103067,1.1557054442714427,1.7040137474382486,40.3959693732437,16.295220273569935,2.0744390946376323,-0.25032994433080447,0.887586944444443,0.9947380332531682,6.085572011261522,6.546291925889513,0.8520068737191243,58.455578944960834,30.332362199074076,11.374635824652778,152.31070136456188
B0007,NASA_18650_LCO_2AH,66,2008-05-03 04:13:08.609,2.0,0.6173981644802485,0.24180649175812885,2.553273730223814,0.32751992764171,0.8592046562383774,0.9334986637514824,0.3686132679583327,0.474374333632236,1.0046630533964773,0.09849746034221375,29.387918001266215,3.0649555980401786,25.605973227211333,2.5452658113719857,0.0,24.0,0.05754025936426111,0.08499265083727935,1.2814149279642224,1.178647740203985,1.6935716157343033,40.18751058333668,16.289920303294025,2.188793384556236,-0.18306271496691987,0.8850825,0.9947396897320676,6.0468489053367325,6.424013962344084,0.8467858078671516,59.30758581867996,30.532951574074072,11.273705196581195,155.10018765232704
B0007,NASA_18650_LCO_2AH,67,2008-05-03 09:10:19.812,2.0,0.6111607207663022,0.2435092595796986,2.5098048450653345,0.32220115279269385,0.8546699803460008,0.9317570145233067,0.36565879540342616,0.4680343527257617,1.0045372730783184,0.09863167572066611,29.24631551480774,3.100665799527878,25.387711853967417,2.3346558661957904,0.0,24.0,0.059404017976974276,0.08409167985146988,1.322920616934681,1.16615339621127,1.6876577363877656,40.14605167557969,16.390921466032218,2.1739523632140685,-0.19179272752113616,0.8823438888888889,0.9945352311936251,6.0218679062612015,6.310877431765222,0.8438288681938828,60.15437162654711,30.739331238425926,11.17793863215488,157.64545346369903
B0007,NASA_18650_LCO_2AH,68,2008-05-03 14:04:34.187,2.0,0.6075471642906829,0.24428153709796435,2.4870776983996916,0.3204529227660311,0.8518287013886472,0.9281940808176623,0.36440706110727494,0.4663379253927552,1.0044458191942465,0.0984392064987176,29.172752711612734,3.1435015234127377,25.34324683845571,2.2162626197513644,0.0,24.0,0.05841624415866946,0.08566483853377675,1.3009230081262964,1.1879693992140847,1.6830744356583152,40.18846095484838,16.451491253677943,2.1783847786257136,-0.18918542433781554,0.8798869444444444,0.9946787857287407,6.0042492916974455,6.305331519755972,0.8415372178291576,60.99820049474099,30.943664282407408,11.084297653399668,159.98010932989482
B0007,NASA_18650_LCO_2AH,69,2008-05-03 18:58:13.468,2.0,0.6043273569062954,0.24491817567163712,2.4674663446896914,0.3170547536547772,0.8492455325779324,0.9315147221286991,0.3637162987926876,0.4645718541722153,1.0045827388114261,0.09867741882674118,29.21475971618361,3.124034020906606,25.404838740175805,2.295915037167132,0.0,24.0,0.05859376302291797,0.08451403822011794,1.3048763327229629,1.172010511289565,1.6779270142025482,40.2789498830108,16.48766848766154,2.191481814157953,-0.18148128578943934,0.8799219444444445,0.9947006184341238,5.985063220945946,6.384229747797793,0.8389635071012741,61.83973771257015,31.147591145833335,10.993267463235293,162.1963719496462
B0007,NASA_18650_LCO_2AH,70,2008-05-03 23:42:30.093,2.0,0.6009940215709513,0.245865428773263,2.4444023031110507,0.31413604192551575,0.8468594503442143,0.9343767947458094,0.363472522673825,0.4640540091015569,1.004696742463886,0.09854302331315003,29.26292921590928,3.1368103854297082,25.53866446967712,2.379082217265892,0.0,24.0,0.05835461345351289,0.08484840098585512,1.2995504994431386,1.176647334760326,1.6732060275966172,40.310727434969614,16.473543890465713,2.1753473356526807,-0.1909721554984231,0.877521666666665,0.9947143765889764,5.966533900118963,6.391710555185663,0.8366030137983086,62.678701219671424,31.34500578703704,10.90261070853462,164.49228698681333
B0007,NASA_18650_LCO_2AH,71,2008-05-04 04:41:40.000,2.0,0.5974911640440945,0.24654996878104535,2.4234079841356904,0.31333846256748776,0.8440411328251398,0.9250600193780416,0.36102842299258725,0.46321605786891396,1.0045154536237328,0.09852993386244967,29.24635618901523,3.1181820915922884,25.392212094931914,2.378763347118726,0.0,24.0,0.058038670014866796,0.0854562871967843,1.2925144755679159,1.185077283723614,1.6674367208253988,40.31733812871393,16.53696508554437,2.1832922624558813,-0.18629866914359924,0.8746747222222223,0.9947244050145687,5.943503507827885,6.354042003861231,0.8337183604126994,63.515304233469735,31.552759340277778,10.818088916666667,166.87136920407923
B0007,NASA_18650_LCO_2AH,72,2008-05-04 09:40:11.906,2.0,0.5930906534454503,0.24850002414981043,2.386682473296498,0.3097669625893829,0.8415906775952607,0.922654100199204,0.3586919746563579,0.46342429855295486,1.004450460261098,0.09873420159323747,29.246890579031508,3.138143989544375,25.37882063803655,2.3576129260689536,0.0,24.0,0.05675900033595407,0.08640490892360321,1.2640163796688133,1.1982324311817645,1.6622662630667526,40.332563430145015,16.56228055825075,2.192864020990023,-0.18066822294704515,0.8747483333333333,0.9946938701283328,5.923505312541107,6.361338110242553,0.8311331315333763,64.34902259388244,31.760073067129632,10.735799346635368,169.25013255119796
B0007,NASA_18650_LCO_2AH,73,2008-05-04 14:38:13.359,2.0,0.5900870158815871,0.24855695941145042,2.374051469296246,0.31001757896793564,0.8386439752930375,0.9167713540656446,0.3584407473479305,0.46042248169526256,1.003615315735912,0.09900697269375618,29.227147864241523,3.1547576808681193,25.36610442135351,2.3374799079498576,0.0,24.0,0.058841327784189115,0.08684631336579832,1.3103895713533709,1.2043536704087339,1.6574243065763063,40.431258866851486,16.669312317535656,2.1560972126643922,-0.20229575725623983,0.8723741666666667,0.9946739693388652,5.903349931931898,6.359935365817866,0.8287121532881532,65.18015572541582,31.9670343287037,10.655678109567901,171.60774547726692
B0007,NASA_18650_LCO_2AH,74,2008-05-04 19:37:07.890,2.0,0.5871045118903373,0.24968604257306626,2.351370964369568,0.3086952900231128,0.8367905544634036,0.9068912784536293,0.35501458988170476,0.4630053317165038,1.0044490995740574,0.09876664339386347,29.24258075677239,3.12936398559658,25.36601497084141,2.3615655472014523,0.0,24.0,0.055831418337760085,0.08536001166608759,1.2433592357398633,1.1837421690334053,1.652538684928734,40.46247985933005,16.708324187378803,2.138540138129487,-0.21262344815912537,0.8698958333333333,0.9947361620176527,5.883396003518245,6.33684384188925,0.826269342464367,66.00886787870397,32.17460991898148,10.577953945966513,173.9452253852168
B0007,NASA_18650_LCO_2AH,75,2008-05-05 00:35:53.968,2.0,0.5842388163745539,0.2502927460277032,2.3342219240456035,0.3040290313255215,0.8345315624022571,0.9138466607171838,0.35393498447314037,0.46285008931995386,1.004534769032601,0.09913396258154662,29.205804963938984,3.124275981667111,25.328687996097223,2.3248546900769917,0.0,24.0,0.05751341949404242,0.0857631574827749,1.280817207155473,1.1893328512998158,1.6472174627573322,40.40103455658551,16.708645468857082,2.1646493163558524,-0.19726510802596914,0.867196388888889,0.9947876779657001,5.863200439379472,6.280478359363852,0.8236087313786661,66.83513722116834,32.38208767361111,10.502298704954955,176.30679093241824
B0007,NASA_18650_LCO_2AH,76,2008-05-05 05:28:13.937,2.0,0.5796877259122567,0.25156770121556976,2.3043010766448453,0.30328927703537173,0.8312554271278265,0.9024289882457334,0.3514548615078438,0.46290085199394865,1.0045257710303817,0.09884893787223477,29.15027468636607,3.129432480339055,25.324904467851695,2.246060566081085,0.0,24.0,0.05769694681076909,0.08473378006057532,1.2849043392946244,1.1750578126871787,1.6364136810898071,40.4426971996319,16.791503421373772,2.1187211383693167,-0.2242816833121666,0.8672569444444445,0.9946276620410057,5.840149514371256,6.274296021270505,0.8182068405449036,67.65874595254701,32.58509657407407,10.427230903703704,178.63164562249523
B0007,NASA_18650_LCO_2AH,77,2008-05-05 11:41:31.500,2.0,0.5757910535450022,0.2530770890329629,2.2751607212157636,0.29944961771955886,0.828868142577965,0.9002112230735253,0.3484794273401291,0.46376774977113605,1.0045280459945065,0.09928654545566887,29.069744196379535,3.1021040540249913,25.15003755101717,2.148222687816449,0.0,24.0,0.05719978513991084,0.08498200654451118,1.273832606325602,1.1785001289517925,1.6362554312048496,40.26214977673693,16.644375373731545,2.1377868706438155,-0.21306654668010855,0.8671311111111111,0.9946005039101928,5.836946387646123,6.153806091543588,0.8181277156024248,68.47695279309191,32.84432762731482,10.371892934941519,180.87770618857633
B0007,NASA_18650_LCO_2AH,78,2008-05-05 20:40:08.562,2.0,0.5730940529901459,0.2526823209736857,2.268041743671521,0.2998554002976022,0.8257763739638316,0.8967347092945634,0.3491161913340783,0.43318120799502646,1.0047016696573918,0.10227171284085512,29.345336772449535,5.036494097565306,25.474627913650302,2.3544330455310636,0.0,24.0,0.05719978513991084,0.08498200654451118,1.273832606325602,1.1785001289517925,1.641119179218384,40.645668361956844,16.467848747104533,2.103155697792567,-0.23343782482790176,0.8669055555555556,0.9946250823538687,5.860016608648986,6.5408177892798935,0.820559589609192,69.29508050869434,33.21836769675926,10.353776944444444,183.02592887639278
B0007,NASA_18650_LCO_2AH,79,2008-05-06 01:38:46.265,2.0,0.5818746980252758,0.24971433979688076,2.3301613248702324,0.3021674610002848,0.8315890378221565,0.8967688695015467,0.34643147889912224,0.46923014908304517,1.0048944921880631,0.09935608356717639,29.227318696670796,3.083531305386824,25.309912948438804,2.3504455683022387,0.0,24.0,0.056832225655964415,0.0876424822079382,1.2656470990851476,1.2153946556864563,1.6315700789656966,39.95209030011925,16.399065809339326,2.186737546753024,-0.1842720313217505,0.8621744444444445,0.9945877308679951,5.800372467151398,6.059112728229382,0.8157850394828483,70.11564009830353,33.42574851851852,10.284845698005698,185.38036192192385
B0007,NASA_18650_LCO_2AH,80,2008-05-06 06:37:06.296,2.0,0.5708018857987897,0.25376263844967045,2.249353522493903,0.2962782759383224,0.82456452424846,0.8916678171782304,0.3443939223929821,0.46288153676543253,1.0043189973618574,0.10023076866716218,28.734579293571617,3.1782143805999787,24.83271348154768,1.7119749359267977,0.0,24.0,0.05656134222778887,0.0871031796680558,1.2596145564369672,1.2079158005894945,1.621213282987236,40.165034583244065,17.006670379018246,2.1007747911593695,-0.23483835814154733,0.8597483333333333,0.994557872271312,5.775503994848746,5.921500734532876,0.810606641493618,70.93142513778638,33.63292480324074,10.217597408579465,187.73080749022608
B0007,NASA_18650_LCO_2AH,81,2008-05-06 11:25:21.031,2.0,0.5650257590580487,0.25641305642092616,2.2035763928835106,0.29338681016277035,0.8214388154789749,0.8893383552465933,0.3436987447367118,0.46661051998605413,1.004555255108102,0.10053335694057768,28.661365876187777,3.2318490755749174,24.88956188067808,1.630413290527907,0.0,24.0,0.05752612050653928,0.08463146425457631,1.2811000572363307,1.1736389336154016,1.6164273214762122,40.36674175781141,17.10498240037732,2.1417010068719846,-0.21076411360471492,0.8599391666666667,0.9946390975125802,5.760114747622423,6.057447484597029,0.8082136607381061,71.74203177928,33.833095347222226,10.149928604166666,189.4427824261529
B0007,NASA_18650_LCO_2AH,82,2008-05-06 16:23:36.296,2.0,0.5616422057355174,0.2570736726881844,2.1847519381122362,0.2924683508661142,0.8187158784237017,0.8912681380870457,0.34548762047951703,0.46816433780031,1.0044792701285283,0.100014650123844,29.00140228722429,3.2799964265395367,25.13848713559105,1.9961304502883954,0.0,24.0,0.05953552086821271,0.08706436612673817,1.3258491711289997,1.2073775482545848,1.615823510161921,40.88269125311642,17.176811669258917,2.0912297625621297,-0.24045308084580605,0.8595355555555555,0.9947108277128026,5.757907108677597,6.4276187229894255,0.8079117550809605,72.5502454400181,34.040216469907406,10.08599006515775,191.0731957166808
B0007,NASA_18650_LCO_2AH,83,2008-05-06 21:21:49.265,2.0,0.5639138299782128,0.2544118918932626,2.2165387972765482,0.2942216840604903,0.8183257218714755,0.8907934510299556,0.3458377660002249,0.4698335474621516,1.0047041645695998,0.09968846797170043,29.537310773703567,3.2446438614795525,25.67656084340354,2.807276840321632,0.0,24.0,0.06486150010467515,0.08780221681807775,1.4444581133728265,1.2176097982360607,1.61672418029789,40.856332202254556,16.791506859682798,2.1663009505205935,-0.19629355851729793,0.8573697222222222,0.9947342288978173,5.746150792225411,6.591501889041889,0.808362090148945,73.35815719509907,34.247311018518516,10.023603224932248,193.0693261669692
B0007,NASA_18650_LCO_2AH,84,2008-05-07 02:17:25.156,2.0,0.5602576070048916,0.255725500340374,2.190855449158389,0.29172975511847443,0.8159831073452656,0.889322925240411,0.34458053489666546,0.47011180580459416,1.0044808761710247,0.0994788385746527,29.488543232595912,3.148048259685986,25.62368416476886,2.75669233619457,0.0,24.0,0.06132045536858902,0.08859218554163369,1.365599456224885,1.2285648024826472,1.6108655863730026,40.778024611598504,16.823020590773144,2.1843637809529235,-0.1856683641453391,0.8571180555555555,0.9946850651186634,5.7234154670322885,6.527923356213618,0.8054327931865013,74.16651928524801,34.45258753472222,9.962193985943776,195.87660300729084
B0007,NASA_18650_LCO_2AH,85,2008-05-07 07:04:02.109,2.0,0.5556966911352026,0.25773541117173054,2.1560742760601945,0.286403558775708,0.8134321023069331,0.8893370806363575,0.3411324674665978,0.4692308416825801,1.0044480885770013,0.09982542352045198,29.344957303409892,3.1706953784945,25.554462099423464,2.5427172821142707,0.0,24.0,0.05973613891255875,0.08819268847998747,1.3303169117976084,1.2230247198485742,1.6006603374309376,40.5829305350897,16.869964065235884,2.113995772639173,-0.22706131021225107,0.8520008333333333,0.9947191031484237,5.69923687539616,6.258898416584992,0.8003301687154688,74.97195207843451,34.65162634259259,9.90046466931217,198.6332953434854
B0007,NASA_18650_LCO_2AH,86,2008-05-07 12:01:49.906,2.0,0.5514534883506542,0.2588617493620595,2.130301169039107,0.285065958019282,0.8103152377127137,0.8793508635756346,0.3382869732054066,0.4687661744454024,1.003752604081718,0.10027233282512181,28.997287486309055,3.0843897535751346,25.086777788456857,2.0655129632884535,0.0,24.0,0.060314410945152136,0.08871952543254119,1.3431949631511555,1.2303307066305635,1.5959174487005663,40.6345689985191,17.254099622176387,2.0287779476202195,-0.2771894425763415,0.8494880555555556,0.9947904316594239,5.674228382640295,6.064505428278707,0.7979587243502831,75.77228224714997,34.85842954861111,9.842380107843136,201.17601262559967
B0007,NASA_18650_LCO_2AH,87,2008-05-07 16:59:29.937,2.0,0.5486773907361792,0.2597523946961243,2.112309264066281,0.28284168892789285,0.8084297854323035,0.8821788893184154,0.3384176982338327,0.4694148527167447,1.0044889080418375,0.10114355715423166,28.942764795322784,3.290734379619849,25.056441260108773,1.942880967309189,0.0,24.0,0.06041844529752406,0.08819407673458553,1.345511796158573,1.2230439716677457,1.5962179519462243,40.75070125010339,17.160640492220555,2.1948906641943635,-0.1794760798856685,0.8496699999999999,0.9948527942063227,5.664613210305791,6.316939791844166,0.7981089759731121,76.57024097150025,35.06514287037037,9.785621266149871,203.24152558888812
B0007,NASA_18650_LCO_2AH,88,2008-05-07 21:56:09.656,2.0,0.5471825070194717,0.2588026180884942,2.1142850485972566,0.28464995534197723,0.8059851251079659,0.872470186521349,0.33782745660654934,0.4693692287615272,1.004527508102892,0.10006594323741695,29.435653039427557,3.254716851564041,25.564533976059447,2.66048092435588,0.0,24.0,0.061116420539532854,0.08788125624000416,1.3610556241555496,1.2187058887229778,1.5958065114633972,41.0672419235651,17.085172737593847,2.1621122251410005,-0.19875751462294083,0.8496049999999999,0.9946307772136398,5.664077581328873,6.577145346849551,0.7979032557316986,77.36834994747336,35.27115813657407,9.729974658365261,205.1844065561973
B0007,NASA_18650_LCO_2AH,89,2008-05-08 02:53:49.937,2.0,0.5467415511609099,0.25895596285630745,2.1113302202993767,0.2839386557383325,0.8056975140172173,0.8732704475460304,0.3375394171856774,0.47278441360405526,1.0046083255680611,0.0998913677642556,29.629351330078233,3.2000660715444376,25.71603687619593,2.9588859751534367,0.0,24.0,0.06033726444299466,0.0886998119225228,1.3437039079076647,1.2300573267111732,1.5906507821480704,41.40590880756584,17.347017964732064,2.0092802451741245,-0.2886586793093385,0.8470355555555555,0.9946508383585708,5.658090323976939,6.606561593419281,0.7953253910740352,78.16625320320506,35.47787435185185,9.675783914141414,207.84488748055318
B0007,NASA_18650_LCO_2AH,90,2008-05-09 12:25:07.000,2.0,,,,,,,,,,,,,,,,24.0,0.06473898581708072,0.09065788469493453,1.441729734343136,1.2572111809047144,1.6888211161855506,41.01558674901627,17.16496648457665,2.144268362237989,-0.20925390456588894,0.8825608333333333,0.9948846397240841,6.034806330835041,6.666757580454727,0.8444105580927753,78.96157859427909,36.874599618055555,9.943712256554306,210.80377345570662
B0007,NASA_18650_LCO_2AH,91,2008-05-09 20:28:09.734,2.0,0.5653574413993903,0.2524916186097661,2.239113691744404,0.2967480534534914,0.8178490600091564,0.8986391717282303,0.3508768467472703,0.44710298373020513,1.003922135119345,0.10412915210535047,29.492381619864656,5.150357428701504,25.616278552522115,2.5423467315360546,0.0,24.0,0.0650266606727396,0.09019390166794206,1.4481362201413248,1.2507768299241255,1.6259938279733204,41.31851435911838,16.882372629909675,2.0962813773920193,-0.2374815427105769,0.8563713888888889,0.9948992775369828,5.80293305905084,6.807684191183442,0.8129969139866602,79.80598915237186,37.21004792824074,9.922679447530864,210.80377345570662
B0007,NASA_18650_LCO_2AH,92,2008-05-10 01:21:56.500,2.0,0.5709443793049419,0.25185169470785507,2.2669864454703683,0.2997984435732306,0.822796074012797,0.8983520136787184,0.351002659299243,0.48579739664728305,1.0035188191950422,0.10074360203102822,30.056355404654543,3.1554352019955907,26.192445895478503,3.6899178430238777,0.0,24.0,0.06263649778452844,0.0889215884037222,1.3949075687751442,1.2331328437802491,1.6157433862812898,41.4002950560853,16.908667212696162,2.0376560852489356,-0.27196700867709667,0.8539627777777778,0.9947849395051747,5.759990165362065,6.8135467839290325,0.8078716931406449,80.61898606635853,37.41406142361111,9.86744477106227,213.34612018724266
B0007,NASA_18650_LCO_2AH,93,2008-05-10 06:18:12.000,2.0,0.5637831653674986,0.25370089250071187,2.2222356362218902,0.29647770732278417,0.8174840578682105,0.8923693304321733,0.3492461179741784,0.4849271817662182,1.004663691805617,0.1011561545718085,29.9217154585725,3.117088516991835,25.99244956080433,3.4188113628727943,0.0,24.0,0.06204082342934805,0.08910897381228029,1.3816419697082114,1.2357314377312372,1.6056626764846538,41.2508092329952,17.021917657527244,2.050265845971926,-0.26454950236945535,0.8516666666666667,0.9947512285314087,5.720117334144189,6.65089799195933,0.8028313382423269,81.42685775949917,37.61979637731481,9.813859924516908,217.03603803026652
B0007,NASA_18650_LCO_2AH,94,2008-05-10 11:16:04.843,2.0,0.5572586515334009,0.25517937311996375,2.1837919093073763,0.2931775085471835,0.8124380246533647,0.8871905139330764,0.3473686051041382,0.4819855726112981,1.0044692628695941,0.10109873454656816,29.685947006810565,3.1034710935601844,25.7378775367257,3.0301094019579193,0.0,24.0,0.06364902325425323,0.08948072998528273,1.417456394000899,1.2408868196248446,1.5949746921524348,40.95362783962595,16.950485385122494,2.1421639870693685,-0.21049177231213614,0.8490102777777777,0.994817925578913,5.681322719984,6.491494186622183,0.7974873460762174,82.2296890977415,37.82665798611111,9.761718189964158,220.4548493931393
B0007,NASA_18650_LCO_2AH,95,2008-05-10 16:11:56.109,2.0,0.5518179873109398,0.25600290521708974,2.1555145468573587,0.28760049009704586,0.8078208925280295,0.8837574343186045,0.342693838892378,0.47693636011856533,1.0037785890882551,0.10064889838329534,29.52893852325117,3.1793159629516374,25.603747603389166,2.7812470620429615,0.0,24.0,0.06279933837533852,0.09044344110430258,1.3985340099182328,1.2542373537442522,1.5904102438871945,40.989022190981714,17.10170601830248,2.093098662464846,-0.23935372796185528,0.8467275,0.9948035693795484,5.660953466197855,6.416816507176237,0.7952051219435973,83.02717644381772,38.032112453703704,9.710326583924349,223.48495879509724
B0007,NASA_18650_LCO_2AH,96,2008-05-10 21:07:54.625,2.0,0.5469036811153188,0.2580002268910224,2.119779841458967,0.28526058710943897,0.8049039080063413,0.880365075709567,0.3417326762330583,0.4790411738405174,1.004476311389228,0.1011127442879107,29.489260448244107,3.2105973859944115,25.574680690927398,2.7166757880709365,0.0,24.0,0.06498549464711975,0.09275742431028008,1.4472194575070048,1.2863268467736788,1.5853517062988178,41.02622774121347,17.09023396830254,2.109503853325003,-0.2297036156911748,0.8442272222222221,0.9947923570269679,5.642897957744723,6.4424677523154665,0.7926758531494089,83.82238156576132,38.23765083333333,9.660038105263158,226.2662058571402
B0007,NASA_18650_LCO_2AH,97,2008-05-11 02:05:21.796,2.0,0.5445668726959954,0.2574765201701255,2.1150156576555776,0.28436352765124706,0.8020433928661208,0.873921178505768,0.3395522460638341,0.47834274939408516,1.0045239672575443,0.1010934896509206,29.555663549954055,3.2251747150073484,25.62855590034613,2.8266245000377554,0.0,24.0,0.06404628033050658,0.09159318258364718,1.4263032631908326,1.270181558132497,1.5799737147242376,41.01371342582121,17.030251335150165,2.1295447836320704,-0.2179148331576056,0.8441797222222223,0.9948771987534266,5.622753762699918,6.483513084073467,0.7899868573621188,84.61505741891072,38.4442153125,9.611053828125,228.98288164521114
B0007,NASA_18650_LCO_2AH,98,2008-05-11 06:55:27.734,2.0,0.5410517352806331,0.2590262977258997,2.0887907482226997,0.2809914348000381,0.8000780330065328,0.8814764509286325,0.3406323779588709,0.47839261494993945,1.0044670488831302,0.10114524891073422,29.573584932950624,3.21617610587953,25.704388603277437,2.8459439097715293,0.0,24.0,0.06359397140113338,0.09201300723289192,1.4162303955924929,1.2760035364946214,1.5752185465278068,41.04923314430273,17.047369798941865,2.138556110583413,-0.21261405259799232,0.8417708333333334,0.9948159980546292,5.605101959329852,6.4849916230630775,0.7876092732639034,85.40504427627285,38.64567292824074,9.56181598224513,231.8095061452489
B0007,NASA_18650_LCO_2AH,99,2008-05-11 11:52:47.187,2.0,0.5384691309411833,0.2587280608799603,2.0812165795591984,0.2809044891290731,0.7971971918211436,0.8715590507791341,0.33829903448929327,0.4783469280976939,1.0045518890996445,0.10070804470561807,29.574504883211656,3.209260461401847,25.63485128551617,2.850296284086405,0.0,24.0,0.06276850187551225,0.09199843896718068,1.3978472846298848,1.2758015089864772,1.569798484648868,41.05277512550887,17.07912107297858,2.1437793669909317,-0.20954154882886367,0.8391666666666666,0.9947934076493865,5.584003130882984,6.464124860278023,0.784899242324434,86.19265354953674,38.852148078703706,9.514811774376417,234.65545005502042
B0007,NASA_18650_LCO_2AH,100,2008-05-11 16:49:58.921,2.0,0.5361122638689748,0.2589073903111116,2.070671919366337,0.27875087804643406,0.7950196541800865,0.8680668631087323,0.33575172135693027,0.4766985113284646,1.0038192044426666,0.1008035333385648,29.59702533136257,3.246580606221656,25.6527336441731,2.874822679076357,0.0,24.0,0.06299740810769966,0.09176282972431499,1.4029449999733643,1.2725341641167838,1.5702565375950357,41.02092182377061,17.00956582823896,2.199196544880164,-0.17694320889402126,0.839375,0.9948332940352658,5.56799098968229,6.508556426738082,0.7851282687975178,86.97755279186117,39.05853388888889,9.468735488215488,237.50574633910682
B0007,NASA_18650_LCO_2AH,101,2008-05-11 21:47:12.843,2.0,0.5327310696234555,0.25960225803517134,2.052104910910397,0.27634741004694996,0.7923333276586269,0.8631217012069778,0.3330746895546714,0.4757698212629625,1.0036711268474916,0.10108145045644985,29.608387587301,3.2450214413244254,25.668484796650056,2.9094366543504058,0.0,24.0,0.06387801281406735,0.09124241935522344,1.4225559650409982,1.2653172989000157,1.565249873909438,41.34840278359994,17.33407420044244,2.0252901014990434,-0.2792411167652685,0.8367402777777777,0.994864788998635,5.560951774488043,6.508485858563604,0.782624936954719,87.7626810606587,39.26494502314815,9.423586805555555,240.38056901818317
B0007,NASA_18650_LCO_2AH,102,2008-05-12 02:36:58.921,2.0,0.5359611445430793,0.2565957064191667,2.0887377695368805,0.277493024001681,0.792556850962246,0.8665038957478887,0.3335023279726734,0.4770699692739841,1.0049618939085327,0.10176610294936372,29.610572699408394,3.1886612772641385,25.74432548238452,2.939460363044826,0.0,24.0,0.06369471511339232,0.09234239990448381,1.4184739464247875,1.2805714364740541,1.559633933561147,41.23753665797544,17.240383842154905,2.0874226328484515,-0.24269256891267554,0.8340669444444445,0.9947923183917521,5.542426050043128,6.471187443973138,0.7798169667805736,88.54530599761341,39.46617277777778,9.378100462046204,243.29000567253357
B0007,NASA_18650_LCO_2AH,103,2008-05-12 12:56:34.781,2.0,0.5302201646926683,0.25934914430485706,2.0444261155810777,0.2754278461743234,0.7895693089975253,0.8603721151647467,0.3324139681618491,0.477807380734393,1.004257511303748,0.10146370143521082,29.581957944882603,3.2167056231196227,25.633915030387637,2.8794706364851774,0.0,24.0,0.06467924923964452,0.09251615718108015,1.4403994076654676,1.2829810403561164,1.5649820533392105,41.21700308433066,17.14178255444552,2.0863200514042264,-0.24334114623280798,0.8366666666666667,0.9948478011253831,5.5605117249128675,6.519017928327929,0.7824910266696052,89.32512296439398,39.896448935185184,9.387399749455337,246.22946603557838
B0007,NASA_18650_LCO_2AH,104,2008-05-12 18:59:59.453,2.0,0.5310171772734297,0.2619925039615682,2.0268411051100315,0.2742120446560905,0.7930096812349978,0.8731562917876141,0.33538424224127017,0.4484206010951062,1.0044512943395116,0.1030663367224907,29.869815946124863,4.963119160279241,26.086357315160182,3.1718368216903157,0.0,24.0,0.06385431051730776,0.08867971668231127,1.4220281176306746,1.2297786530937387,1.57497949984227,41.89753189273277,17.124247208947978,2.0588247910323827,-0.25951482880448073,0.8389194444444444,0.9947784232965392,5.607656093163604,7.061126909507015,0.787489749921135,90.10761399106359,40.14881782407407,9.355064347357066,249.10893667206355
B0007,NASA_18650_LCO_2AH,105,2008-05-12 23:53:17.609,2.0,0.5380158239085734,0.259058548624699,2.0768116926710536,0.2800612124378777,0.7970743725332724,0.8737237554420946,0.33840329735440833,0.48765251189702924,1.0046659125821142,0.10072303969928793,30.28624835971873,3.1827859190238357,26.36503424612251,4.097115322607811,0.0,24.0,0.0641458566556677,0.09196798789200669,1.4285208164473362,1.2753792243467224,1.5652811168780458,41.90270996402953,17.290986308507996,2.007722684403967,-0.28957489152707816,0.8339366666666683,0.9949137179034525,5.564888400862437,6.925519766156733,0.7826405584390229,90.89510374098472,40.352500185185185,9.312115427350427,252.28077349375386
B0007,NASA_18650_LCO_2AH,106,2008-05-13 04:35:25.359,2.0,0.5322749455318783,0.2599915847657233,2.0472775878029625,0.27691096135391874,0.7922665302976015,0.8660364908680578,0.3352793723396073,0.48557914053716283,1.0044546278703461,0.10108558968636039,30.11536638731283,3.1588707890803676,26.295278993185978,3.752974187405145,0.0,24.0,0.0640145737685953,0.0919624311183647,1.4255971617203764,1.2753021649935732,1.559755497470126,41.48233804274523,17.058698500725008,2.190682586389996,-0.18195141977059062,0.8313063888888889,0.99489015830061,5.5297504081199085,6.780550132815295,0.779877748735063,91.67774429942375,40.54842321759259,9.26821102116402,256.3778888163617
B0007,NASA_18650_LCO_2AH,107,2008-05-13 09:24:04.718,2.0,0.5270081436801516,0.2587302537315593,2.036901889365007,0.28227899579504556,0.7857383974117109,0.8534316040804214,0.34008139037971796,0.48046013176464136,1.0035835947884912,0.1009689966863424,29.940843049405782,3.2005047070861004,26.019053861613617,3.4265501719391707,0.0,24.0,0.06413199065712102,0.0900124072307432,1.4282120222617494,1.248259929860924,1.549897685670499,41.641162265997195,17.441474350977014,2.008435320437976,-0.289155693860014,0.8234633333333333,0.995109724835356,5.5026154597810075,6.548551574344721,0.7749488428352495,92.45762204815881,40.748878761574076,9.22616122903564,260.1308630037668
B0007,NASA_18650_LCO_2AH,108,2008-05-13 14:20:24.937,2.0,0.5245360988616836,0.2607572370933563,2.0115878803704894,0.27527963650234,0.7852933359550399,0.8518859231867354,0.3325846851606989,0.4848901718076218,1.0044750114500214,0.10172687821431542,29.783065327576665,3.212713153851901,25.806756459289247,3.1684112695926094,0.0,24.0,0.06159048417893459,0.09088999358149245,1.3716129666327326,1.260429984082727,1.5438771531345021,41.433877603827945,17.31413201509857,2.1646360641399958,-0.1972729034470613,0.8287152777777778,0.9948726688749603,5.485639442530727,6.633950199158816,0.7719385765672511,93.23257089099405,40.95466833333333,9.1860938317757,263.557413175706
B0007,NASA_18650_LCO_2AH,109,2008-05-13 19:04:20.531,2.0,0.5214615923517407,0.2602165088868947,2.003952760646797,0.27018658136512347,0.7816781012386353,0.8710452885551866,0.33560961187482863,0.48173869671631325,1.00450657222921,0.10126879963725746,29.877944013477087,3.291665409462741,26.09212236076689,3.3488610372008143,0.0,24.0,0.06539149393783786,0.09086443708321923,1.4562610148030117,1.2600755756881126,1.5450187488690073,41.8543569979417,17.395264149272794,2.0647427536919833,-0.2560336742988333,0.8264713888888889,0.9949847879839375,5.488330778008995,6.833649870777299,0.7725093744345036,94.0045094675613,41.15183956018519,9.144853235596708,266.7258244452986
B0007,NASA_18650_LCO_2AH,110,2008-05-13 23:59:26.015,2.0,0.5224863148909408,0.2594062304495388,2.0141625472079654,0.2723642586231538,0.7818925453404796,0.8591667810037031,0.3330680790431214,0.4841636626942133,1.0048534945747543,0.10137439152366035,30.19701485838157,3.2571606290402713,26.277216685610473,3.929820626102061,0.0,24.0,0.06440105059377724,0.09296284183042464,1.4342039559644766,1.2891755036108472,1.5445940154102908,41.78271326384125,17.172906989067645,2.170172617792397,-0.19401610718094306,0.8263847222222224,0.9948876377025136,5.4711165647463105,6.9402261804414,0.7722970077051454,94.77701884199581,41.35676414351852,9.106076508664628,270.07468548249943
B0007,NASA_18650_LCO_2AH,111,2008-05-14 04:55:57.453,2.0,0.5184711394694709,0.26049166477591207,1.9903559636747212,0.27057513216065593,0.7789628042453829,0.8570199276647422,0.3326819458565576,0.4847322362903785,1.0047010875122921,0.10101781883781132,30.16491960110753,3.222749642236451,26.15850923293319,3.8015998473080153,0.0,24.0,0.06498498051536264,0.09404625100399117,1.4472080078521756,1.3041998352625945,1.5343086721758876,41.62744766181303,17.279637297950494,2.120750718982474,-0.22308781236325048,0.8239583333333333,0.9947843861675976,5.447616823794099,6.73057044704836,0.7671543360879438,95.54931584970096,41.56268356481481,9.068221868686868,274.0045061086015
B0007,NASA_18650_LCO_2AH,112,2008-05-14 09:52:22.062,2.0,0.5143545292474643,0.26207792524411155,1.9626014964330547,0.2671613128641204,0.7764324544915758,0.8525506560904867,0.3293473153216866,0.48537834009281433,1.0046258816535882,0.1014492262400179,29.80917785848533,3.209109810294404,25.828357624929552,3.2120729031140014,0.0,24.0,0.06737099727736458,0.09343896736600453,1.5003443254667113,1.2957782425657605,1.5287603942958483,41.552128441464966,17.408782218344623,2.13627215665258,-0.21395755491024693,0.8212108333333333,0.99471273069198,5.4261365270452995,6.605860575299621,0.7643801971479242,96.3164701857889,41.76852394675926,9.031032204704704,277.8061059559095
B0007,NASA_18650_LCO_2AH,113,2008-05-14 14:35:22.515,2.0,0.5121852107885135,0.262355463802992,1.9522566916959478,0.2639838804138678,0.7745406745915056,0.8598349587283236,0.3295510220674379,0.48461904373799597,1.0045390582653007,0.10160883020540509,29.89283012850155,3.286975849691949,26.095617992004808,3.3815561049925273,0.0,24.0,0.06008311523589923,0.09266452619853507,1.3380440344295024,1.2850385689237844,1.5289260249179843,41.839167194182565,17.446848204320535,2.0938572364769055,-0.23890750795476146,0.8212066666666666,0.9948993521562959,5.427167101690662,6.797466121413568,0.7644630124589922,97.08085038293683,41.96505696759259,8.992512207341269,281.0181788590235
B0007,NASA_18650_LCO_2AH,114,2008-05-14 19:31:39.390,2.0,0.5108487684470413,0.26261682122436186,1.9452248530492822,0.266070828694797,0.7734655896714031,0.8505533796643661,0.3294739837328226,0.48807749393669575,1.0044526714094708,0.10133519189366452,30.164464056505928,3.2865580395223972,26.247673777602802,3.866338430058976,0.0,24.0,0.06481009262508623,0.0918435431981276,1.4433132747418909,1.273653469757637,1.529091650133123,42.23998716092915,17.56792013530953,1.9959465760122976,-0.2965020141104131,0.8212238888888889,0.9948925390906075,5.424332070664675,7.020056501834995,0.7645458250665615,97.84531339539582,42.17080783564815,8.956631752704032,284.39973496401603
B0007,NASA_18650_LCO_2AH,115,2008-05-15 00:27:55.625,2.0,0.511895274949621,0.26204700812535314,1.95344826729724,0.2656321022848811,0.773942283074974,0.8434146499553955,0.3255036393543797,0.4891351560037691,1.004640954092645,0.10182578455721336,30.30672706771009,3.172009206432783,26.33793086974434,4.139949400411521,0.0,24.0,0.06562185198290642,0.09205023294509704,1.4613910618516153,1.2765197693822394,1.5239059324661248,42.040902384977116,17.472376102165665,2.0305769860653866,-0.2761311846674196,0.818685,0.9947302507172904,5.4050406001687605,6.894240559887052,0.7619529662330624,98.60985922046238,42.3765512962963,8.921379220272904,288.266073394075
B0007,NASA_18650_LCO_2AH,116,2008-05-15 05:24:04.890,2.0,0.5083968723770921,0.2637328955719144,1.9276960892981017,0.2613772594057034,0.7721297679490065,0.8474643917748391,0.3240426728695234,0.48966671750380236,1.0044902212519602,0.10182210967317344,30.109069799343242,3.2022120567548598,26.124984681348387,3.7459582412707397,0.0,24.0,0.06877034481474348,0.09186867927715339,1.5315076334465332,1.274002047928214,1.5186675419100615,41.803429062834496,17.460373458928316,2.0758803797636745,-0.2494821295507797,0.8161066666666666,0.9947767832068097,5.3850054702686965,6.712331461388731,0.7593337709550307,99.37181218669545,42.58221408564815,8.886722939613525,292.40602279448655
B0007,NASA_18650_LCO_2AH,117,2008-05-15 10:20:03.875,2.0,0.5037882293586091,0.26498081329172096,1.9012253081636112,0.26096310539845385,0.7687690426503301,0.8373675960986859,0.3226947145332962,0.49043352209277796,1.0044647629223125,0.10205659585497699,29.88284075789973,3.1857100589004794,25.852136896684545,3.3146159251826406,0.0,24.0,0.06455635100086642,0.09546251520464037,1.4376624780872775,1.3238400816036913,1.5136482266426952,41.6886924602386,17.585716641730585,2.0793549048242492,-0.24743829127985337,0.8136458333333333,0.9948332813499813,5.364462348182606,6.56629642939156,0.7568241133213476,100.13114595765047,42.78775789351852,8.852639564176245,296.1519810357573
B0007,NASA_18650_LCO_2AH,118,2008-05-15 15:10:59.437,2.0,0.5018131820789907,0.26506534188612213,1.8931678414147284,0.25737442814013795,0.7668785239651128,0.848378872667473,0.3235557034281612,0.49037552177399285,1.0045489947331798,0.1022614652148564,29.8612751603721,3.2703637750666736,25.97324099771749,3.324900644971608,0.0,24.0,0.06694020686321729,0.09279083254689761,1.4907506727162496,1.2867901402726525,1.5136050185229033,41.988171601182124,17.624392417554443,2.0585109366080414,-0.25969944905409326,0.8134594444444445,0.9948787493100424,5.36506727993501,6.765356898823278,0.7568025092614517,100.88797007097182,42.98978986111111,8.818418433048432,299.4665969609399
B0007,NASA_18650_LCO_2AH,119,2008-05-15 19:56:47.390,2.0,0.5020957195524077,0.26443003651855784,1.8987847417544716,0.2577296436468311,0.7665257560709655,0.8507276244538593,0.3247218975990489,0.4917673669123112,1.004584751769744,0.10219232575886494,30.190535444314815,3.2837263362138778,26.37673825663932,3.9428814999397237,0.0,24.0,0.06557982465776659,0.09418453663034154,1.460455118176498,1.306117530962104,1.5139470614867965,42.33252236723314,17.58057793086645,2.0253107306977376,-0.2792289819425073,0.8137152777777777,0.9948027857828694,5.367774193251966,7.044784906742615,0.7569735307433982,101.64477258023327,43.18826153935185,8.784053194444443,302.7914976059115
B0007,NASA_18650_LCO_2AH,120,2008-05-16 16:54:59.812,2.0,0.5019730074630689,0.2647608773377179,1.8959485689979751,0.2587489514847637,0.7667338848007869,0.8376409653467124,0.3211585017647608,0.4943358573073534,1.0045258984898064,0.10173105406429557,30.51470759808182,3.2487775614725933,26.649421931226808,4.5973082215662995,0.0,24.0,0.06407570355620297,0.09167039455849789,1.426958515027595,1.2712523062357501,1.5339599193158786,41.63553796804361,16.673667704381565,2.0069579017420067,-0.29002476368117247,0.8183419444444444,0.9948165804787882,5.4400161322723415,6.814522249092833,0.7669799596579393,102.40174611097666,44.06201642361111,8.886457093837535,306.73437910585125
B0007,NASA_18650_LCO_2AH,121,2008-05-16 21:37:39.671,2.0,0.516564033345726,0.2631079974786892,1.9633155864291358,0.2682397429038977,0.7796720308244152,0.8550162460985864,0.33023834493811643,0.47166286088062326,1.004554393099232,0.1033933179294613,30.118986881967757,4.17075470536777,26.383044651599388,3.9533706984930648,0.0,24.0,0.06407570355620297,0.09167039455849789,1.426958515027595,1.2712523062357501,1.5391372798653098,41.470498076928735,16.518384716361105,2.19792648712031,-0.1776903016939352,0.820955,0.9948859377553383,5.454000446088729,6.915695356453567,0.7695686399326549,103.1687260706346,44.258311087962966,8.851662217592594,311.33168732741757
B0007,NASA_18650_LCO_2AH,122,2008-05-17 02:32:13.968,2.0,0.5135741541781191,0.2623389755786678,1.9576738533282727,0.26632105580488885,0.775913129756787,0.8397023457114549,0.3240226107923885,0.49502197119494884,1.004585199199506,0.10154811533239806,30.279995940987064,3.1092166539084083,26.395185471876317,4.22418676982605,0.0,24.0,0.06593245137802488,0.09401561418790837,1.468308074494917,1.3037749748342244,1.5236247972838737,41.54038193238441,16.944338222208,2.0299415196572554,-0.2765049884369085,0.8160069444444444,0.994694890904381,5.404241460326595,6.671460995080526,0.7618123986419368,103.93829471056726,44.46287471064815,8.819082587235997,315.28505802591064
B0007,NASA_18650_LCO_2AH,123,2008-05-17 07:25:19.906,2.0,0.5071377733908099,0.26439397602098924,1.9181139451962899,0.26224492533454824,0.7715317494117991,0.837552988889532,0.32227565876109626,0.49650827507650114,1.0045148741066183,0.10243334113653059,29.884417292240713,3.0579668793244643,25.994181141235586,3.4571517986142775,0.0,24.0,0.06729056431964857,0.09629787597153676,1.4985530927914268,1.3354245665027744,1.5135813035589147,41.13947017697289,16.92651834620242,2.1171503915767786,-0.2252056520136596,0.8136327777777778,0.9946987098247501,5.366679656082663,6.419866250595301,0.7567906517794574,104.7001071092092,44.666415659722226,8.786835867486339,319.5092447957367
B0007,NASA_18650_LCO_2AH,124,2008-05-17 12:21:15.890,2.0,0.502109034358922,0.26490865283230514,1.8954044273105317,0.25762212445064375,0.7670176871912271,0.841915186404027,0.32129643653379775,0.4937320801439051,1.0046762865148138,0.10310633575186387,29.63090988603296,3.164040858733273,25.74488779237481,3.049715205230943,0.0,24.0,0.06510534151766421,0.09513728300713498,1.4498884334671802,1.3193298775936386,1.5077850749847914,41.09041922644824,17.006948898687725,2.1309899052747716,-0.2170647616030755,0.8106597222222223,0.9946977924776643,5.343923612578364,6.332586792460174,0.7538925374923957,105.45689776098865,44.87192473379629,8.755497509033423,322.966396594351
B0007,NASA_18650_LCO_2AH,125,2008-05-17 17:15:37.281,2.0,0.4986847317083846,0.2650946298009313,1.8811574234539776,0.25649561942861754,0.7637793615093159,0.8311295501175597,0.31796031922244433,0.4949886217309436,1.0047129772988665,0.10279563197411022,29.598129752060995,3.1943488668969984,25.71873647224021,2.9764867671662945,0.0,24.0,0.06711835592420823,0.09592753360194589,1.4947180317215583,1.3302887907301635,1.5031960676037333,41.10034021580957,17.036976328587446,2.1294318317485654,-0.2179812754420203,0.8110588888888889,0.9947143579202182,5.326075757626535,6.348386049770602,0.7515980338018666,106.21079029848104,45.076338981481484,8.72445270609319,326.01611179958195
B0007,NASA_18650_LCO_2AH,126,2008-05-17 22:10:51.218,2.0,0.49515621026908585,0.266446410558213,1.8583707256649988,0.25365631656234494,0.7616026208272988,0.8354255614683451,0.3183120929563065,0.49577644575840313,1.0045518862269291,0.10308234831696882,29.564284108505642,3.194611198871293,25.673994611790967,2.938446601240444,0.0,24.0,0.06795484357718529,0.09654823806902046,1.5133465151073722,1.3388964986936747,1.4978220596995881,41.03075447325996,17.01608202644857,2.164511453629433,-0.1973462037473922,0.8056727777777778,0.9946590322045449,5.3067769866601315,6.264633699333679,0.7489110298497941,106.96238833228291,45.28136140046296,8.694021388888888,328.99259856674826
B0007,NASA_18650_LCO_2AH,127,2008-05-18 03:05:19.265,2.0,0.49187157742277665,0.26707059332527694,1.841728699433563,0.25339878000235067,0.7589421707480536,0.8261577541824481,0.31662662375700595,0.4971099699484791,1.0044786540509607,0.10340856123252985,29.569686993063936,3.2096878247770135,25.676415041989998,2.939474584517832,0.0,24.0,0.06774763357158108,0.09756879729834687,1.508731972223165,1.3530492497555615,1.492848534633516,40.99688397371006,17.00364863404352,2.1743012710834013,-0.1915874875979992,0.8059375,0.9946870954234309,5.287733450765198,6.261432072282671,0.746424267316758,107.7112993621327,45.48585268518518,8.663971940035273,331.9310451679887
B0007,NASA_18650_LCO_2AH,128,2008-05-18 08:00:50.421,2.0,0.48879167054728656,0.2676394247953008,1.8263066811176147,0.25239415272829185,0.7564310953425873,0.8168054508117221,0.31376417318698324,0.4985665977615846,1.0045747084543117,0.10335473749343747,29.477071860791316,3.1972814291864005,25.56512774573633,2.8058699688595374,0.0,24.0,0.0667137217488139,0.0972800767269203,1.4857068753860894,1.3490453759416496,1.492414389867026,40.88481342461614,17.02068095160039,2.1928976284966537,-0.1806484538254978,0.8058852777777777,0.9945583330433733,5.265613933449086,6.1949863967287575,0.746207194933513,108.45772362944946,45.69107439814815,8.634533744531932,334.87051975250654
B0007,NASA_18650_LCO_2AH,129,2008-05-18 12:44:48.437,2.0,0.4848387757588423,0.26903448789707085,1.802143578868088,0.25004044663311886,0.7538732636559131,0.8108286893538362,0.3111015703603886,0.49917347988952165,1.0044876811290717,0.10332313801934652,29.374914905673503,3.241430444547653,25.559920462706533,2.6392964589072343,0.0,24.0,0.06907731657162432,0.09757851768286792,1.5383438590054126,1.35318404857801,1.487482776538081,41.09400879501426,17.297452465339635,2.0298495899147295,-0.2765590647560414,0.8032333333333332,0.9946891837740471,5.259877624902396,6.141424695997314,0.7437413882690405,109.20393082438298,45.88827365740741,8.60405131076389,337.6763897213661
B0007,NASA_18650_LCO_2AH,130,2008-05-18 17:36:29.734,2.0,0.4848734825456292,0.26917573486013846,1.8013268614160267,0.24871650754809313,0.7540492174057676,0.8157777934357016,0.3112665996433625,0.5017684210873475,1.004656710943713,0.10384325992448194,29.358312360503618,3.2042422853722847,25.488875323515025,2.64320692473418,0.0,24.0,0.06718794282252567,0.09692981798425572,1.4962677239071671,1.3441881127375797,1.482535148640411,41.01377835587309,17.224975499429718,2.0959492247836815,-0.23767692659783438,0.8008072222222222,0.9945618799687295,5.243643962799169,6.127755221020293,0.7412675743202055,109.94767221265202,46.09083496527778,8.575039063307493,340.3156861802733
B0007,NASA_18650_LCO_2AH,131,2008-05-18 22:31:45.515,2.0,0.48126249833290674,0.2701255600674225,1.7816251720939424,0.2475138560719588,0.7513880584003292,0.8141981532404711,0.3114907205354773,0.5030319988616994,1.0045258352049202,0.10368553165348468,29.383571730227782,3.2134127883534127,25.487686966812053,2.6837278153421558,0.0,24.0,0.06707972812696714,0.0960666636424267,1.4938577951399719,1.3322181964633857,1.4827874322228984,40.90635248178393,17.077633564155498,2.177723491219515,-0.18957441692969695,0.8009069444444444,0.9947211703028124,5.227330076837535,6.1601367524433455,0.7413937161114492,110.68893978697223,46.295878726851846,8.546931457264957,342.95889310500746
B0007,NASA_18650_LCO_2AH,132,2008-05-19 03:27:07.765,2.0,0.4810385225492003,0.26788698114342124,1.7956771157678004,0.24734081192584714,0.7489255036926216,0.811200975142128,0.3101437538138847,0.4996138345355788,1.00409673929774,0.10366003561882466,29.380641256719517,3.24212254078175,25.448935623731767,2.6564203406644165,0.0,24.0,0.06789963146126157,0.09879327439864248,1.5121169476648402,1.3700298610552144,1.476971179775059,41.06596192416311,17.316264899013206,2.056251340337525,-0.2610286233308677,0.8008247222222222,0.9945920551438633,5.219608082463934,6.133535835457325,0.7384855898875295,111.43033350308367,46.50099736111111,8.519266692111959,345.6426209203496
B0007,NASA_18650_LCO_2AH,133,2008-05-19 15:34:33.625,2.0,0.47828329195269176,0.2700234533005176,1.7712657371830676,0.24625419825258177,0.7483067452532093,0.8105635403959746,0.31035839611440097,0.5019013048550657,1.0036030128472224,0.1040889717224348,29.307071169348962,3.235197530306852,25.401218153058803,2.571579609158693,0.0,24.0,0.06690394209876528,0.09851225141523651,1.4899430606018564,1.3661327346440029,1.4819015554137276,40.84520330629611,16.38714872321794,2.1512510632923165,-0.20514643335746086,0.8032377777777777,0.9944430828153004,5.244174407904352,6.352108855617582,0.7409507777068638,112.1688190929712,47.00615777777778,8.54657414141414,348.299041261014
B0007,NASA_18650_LCO_2AH,134,2008-05-19 20:59:48.437,2.0,0.4801652018229914,0.27376680411934656,1.7539204670581858,0.24220727532607583,0.753932005942338,0.8218295292433083,0.3084516310423412,0.47899933431608754,1.004516795445161,0.10560727146636481,29.669057228550887,4.836663314670101,25.892291164391303,3.0281094600928453,0.0,24.0,0.06690394209876528,0.09851225141523651,1.4899430606018564,1.3661327346440029,1.4981366198874824,41.12807910254104,16.55220722763053,2.1693699073642034,-0.19448828978576266,0.8059027777777777,0.9947068035887942,5.291844342541366,6.54378181445463,0.7490683099437412,112.90976987067806,47.23202365740741,8.52307193817878,350.8706208701727
B0007,NASA_18650_LCO_2AH,135,2008-05-20 01:16:42.609,2.0,0.4911586623799109,0.2652272154951391,1.8518411111660296,0.25425777423547596,0.7563858778750501,0.822477949393879,0.3168486251031271,0.540432358220502,1.0045726040846268,0.10157526753975284,30.05088773324804,1.3643456706284525,26.195166662980835,3.993505414019261,0.0,24.0,0.06690394209876528,0.09851225141523651,1.4899430606018564,1.3661327346440029,1.4820775214392872,41.094988453128494,16.757329217256515,2.116759239247948,-0.225435741618854,0.8032508333333334,0.99460753135084,5.24677220484406,6.410973484268344,0.7410387607196436,113.6588381806218,47.41042842592592,8.491420016583747,353.8987303302655
B0007,NASA_18650_LCO_2AH,136,2008-05-20 06:12:06.265,2.0,0.48246137873971756,0.2689315330721428,1.7939933347767636,0.24727559512811675,0.7513929118118603,0.8167059338316036,0.31141184394756466,0.5063903434047983,1.004772997775143,0.1037486862180996,29.64944323132459,3.152852824244164,25.775432615050974,3.1177024037326144,0.0,24.0,0.0643021008852081,0.09643418407846288,1.4320003573870785,1.337314838668865,1.4771155312812152,41.11877573165318,17.029158480685464,2.009424225590032,-0.2885739849470399,0.8008377777777778,0.9945536994553064,5.220342043473427,6.258787611821439,0.7385577656406076,114.39987694134145,47.615563333333334,8.464989037037038,357.89223574428473
B0007,NASA_18650_LCO_2AH,137,2008-05-20 11:07:23.453,2.0,0.4779173896889867,0.2711394552655286,1.7626257614910614,0.24500974852635587,0.7490568449545153,0.8080533189401378,0.308276820866032,0.5082249864353042,1.0044665847526408,0.10451860806064528,29.390818858325176,3.093897670712373,25.502094661985332,2.7480150300697015,0.0,24.0,0.06888701516107743,0.09613259268965704,1.5341058685795492,1.3331324769543027,1.4720772783056488,40.980034990626955,17.207692016940825,2.0034792344341588,-0.29207103856814187,0.7981813888888889,0.9946806068448644,5.1981887544971865,6.067433716668265,0.7360386391528244,115.13843470698205,47.82062337962963,8.438933537581699,361.00993814801734
B0007,NASA_18650_LCO_2AH,138,2008-05-20 15:57:27.312,2.0,0.4762609723358218,0.27013957355897183,1.7630181508757892,0.24468669541927346,0.7464005458947937,0.8039434975808742,0.30724310836411456,0.5073209753746791,1.0045237057975598,0.10485570358460866,29.386940749297114,3.2320836495478815,25.633883413252562,2.7288090913466028,0.0,24.0,0.06856453339155406,0.09743767053548179,1.5269242368311144,1.3512308306192167,1.472248013656454,41.017509953482886,16.88523600171755,2.172988732474185,-0.19235956913283234,0.7983419444444444,0.9946989590735097,5.188412981135231,6.31083563524247,0.736124006828227,115.87447334613488,48.02205693287037,8.412623112327655,363.75795317808706
B0007,NASA_18650_LCO_2AH,139,2008-05-20 20:50:39.015,2.0,0.47461454775276063,0.26976927789419286,1.7593350531903167,0.24267954562188002,0.7443838256469535,0.8080383119413908,0.307331185630519,0.5079865955244132,1.0044712071331119,0.10403565011354861,29.732600284223718,3.2213414418546407,25.938494846858667,3.266727145209769,0.0,24.0,0.07710980472137463,0.10250153375485054,1.7172264420439387,1.4214546779920667,1.4670106672274665,41.299420742573055,16.90093116128417,2.087464676179042,-0.24266783754174007,0.7983983333333333,0.9945975015973949,5.187087619612692,6.48397456119414,0.7335053336137333,116.6105973529631,48.22566460648148,8.38707210547504,366.48676226943365
B0007,NASA_18650_LCO_2AH,140,2008-05-21 01:39:38.968,2.0,0.47405420249303437,0.26995854255386303,1.7560259332057868,0.24281720996711595,0.7440127450468974,0.8054448571701056,0.3069361420310787,0.5102535332242294,1.004682916743525,0.10414408070170053,29.774982060233484,3.1714939122771426,25.940545343617295,3.303619261571223,0.0,24.0,0.0746318718242955,0.10542634982447156,1.6620431627210264,1.4620149831126956,1.4617672495335379,41.105738037939375,16.947862119283624,2.110564313669325,-0.22907981548863243,0.7958288888888889,0.9946359342996838,5.165790141627066,6.293450959985198,0.7308836247667689,117.34410268657683,48.426358506944446,8.361385641486809,369.7534894146434
B0007,NASA_18650_LCO_2AH,141,2008-05-21 06:24:27.281,2.0,0.4700342259098462,0.2709631510738373,1.7346795059761557,0.2420386672856739,0.7409973769836835,0.795652516302294,0.30480057295186885,0.5117926171408578,1.004892715849093,0.10465215675332151,29.490551964069194,3.162463272158316,25.680165940793994,2.871378293520315,0.0,24.0,0.07540083561487529,0.10497798450501189,1.6791678974928153,1.4557972129247916,1.4566952670489708,40.87704013237699,17.043956032448044,2.0724687293779813,-0.25148898271883446,0.7930813888888888,0.9946840534687952,5.142228547584232,6.0590672505791145,0.7283476335244854,118.07498631134361,48.62413990740741,8.335566841269841,373.0571086762146
B0007,NASA_18650_LCO_2AH,142,2008-05-21 11:18:06.015,2.0,0.46549432626892756,0.2735991323081999,1.7013735441743933,0.2368875907329705,0.7390934585771274,0.8019709225056318,0.3036321089998313,0.5135642553336608,1.0045368050191819,0.1051871220523325,29.190163881380066,3.1768588587809496,25.300800520190858,2.4650794298639744,0.0,24.0,0.07640577749318553,0.10385735044943493,1.7015478370139598,1.4402566598982696,1.451354972758956,40.730219862268235,17.11638349889392,2.1253826973270513,-0.22036311921938156,0.7932291666666667,0.9946200998611312,5.122332564762662,5.97472280321415,0.725677486379478,118.80333394486809,48.82806043981482,8.311159223798267,375.92848696973493
B0007,NASA_18650_LCO_2AH,143,2008-05-21 16:10:21.203,2.0,0.46330412008388316,0.27297821115094295,1.6972201454536227,0.23550077373583744,0.7362823312348261,0.8091314208559808,0.30584806501791284,0.512974134020536,1.004772001289045,0.10535974642093755,29.208672053167405,3.268726569728635,25.391998291850797,2.471134824756764,0.0,24.0,0.07422496841221823,0.10666433189237831,1.6529814707468113,1.4791828764820285,1.451615926257375,41.03226257370644,17.14688744911906,2.1147331324879475,-0.22662756912473675,0.7932205555555556,0.9948473586219329,5.125448331826886,6.193991555747647,0.7258079631286875,119.52901143124757,49.03101400462963,8.286931944444445,378.3935663995989
B0007,NASA_18650_LCO_2AH,144,2008-05-21 21:02:09.781,2.0,0.46564232715105536,0.2703612901777799,1.7222965831525563,0.23858258385353523,0.7360036173288352,0.7944019687057174,0.30259730053333855,0.5112846266346984,1.0040296755503053,0.10515000224807992,29.453610291006044,3.1657335380000866,25.6831340414972,2.8892779749764452,0.0,24.0,0.07478533408652246,0.10631478221212778,1.6654607495701212,1.4743354463023874,1.4468161332173683,40.89527781087817,16.86881992719114,2.1738445330859366,-0.19185615700827255,0.7909547222222222,0.9947118282676035,5.109890429460651,6.200977669834466,0.7234080666086842,120.25481939437626,49.233659583333335,8.262991818181817,380.86470122435566
B0007,NASA_18650_LCO_2AH,145,2008-05-22 01:42:59.218,2.0,0.4617790097367753,0.27197772360410066,1.6978559963242703,0.23735836821834072,0.733756733340876,0.7908041119534737,0.30233344873819745,0.5120563790964063,1.0036433488789325,0.10523045562553078,29.4002159239623,3.208576196904474,25.622119348419083,2.7414524690263313,0.0,24.0,0.07475643812783513,0.1058082468615031,1.664817239908731,1.467310994888462,1.4467570607768785,41.02491521192672,17.26597086791945,1.9947266977360072,-0.2972195895670546,0.7909333333333334,0.9946448477159227,5.100120945711835,6.056006105606803,0.7233785303884392,120.97822746098494,49.428676215277775,8.238112702546296,383.7539791993321
B0007,NASA_18650_LCO_2AH,146,2008-05-22 06:32:40.921,2.0,0.45968343859459077,0.2739456005312881,1.6780099292125121,0.2342427270379746,0.7336290391258788,0.7882573028390484,0.2986967429568266,0.5148671861369735,1.0036662034098565,0.1060888501929395,29.113406673153683,3.1799058673899623,25.24459175658463,2.373344759326219,0.0,24.0,0.07485597443278806,0.10876422641834274,1.6670339019198224,1.5083034641247555,1.4413797481446793,40.815968345794715,17.35796169455523,2.0033802121225017,-0.29212928698676366,0.7881466666666667,0.9946794981573575,5.07693888693867,5.864675224500627,0.7206898740723396,121.70160599137338,49.62985333333333,8.214596413793103,386.49543166835844
B0007,NASA_18650_LCO_2AH,147,2008-05-22 11:23:22.187,2.0,0.45547056975381756,0.27559883474991165,1.652657818168205,0.23182934371369174,0.7310694045037291,0.7901226965168203,0.29912463972704306,0.5194450564014835,1.0044434812228857,0.10623660183101306,28.907801618466582,3.2206474277190225,25.02365948571139,2.0990801081387325,0.0,24.0,0.07753116165156862,0.10592078931932708,1.726610012196685,1.4688716935169255,1.4362456252208178,40.65138669632271,17.330903173654097,2.116470909151213,-0.22560534755810996,0.7881336111111111,0.9947212362538714,5.061120980707997,5.820528499349061,0.7181228126104089,122.42229586544572,49.83171983796296,8.191515589802131,388.8687764276847
B0007,NASA_18650_LCO_2AH,148,2008-05-22 16:17:58.890,2.0,0.4542703410810038,0.27392472666265844,1.6583765393740992,0.23145198337297973,0.7281950677436622,0.7952665573972285,0.30123536721772465,0.5185048763590339,1.0046454601765662,0.10613141176324269,28.99403425065165,3.2953876066562486,25.179508727208052,2.2179758025853626,0.0,24.0,0.07570437383604962,0.10921619850698706,1.6859276586082141,1.5145712517001284,1.4368154153924828,40.965385542419945,17.293464828065204,2.051877342511651,-0.2636015632284404,0.7884763888888888,0.9948218328776788,5.063601507176981,6.059398356514489,0.7184077076962414,123.14041867805612,50.03631130787037,8.169193682917612,390.9678565358234
B0007,NASA_18650_LCO_2AH,149,2008-05-22 20:59:50.203,2.0,0.4545172234975052,0.27413890809935915,1.657981443859034,0.2318754760085129,0.7286561315968643,0.7923507838045595,0.30060532021933184,0.518433042776074,1.0036417015159143,0.10591010577774405,29.23623523004328,3.2256957531890293,25.490818359886532,2.5419133163748104,0.0,24.0,0.07619885077284738,0.10731753480813626,1.6969396028598978,1.4882412613302283,1.4362945145860047,41.11319128215138,17.409939754083453,2.003221375307111,-0.2922227204075817,0.7856466666666666,0.9947391886726431,5.059641034963066,6.041757805812046,0.7181472572930023,123.85882638575237,50.23204409722223,8.145736880630631,393.1858323384088
B0007,NASA_18650_LCO_2AH,150,2008-05-23 12:13:16.359,2.0,0.45296309216358305,0.27402467118027035,1.6530011308328345,0.23549983695852794,0.7269877633438534,0.7760910931459098,0.3000830389341769,0.522868401528129,1.0044665262627952,0.10613490064075015,29.260162178612,3.2201149601550725,25.427226509947285,2.572197546100351,0.0,24.0,0.07474198933218686,0.1072555941617196,1.6644954668990268,1.4873822905579726,1.4418575315878015,40.78738321989129,17.46018989076964,1.9865974995249178,-0.30200147086769535,0.7884069444444444,0.9947316794887434,5.073945525497764,5.806600343159836,0.7209287657939007,124.57697364304536,50.86637460648148,8.193241547352722,395.7277456547836
B0007,NASA_18650_LCO_2AH,151,2008-05-23 20:14:29.875,2.0,0.453924014113521,0.2785465262538189,1.6296164931710018,0.2255170437928878,0.7324705403673399,0.7926489200305454,0.2926051870403807,0.497078769456108,1.0042491635604571,0.10887337369493827,28.954663869279074,5.0281901136932525,25.255921086783268,2.13524940691188,0.0,24.0,0.07555860207938689,0.10282920062968705,1.6826813384294903,1.4259986452381896,1.4672063484781797,40.73001188190229,16.749855496586537,2.1908121182442706,-0.18187522456219377,0.7957075,0.994842558868484,5.170275383849253,6.128370891323878,0.7336031742390898,125.29790240883926,51.20055881944444,8.192089411111112,398.29994320088394
B0007,NASA_18650_LCO_2AH,152,2008-05-24 01:09:21.562,2.0,0.47059722938487575,0.27167889793060884,1.7321817487605644,0.23874960292467115,0.7422761273154845,0.8130777026486337,0.30676900645655003,0.5194659649093659,1.0045619031850632,0.10501647663776496,29.42943562413917,3.1635920113039653,25.59348621208872,2.8324099682172204,0.0,24.0,0.07816049976105026,0.10201911258127701,1.7406252991824687,1.4147646333769435,1.4518640367848885,40.990354594470126,17.071083659319047,2.033261415031626,-0.27455210880492587,0.7906638888888888,0.9946820829617052,5.123674073991218,6.113617361016994,0.7259320183924443,126.03150558307836,51.405323715277774,8.170382577262693,400.43519260779584
B0007,NASA_18650_LCO_2AH,153,2008-05-24 06:00:20.156,2.0,0.4655312174494831,0.2710612669732628,1.7174390933422556,0.23758396153153535,0.7365924844227459,0.8022807272033267,0.3044838960988607,0.5207139930828711,1.004528286735563,0.10553789560014672,29.365754863674997,3.1400696822680096,25.51897802342435,2.725256104181625,0.0,24.0,0.07446837175300344,0.10396946892905552,1.6584020350237991,1.441811478948365,1.4471379752748499,40.62521315513875,16.874890038198174,2.19135439601875,-0.1815562376360295,0.7883247222222223,0.9947824105314028,5.090148076666595,5.97453795156702,0.7235689876374249,126.7574376014708,51.60739077546297,8.148535385599414,403.2676025760131
B0007,NASA_18650_LCO_2AH,154,2008-05-24 10:42:50.484,2.0,0.4594621294831807,0.271665119136906,1.69128127341955,0.23566890858155062,0.7311272486200867,0.7948899610903887,0.3031886747194851,0.5206028666301042,1.0046093839375008,0.10576967555384445,29.18156159876141,3.1634246285780527,25.42437424452934,2.4790206750872352,0.0,24.0,0.07230119076349323,0.10458302386651375,1.6101391647788394,1.450320039787474,1.441790586562399,40.58944296824891,16.957168776622183,2.1840705012733683,-0.18584088160390097,0.7883766666666666,0.9947070374811658,5.068358155133178,5.9367498458474754,0.7208952932811995,127.48100658910822,51.803575127314815,8.126051000363109,405.9928586801947
B0007,NASA_18650_LCO_2AH,155,2008-05-24 15:31:10.593,2.0,0.45545989086829824,0.27297329558570177,1.6685144569060837,0.23365825624267156,0.728433186454,0.7906293839315697,0.30163304120124484,0.5229198840056544,1.0045300819633318,0.10569196072354936,29.11061940894592,3.231087120621307,25.283850691977545,2.362478584504493,0.0,24.0,0.07508676955826724,0.10608680053528284,1.6721736826986708,1.4711738777952978,1.431630947911111,40.584393586876246,17.044581456923137,2.1664368343684446,-0.1962136268420914,0.7860674999999999,0.994781116795488,5.0482034129267275,5.882941771457034,0.7158154739555554,128.20190188238942,52.00380787037037,8.104489538239537,408.4718793552819
B0007,NASA_18650_LCO_2AH,156,2008-05-24 20:21:13.437,2.0,0.45231326719990406,0.2737530527757653,1.6522674789832064,0.2320890700206326,0.7260663199756694,0.7847703754359954,0.29946666950422635,0.5234582185602306,1.0044457883217925,0.10615119971321538,29.06555232624057,3.234931415981727,25.219518229828754,2.308883952377473,0.0,24.0,0.0759374111321346,0.1061740940091365,1.6911173722673984,1.47238443252772,1.4318084249673686,40.884444140401214,17.379569593495205,1.987193667465448,-0.3016507838438541,0.7860069444444444,0.9947577934131345,5.041014743192369,5.900748343615346,0.7159042124836843,128.91771735634498,52.20522967592592,8.083390401433691,410.8343579397864
B0007,NASA_18650_LCO_2AH,157,2008-05-25 01:06:49.828,2.0,0.45149027989702734,0.2747987886396619,1.642984968421986,0.23024989293912154,0.7262890685366892,0.7897780145905766,0.2995281792623865,0.5270014391241192,1.0045437094944025,0.10646756968719208,29.04585339751556,3.199440596812593,25.266231486558603,2.3029859199026506,0.0,24.0,0.07352578807120709,0.10724171511377198,1.6374108053342868,1.4871898208757295,1.4262562585106868,40.65159637790841,17.108409481717736,2.1314172797434523,-0.21681336485679276,0.7831769444444444,0.9947839893798016,5.025617086384923,5.865642024856953,0.7131281292553434,129.63362156882866,52.40356753472223,8.062087313034189,413.14324189216387
B0007,NASA_18650_LCO_2AH,158,2008-05-25 05:57:17.890,2.0,0.44855725776671446,0.2748129789821612,1.6322273373402707,0.228993811952819,0.7233702367488757,0.7845786288728618,0.29786857530881994,0.5269951987493846,1.004490491801624,0.10631121930238675,29.05618290210888,3.2450581542606223,25.207190052999604,2.3012241554779385,0.0,24.0,0.07452690993538265,0.10791338683759191,1.6597056735820084,1.4965043245609357,1.4260877528924913,40.53138082339522,17.065513373882606,2.188995882590831,-0.18294359847598182,0.7832163888888889,0.9947244055884129,5.0061349226168605,5.840585701724439,0.7130438764462457,130.346749698084,52.60528121527778,8.0415716507431,415.4462278120665
B0007,NASA_18650_LCO_2AH,159,2008-05-25 10:51:37.015,2.0,0.44614237594061135,0.27448431214660113,1.625383875817414,0.2280712163540366,0.7206266880872125,0.7850024633937337,0.29835101596515423,0.5268790134138286,1.0045001149919595,0.10633627839329389,28.98532286604206,3.245809365583547,25.097670267805956,2.2062970200368297,0.0,24.0,0.0791691710582769,0.10444284988089514,1.7630882924319926,1.4483761569957598,1.4212633510031694,40.821433488540606,17.379080469801803,2.0322464946417114,-0.2751491207989933,0.7807422222222222,0.9947322727858291,5.001163533729766,5.837932390008274,0.7106316755015847,131.05979357453026,52.80966923611111,8.0217219092827,417.74745196754446
B0007,NASA_18650_LCO_2AH,160,2008-05-25 15:37:08.890,2.0,0.44565884451497817,0.2750483011152082,1.6202930245264835,0.22741570480804305,0.7207071456301863,0.7836462366612862,0.29730198183099776,0.5298947739661134,1.004585852280039,0.10671252688407222,29.02814341192068,3.240413203177628,25.242481368878632,2.2782053761726395,0.0,24.0,0.07740642407894159,0.10486727923180524,1.723832120866192,1.4542619917167425,1.4163272748795108,40.643362943412974,17.138933425093768,2.1695130053947387,-0.1944041144736831,0.7809680555555556,0.9947521156242302,4.988513679753046,5.875368547903563,0.7081636374397554,131.77042525003185,53.00795482638889,8.001200728511531,419.9537489875813
B0007,NASA_18650_LCO_2AH,161,2008-05-25 20:23:04.453,2.0,0.4434466532645333,0.27430212830466655,1.6166358431010077,0.22878306587420558,0.7177487815691999,0.7783417289006778,0.29854140592972694,0.5292627245789364,1.0044462285924172,0.10670947010278267,29.06882936597328,3.250211645870124,25.27607020296545,2.330082438196615,0.0,24.0,0.07890474956836244,0.10507937093834102,1.757199656402288,1.4572032037881604,1.4165781829175994,40.97063567014205,17.4321299310359,1.9917978280585305,-0.29894245408321735,0.7784505555555555,0.994769564760451,4.982315671634156,5.901125498542327,0.7082890914587997,132.4785888874716,53.20651458333334,7.9809771875,422.23195436375397
B0007,NASA_18650_LCO_2AH,162,2008-05-26 01:13:02.796,2.0,0.4434141244250117,0.27557165370239006,1.609070155304696,0.22592783422698373,0.7189857781274018,0.7802168710607198,0.295588197587731,0.531681806569128,1.0045051561255547,0.10725234962839372,29.11731427294074,3.2312073886358093,25.27314773582078,2.381844974964178,0.0,24.0,0.0763640339925741,0.106773264473563,1.7006182140782977,1.4806935146299518,1.4108401729425177,40.74888323397497,17.15123061187972,2.1534486462617073,-0.20385373749311334,0.7782291666666666,0.9947016855768647,4.967044890109812,5.923993703891891,0.7054200864712589,133.1868779789304,53.40788429398148,7.96142374568668,424.56203680195057
B0007,NASA_18650_LCO_2AH,163,2008-05-26 06:01:08.171,2.0,0.4404161163405302,0.2756682823066074,1.5976307170945023,0.22574043780934108,0.7160843986471376,0.7709036019660449,0.29384080754681297,0.5324224459715253,1.0048053340359868,0.10681410938995899,29.085224991378187,3.2418107433775276,25.26421894976394,2.35856463025447,0.0,24.0,0.07609961302197976,0.10736498502604198,1.6947295896137924,1.4888992840128465,1.4109949628347804,40.93461596721165,17.42425381534143,2.0101572712330453,-0.28814278162762036,0.7783419444444444,0.9947048039832292,4.960669034690646,5.896409865283869,0.7054974814173902,133.89229806540166,53.60794650462962,7.941918000685871,426.94388177691474
B0007,NASA_18650_LCO_2AH,164,2008-05-26 10:44:38.468,2.0,0.4390748228557,0.27707715528718585,1.5846662696109794,0.22366887356443352,0.7161519781428858,0.7744366400156085,0.2933988285877093,0.5346060783938039,1.0044921340665043,0.1072461760377814,29.021049593818244,3.229200808122023,25.247717236760785,2.281163541396892,0.0,24.0,0.07619538165507271,0.10978243250453097,1.6968623460078702,1.522423582637653,1.4061714290398801,40.74175890345818,17.237060546058395,2.132718741006573,-0.21604779940789814,0.7759416666666666,0.9947344754560337,4.947440959908417,5.865518280695625,0.7030857145199401,134.59779554681904,53.80482494212963,7.922182813565099,429.3024464071692
B0007,NASA_18650_LCO_2AH,165,2008-05-26 15:30:43.968,2.0,0.4369002850330858,0.276029587086468,1.582802368591099,0.22417971395270395,0.7129298721195538,0.7745206269024908,0.29544530840205635,0.5343334327121384,1.0044888880734473,0.10729198144541337,29.067548735124177,3.2700092657941937,25.27414999815343,2.3303429996341545,0.0,24.0,0.07610172102827181,0.11008444094472138,1.6947765346703618,1.5266117278719327,1.4063358479692922,41.00964443691023,17.454125665411244,2.0114763339798887,-0.2873668623647713,0.7759416666666666,0.9947418235462159,4.943080008068535,5.933977803400552,0.7031679239846461,135.300881261339,54.00349971064815,7.902951177168021,431.5836099485661
B0007,NASA_18650_LCO_2AH,166,2008-05-26 20:21:04.921,2.0,0.43609256436620486,0.27711108486670044,1.573710282247008,0.22330108587430322,0.7132036492329052,0.7750024304820424,0.2950697229309651,0.5379529056567287,1.0045133206257293,0.10718143576104794,29.14009489190413,3.2476456437648373,25.294181907809836,2.417852016245617,0.0,24.0,0.07638266569220371,0.10744321485199329,1.7010331398763827,1.4899841473117992,1.4004552399066514,40.80558697887537,17.2097693354075,2.1610456063312298,-0.19938493745221775,0.7756902777777778,0.9947418891506545,4.926617506772282,5.946287881056912,0.7002276199533257,136.00404918532362,54.20513111111111,7.884382707070707,433.91395294820023
B0007,NASA_18650_LCO_2AH,167,2008-05-27 15:52:41.359,2.0,0.4341060387202964,0.27677835984947763,1.568424779206608,0.22103302761301669,0.710884398569774,0.773302273407291,0.2927360770240424,0.5351054150344875,1.0036171454814065,0.10727983435303733,29.16287926072855,3.2759060301555465,25.431335735111634,2.4478530037020625,0.0,24.0,0.0734415084238084,0.10566134498758491,1.635533907324207,1.4652738121436044,1.4217865046055154,40.92586026351328,16.434470963781763,2.0143553387267827,-0.285673330160716,0.7783377777777778,0.9947575985156859,5.005545377095629,6.124797256870518,0.7108932523027577,136.70427680527695,55.018747291666664,7.954517680722891,436.33180496444584
B0007,NASA_18650_LCO_2AH,168,2008-05-27 20:45:42.125,2.0,0.44517003844429,0.27870000970132836,1.5973090138127601,0.2208600116078881,0.7238700481456184,0.8093230085485731,0.2983975399888492,0.5107586541103548,1.0046199889720613,0.10808527787727605,28.656686168389818,4.042340621839639,25.138343976613978,1.7758160256737734,0.0,24.0,0.0734415084238084,0.10566134498758491,1.635533907324207,1.4652738121436044,1.4324552720625434,40.57390100608222,15.83597780711051,2.1732119934933296,-0.1922282391215708,0.7834416666666666,0.9949870534799797,5.059360444021145,6.246155624327738,0.7162276360312717,137.4151700575797,55.22222837962963,7.93612862940785,438.7796579681479
B0018,NASA_18650_LCO_2AH,1,2008-07-07 15:15:28.875,2.0,0.15453920994293951,0.23247178928131174,0.6647654327792456,0.11772094471602515,0.38701099922425125,0.4277248796052937,0.24451244882333797,0.7447797155451064,1.000720420115538,0.11822334306546796,26.713023146449622,2.977301926053155,24.42229248876264,0.39871134883974374,0.0,24.0,0.07665664892300253,0.11241611258849413,1.0606197818238086,1.0399509925624908,1.8550045207910817,38.10180309676608,14.282282845161685,2.4721608434600437,-0.016375974435268396,0.954136388888889,1.0045370356778391,6.58799794198471,6.497312780090797,0.9275022603955408,0.0,0.0,0.0,0.0
B0018,NASA_18650_LCO_2AH,2,2008-07-07 21:53:06.125,2.0,0.692499407789813,0.2433518232240205,2.845671740579023,0.3311063630267286,0.9358512310138335,1.1035586351302695,0.39904376476461534,0.6123242794255507,1.0002253798362177,0.12414688599880161,28.630657651876884,4.37331672870609,25.545536174167466,2.291102154238751,0.0,24.0,0.07376052610009821,0.10778709324077389,1.020549087373689,0.9971283654994612,1.8431955317089987,38.14987995994155,13.835092885511425,2.4114381994148304,-0.05209517681480565,0.9515236111111112,1.0042335834471725,6.562491665554994,6.611432190558286,0.9215977658544994,0.9275022603955408,0.2761255787037037,6.6270138888888885,0.39871134883974374
B0018,NASA_18650_LCO_2AH,3,2008-07-08 02:56:08.453,2.0,0.6938468279370811,0.2364043864736039,2.9349997976753013,0.3550634539414496,0.9302512144106849,1.0458092498087157,0.4046967944278233,0.6206186128436358,1.0005002735290545,0.11253719545636592,28.510311181520592,2.2805531407192916,25.446466159720142,2.2442407520862546,0.0,24.0,0.07220991833652662,0.1080975087792784,0.9990949109780378,0.9999999907490931,1.8396018424355423,37.5266914843442,13.782797235155392,2.394395968141027,-0.06212001874057224,0.9473263888888889,1.004074171866758,6.55410014975799,6.027464069283929,0.9198009212177711,1.8491000262500403,0.48656918981481484,5.838830277777777,2.689813503078495
B0018,NASA_18650_LCO_2AH,4,2008-07-08 07:58:55.953,2.0,0.689074640407539,0.23755367702146518,2.9007113154258564,0.34851883212584106,0.9266283174290042,1.0534424428335207,0.4029577343243602,0.6077637324796532,1.0003974093627241,0.11140008632370688,27.94743032564124,2.267516206565297,24.873840724794903,1.464245425286324,0.0,24.0,0.07216146895823194,0.10754356246614519,0.9984245663992131,0.9948754849740359,1.8306736044962053,37.06279237079503,13.834935560845658,2.3999481734774424,-0.058854015601504474,0.9457552777777778,1.0041523450748369,6.523769300971126,5.575244329876173,0.9153368022481027,2.7689009474678112,0.6968411805555556,5.574729444444444,4.9340542551647495
B0018,NASA_18650_LCO_2AH,5,2008-07-08 18:57:48.968,2.0,0.6808937424817565,0.23997077221987506,2.8374028002009384,0.34852627831550703,0.9208645147016316,1.029601329182504,0.3985338838259373,0.5451985684854951,0.9999468499973264,0.1144812800216223,28.182349581908053,4.6050500982444476,25.184745587136256,1.6725254855437726,0.0,24.0,0.07227533294784147,0.10825736997277148,0.9999999861640211,1.0014788517683664,1.8327002069419656,38.2110354381278,13.788967209279392,2.3851461229395867,-0.06756110415318427,0.9493447222222222,1.0046836094727334,6.5431983392234665,6.62535855516815,0.9163501034709828,3.684237749715914,1.154399224537037,6.926395347222222,6.398299680451073
B0018,NASA_18650_LCO_2AH,6,2008-07-08 22:57:17.203,2.0,0.6907312998892697,0.2331793260596058,2.9622321587445852,0.3664396792392146,0.9239106259488755,1.0212262497953135,0.40979172524301366,0.7820291759916257,1.0000123225366664,0.09740777749924223,36.186651345077465,0.0,26.83090280704791,5.358211472821099,0.0,24.0,0.07227533294784147,0.10825736997277148,0.9999999861640211,1.0014788517683664,1.8285288846046388,38.17496505957075,13.479678524485568,2.3716770708389117,-0.07548407597711078,0.9477127777777778,1.0043495272860814,6.533906565797125,6.673771772298714,0.9142644423023194,4.600587853186896,1.3206982407407406,6.339351555555555,8.070825165994846
B0018,NASA_18650_LCO_2AH,7,2008-07-09 02:56:41.281,2.0,0.6879888329180153,0.23327312732597544,2.9492845546755957,0.3626878865319479,0.9212619602439907,1.023358630975901,0.4081014636027957,0.7884997093412732,1.0003241686370714,0.09725218927099576,36.13935430758997,0.0,26.612686159872126,5.00722725817495,0.0,24.0,0.07227533294784147,0.10825736997277148,0.9999999861640211,1.0014788517683664,1.8212011895697924,37.64038685475582,13.326726713334526,2.4964491577040793,-0.002088730762306312,0.94431,1.0042986084920047,6.4920421894995854,6.2930192027114575,0.9106005947848962,5.514852295489216,1.4869491435185185,5.947796574074073,13.429036638815944
B0018,NASA_18650_LCO_2AH,8,2008-07-09 06:55:54.875,2.0,0.6812790156870344,0.23239302253379043,2.9315811928999906,0.3679802312161009,0.9136720382208249,0.9942180837294388,0.4062149029493921,0.7581570355479729,1.0006838869923285,0.09587044379931278,35.46420583269735,0.0,26.181469651247287,4.253330214758409,0.0,24.0,0.07227533294784147,0.10825736997277148,0.9999999861640211,1.0014788517683664,1.8151700106433282,37.37602884738843,13.458760897309936,2.4374506721131883,-0.0367937222863598,0.9413194444444445,1.0044487906693487,6.46659170375838,5.959512386410259,0.9075850053216641,6.425452890274112,1.6530787037037038,5.667698412698413,18.436263896990894
B0018,NASA_18650_LCO_2AH,9,2008-07-09 11:26:41.906,2.0,0.6776547163422603,0.23267282788549282,2.9124789561569284,0.3655940511853088,0.9103275442277531,0.9974260242574424,0.40700518959639714,0.763207303637769,1.0005276094644568,0.09601539114349224,35.219777661310665,0.0,25.91755929599645,3.8014455049665585,0.0,24.0,0.07348714749020237,0.103347009944894,1.0167666266784103,0.9560535682636507,1.8042980520967649,37.28928029078695,13.634639188509272,2.4152206992194847,-0.04987017692971489,0.9390016666666666,1.0044753263932358,6.445439562553988,5.792138297075877,0.9021490260483824,7.333037895595776,1.8411230439814814,5.5233691319444445,22.689594111749305
B0018,NASA_18650_LCO_2AH,10,2008-07-10 16:34:39.859,2.0,0.6665690165808138,0.23956454494489623,2.7824193072598695,0.3514818164736579,0.90613356152571,1.0019003600410932,0.39935269201222223,0.49563808469162507,1.0004164611775892,0.11124287720459017,27.55080800546333,4.502463923515094,24.489490921475447,1.013090978945665,0.0,24.0,0.06954383696369902,0.10576261429724432,0.9622070651916507,0.978400099254815,1.8231002302844226,37.52377766578506,13.925774434432604,2.377432309524995,-0.07209864145588518,0.9455947222222223,1.0045103357484142,6.510329974305862,5.851274476660412,0.9115501151422113,8.235186921644159,3.0549882407407405,8.146635308641976,26.491039616715863
B0018,NASA_18650_LCO_2AH,11,2008-07-10 20:33:58.031,2.0,0.6845526571424084,0.23422154465787406,2.922671595736397,0.3557734974572167,0.9187742018002825,1.053193832661352,0.41398188431919647,0.7710636253665634,1.0001044127516605,0.09517818059366806,35.44332890427652,0.0,26.146821020863474,4.02245196038071,0.0,24.0,0.06954383696369902,0.10576261429724432,0.9622070651916507,0.978400099254815,1.8121253520255494,37.72420412562674,13.59591454207763,2.3887487262583647,-0.06544192573037373,0.9433725000000001,1.0043621602813408,6.477520793790406,6.178051405892968,0.9060626760127747,9.14673703678637,3.221170787037037,7.730809888888889,27.50413059566153
B0018,NASA_18650_LCO_2AH,12,2008-07-11 00:30:25.484,2.0,0.6801750311201598,0.2335658930984175,2.9121333626287984,0.355561259811657,0.9137409242185772,1.0194087740320676,0.4030915442511089,0.7639227707141799,1.000355088439144,0.09428062209892608,35.51794239177923,0.0,26.252986903576208,4.30223165553223,0.0,24.0,0.06954383696369902,0.10576261429724432,0.9622070651916507,0.978400099254815,1.8046916382117766,37.41366095304306,13.40266394220513,2.432289857016922,-0.03982949587239894,0.9400261111111111,1.004210568418413,6.43155085618483,5.971737249932693,0.9023458191058883,10.052799712799144,3.3853774189814816,7.386278005050505,31.52658255604224
B0018,NASA_18650_LCO_2AH,13,2008-07-11 04:28:49.531,2.0,0.672415041671031,0.23475653785811074,2.8643080460033516,0.35370322593763076,0.9071715795291417,1.0106768401820099,0.4021823372562115,0.7468047341364834,1.0003914830641427,0.09395978541391668,35.081542638352914,0.0,25.853699304554265,3.7534045181000413,0.0,24.0,0.06954383696369902,0.10576261429724432,0.9622070651916507,0.978400099254815,1.790844349786295,36.94724908852665,13.39270238284012,2.497495633221204,-0.001473156928703436,0.9362933333333333,1.0040852317113593,6.380574215613846,5.576550883375681,0.8954221748931475,10.955145531905032,3.550933518518519,7.101867037037036,35.82881421157447
B0018,NASA_18650_LCO_2AH,14,2008-07-11 08:59:08.656,2.0,0.6645432155279685,0.23681795566832506,2.8061352537627067,0.3450224551061152,0.9013611711962936,1.0153199306475713,0.3987796159667628,0.7263437695875685,1.0004584632614826,0.09394692840469546,34.460585087793035,0.0,25.419542407670075,3.10858447339111,0.0,24.0,0.07182928108524105,0.1034762853035651,0.9938284219769593,0.9572494825722696,1.783470722841926,36.707091312059944,13.616589629884814,2.478768686108376,-0.012489008171543544,0.9327213888888889,1.0041905059516014,6.349260347308472,5.252774023021804,0.891735361420963,11.850567706798179,3.7386548726851854,6.9021320726495725,39.58221872967451
B0018,NASA_18650_LCO_2AH,15,2008-07-11 14:27:05.640,2.0,0.6561553941405105,0.2371420534892115,2.7669297077538237,0.34976175053308983,0.893297447629722,0.9715169269132496,0.391619411874313,0.5072288454711725,1.0002700875072856,0.10643473658718165,27.33771267675062,4.0602454604332685,24.304660185191814,0.8554787423140423,0.0,24.0,0.0717756448485962,0.1024783941711515,0.9930863121351211,0.9480180846015747,1.7809386125310702,37.13061214416645,13.827066648678041,2.3858494078680206,-0.06714740713645848,0.9341708333333333,1.0046955790113539,6.362359944784822,5.516620563058053,0.8904693062655351,12.742303068219142,3.966397743055556,6.799538988095238,42.69080320306562
B0018,NASA_18650_LCO_2AH,16,2008-07-11 18:25:27.593,2.0,0.6592055773253069,0.23590075841965036,2.7944190614064004,0.35442427032678564,0.8951063357449573,0.9729236817270291,0.3956174659381528,0.7351761530743104,1.0002022364943468,0.09357246571064305,34.69043264785862,0.0,25.891404452355065,3.539235438232484,0.0,24.0,0.0717756448485962,0.1024783941711515,0.9930863121351211,0.9480180846015747,1.771209039672698,37.686600065941576,13.68648014897975,2.372854084449551,-0.07479171502967578,0.9327038888888889,1.0044478696089245,6.3306629053138606,6.058029119629032,0.885604519836349,13.632772374484677,4.131929606481481,6.61108737037037,43.54628194537966
B0018,NASA_18650_LCO_2AH,17,2008-07-11 22:22:05.406,2.0,0.6576359998729926,0.23473503543909013,2.80160989705703,0.35491746106871075,0.8923710353120827,0.9947131824913752,0.40606583009114067,0.731428500055748,1.0001538955944786,0.0926329686971093,35.105681007040275,0.0,26.338798726333607,4.367538064444325,0.0,24.0,0.0717756448485962,0.1024783941711515,0.9930863121351211,0.9480180846015747,1.7686303996707076,37.633580732302406,13.403164267061097,2.4086912736769084,-0.05371101548417153,0.9289408333333333,1.0041410071312662,6.302659263393316,6.089018020058131,0.8843151998353538,14.518376894321026,4.2962561458333335,6.44438421875,47.08551738361214
B0018,NASA_18650_LCO_2AH,18,2008-07-12 02:18:11.125,2.0,0.6518837144427413,0.23942349258828796,2.722722428088365,0.32818265565542465,0.8913072070310293,1.0357428500978483,0.3944571715121665,0.7253426272240971,1.0003246804418482,0.09269688345799243,35.05533549707359,0.0,26.07003491744081,4.076854907735268,0.0,24.0,0.0717756448485962,0.1024783941711515,0.9930863121351211,0.9480180846015747,1.7536304801917124,37.15252578645951,13.356864198911953,2.496331992137246,-0.002157651683972815,0.9277691666666666,1.004004337803694,6.246610655504521,5.72264526292364,0.8768152400958562,15.40269209415638,4.460211226851852,6.296768790849673,51.45305544805647
B0018,NASA_18650_LCO_2AH,19,2008-07-12 06:45:43.859,2.0,0.6442966933220813,0.23750846235164896,2.7127315194849193,0.3442751118954556,0.8818051556737303,0.9679732533563499,0.3912725345637956,0.7005416266094799,1.0005586338903567,0.09225617340254662,34.25023256471148,0.0,25.562018261524052,3.3130874863278272,0.0,24.0,0.07135181851012327,0.10299917616391803,0.9872222598323148,0.9528357903362388,1.7462197416415093,36.78829001793698,13.660965064582157,2.4199896352919668,-0.04706492041649014,0.9243447222222222,1.003925404507205,6.210002417218424,5.250569735418574,0.8731098708207546,16.279507334252237,4.646006759259259,6.194675679012345,55.529910355791735
B0018,NASA_18650_LCO_2AH,20,2008-07-12 11:15:36.812,2.0,0.6355120602478153,0.2416742245117489,2.62962283303865,0.3341557572472976,0.8771862847595642,0.9596848767154106,0.38176693654482485,0.5074605417883896,1.0001797101456358,0.10060251943463434,27.30484922551561,2.373859920983435,24.239098701090988,0.8660890837269144,0.0,24.0,0.07317037492079553,0.10083495518304005,1.012383768072244,0.9328147835128896,1.7376647337053737,36.541146197392216,13.760178935321278,2.3587321881999297,-0.08309871282357076,0.9202344444444445,1.0039602760569384,6.196267016405626,4.934848989540579,0.8688323668526868,17.152617205072993,4.833425196759259,6.1053791959064325,58.84299784211956
B0018,NASA_18650_LCO_2AH,21,2008-07-12 15:13:28.609,2.0,0.634301320866764,0.2417563545055386,2.62372139442718,0.33862368984020014,0.8760576753723026,0.9563955786488336,0.3862619253901326,0.7193885007879642,1.0003725562978651,0.09287058605389563,33.74508513415117,0.0,24.743544206187746,2.3343441982892,0.0,24.0,0.07317037492079553,0.10083495518304005,1.012383768072244,0.9328147835128896,1.7315166735475835,36.372087786130464,13.789703875248406,2.4458096660548825,-0.03187666702653971,0.9172308333333333,1.0042184050259466,6.1536816466745865,4.8065899452808765,0.8657583367737918,18.02144957192568,4.998608032407407,5.9983296388888885,59.70908692584647
B0018,NASA_18650_LCO_2AH,22,2008-07-12 18:52:45.109,2.0,0.6283340430783505,0.2395818632822177,2.622627744684015,0.3480683125007813,0.8679159063605681,0.918020145851455,0.3845621070889385,0.7011232259595424,1.0003588874722151,0.09269180647276608,33.43044436107721,0.0,24.96960156651026,2.2379389002345356,0.0,24.0,0.07317037492079553,0.10083495518304005,1.012383768072244,0.9328147835128896,1.7085949894470602,36.52608510498833,13.812007237165748,2.3808537751929744,-0.07008601459236802,0.9182075,1.0041377656706012,6.087566621204937,4.93972723246084,0.8542974947235301,18.88720790869947,5.150882337962963,5.886722671957672,62.04343112413567
B0018,NASA_18650_LCO_2AH,23,2008-07-12 22:50:29.984,2.0,0.6247174159113669,0.240958697823242,2.5926327634511,0.3396680166973408,0.8656761137346088,0.9334946660398677,0.3837881195329379,0.6910089498720507,1.0006777372956723,0.09277924072406865,33.17568639783767,0.0,24.775220976126924,2.2929133414638736,0.0,24.0,0.07317037492079553,0.10083495518304005,1.012383768072244,0.9328147835128896,1.711469957068211,36.476252762052624,13.814462528323176,2.436955746154759,-0.0370848552030829,0.9137672222222222,1.0041736318423367,6.0776563627404725,4.885812317144349,0.8557349785341055,19.741505403422998,5.31598505787037,5.799256426767677,64.2813700243702
B0018,NASA_18650_LCO_2AH,24,2008-07-13 03:19:05.703,2.0,0.6183480132547962,0.24345421939180537,2.539894414356831,0.3288248062368409,0.8618022326466015,0.9559749686681401,0.3844054251111135,0.6876623508590307,1.0003353241376303,0.09242490706359245,33.257530217998394,0.0,24.743273709867076,2.2771534715409913,0.0,24.0,0.07184093121335856,0.10409978908008362,0.9939896129045022,0.96301745796589,1.7075021373272627,36.377208902376694,13.869041476945839,2.4671365731790713,-0.019331427541722755,0.9121658333333333,1.0039960972704274,6.06169667079376,4.805382649740584,0.8537510686636314,20.597240381957103,5.5025095833333335,5.7417491304347825,66.57428336583408
B0018,NASA_18650_LCO_2AH,25,2008-07-14 13:08:20.500,2.0,0.607963931321494,0.24916319762148342,2.4400229885678044,0.3213291601682488,0.8571271289429774,0.9477838953981849,0.37853389658563574,0.4272818640409375,1.0004215755629065,0.10530863218681775,26.463639728406417,4.491715304779635,23.451833761379476,0.3481590556250073,0.0,24.0,0.07011407796219905,0.10216536341402987,0.9700969076503733,0.9451222662079707,1.7492382064360228,36.64000948247426,14.022095600908937,2.4129371999368505,-0.05121341180185263,0.9236763888888889,1.004416996409012,6.214932721547831,4.948921276436139,0.8746191032180114,21.450991450620734,6.911708622685185,6.911708622685185,68.85143683737508
B0018,NASA_18650_LCO_2AH,26,2008-07-14 17:03:45.625,2.0,0.6371606420952473,0.2443220627066145,2.6078718955333278,0.3265557635226825,0.8814827048018617,1.0087492468674684,0.3908394955280121,0.7157492281348928,1.0002139552629767,0.09126615414073973,33.774954623752556,0.0,25.23866382689419,2.6124861743725116,0.0,24.0,0.07011407796219905,0.10216536341402987,0.9700969076503733,0.9451222662079707,1.7327697147429955,37.38165499248184,13.951111615628239,2.3497771039810256,-0.08836640942292613,0.9215408333333334,1.0046683733028445,6.181225386921826,5.577723423987493,0.8663848573714977,22.325610553838747,7.075193865740741,6.7921861111111115,69.19959589300008
B0018,NASA_18650_LCO_2AH,27,2008-07-14 20:57:32.609,2.0,0.63159750805721,0.24027320136819338,2.6286639672937198,0.3518930306044412,0.8718707094254035,0.9317563182720072,0.3925709808390457,0.7150636456182456,0.999861080861629,0.09054838009768988,34.42643355981792,0.0,25.942576564414136,3.648159044030146,0.0,24.0,0.07011407796219905,0.10216536341402987,0.9700969076503733,0.9451222662079707,1.7222313328292376,37.59824760372582,13.631301092872455,2.4904700018477026,-0.005605881266057282,0.9199350000000001,1.0044111963994384,6.128437252034765,5.949996048480606,0.8611156664146188,23.191995411210243,7.237543217592593,6.680809123931624,71.81208206737259
B0018,NASA_18650_LCO_2AH,28,2008-07-15 00:49:58.484,2.0,0.6270226600007405,0.2401028308072695,2.611475494007456,0.3322999547219561,0.8671254908080099,0.9802167214767304,0.39266683202017794,0.6857556313521302,1.0008706376178094,0.09050282210043538,34.35860472854562,0.0,26.097017175204584,3.967589094835951,0.0,24.0,0.07011407796219905,0.10216536341402987,0.9700969076503733,0.9451222662079707,1.711846298984729,37.560555155163414,13.596202139534398,2.4650908929255406,-0.020534768867329044,0.918116111111111,1.0043327703248806,6.087918056304215,5.907158815049967,0.8559231494923645,24.053111077624862,7.398953807870371,6.5768478292181065,75.46024111140274
B0018,NASA_18650_LCO_2AH,29,2008-07-15 05:14:47.250,2.0,0.6191004046341783,0.24172464836046836,2.561180283238487,0.33470700378923074,0.8608250529946466,0.9288502696650389,0.37963769554812477,0.680104627175534,1.0003738931605217,0.09071693538393004,34.2024080930246,0.0,25.923942041376847,3.747811924190557,0.0,24.0,0.07396595504090957,0.10000724671662159,1.023391397877015,0.9251577295427423,1.699267835126687,37.52114200586718,13.887223208874381,2.363133281953362,-0.08050983414508121,0.9154036111111111,1.004239566073718,6.054854243097325,5.7085892774605105,0.8496339175633435,24.90903422711723,7.5828515625,6.499587053571429,79.4278302062387
B0018,NASA_18650_LCO_2AH,30,2008-07-15 09:43:28.937,2.0,0.6113758367783859,0.2463809781716841,2.48142466222231,0.3156332160266025,0.8577568149500701,0.9500651938134379,0.37079858981837177,0.4973221536608052,0.9999224944975735,0.09813430227114094,27.962964696959556,2.4869446323974174,24.89634801754428,1.4678098132511044,0.0,24.0,0.07170676519437362,0.1005214829315543,0.9921332946883626,0.9299148808960225,1.6940366439243106,37.21887096740918,13.733992397927686,2.4790616361836206,-0.012316684597870215,0.9130555555555555,1.0043292650836162,6.016362271846078,5.545089876622117,0.8470183219621553,25.758668144680573,7.769445162037037,6.429885651340997,83.17564213042925
B0018,NASA_18650_LCO_2AH,31,2008-07-15 13:36:47.890,2.0,0.6078152414448472,0.2438704922053524,2.4923689401784976,0.32420589175312636,0.8516857336501996,0.9405801049440674,0.3791938832671732,0.6731640890734496,1.0004595516918062,0.09090433171635277,33.690112246938114,0.0,25.529668879010824,3.157484988946927,0.0,24.0,0.07170676519437362,0.1005214829315543,0.9921332946883626,0.9299148808960225,1.6819027078768087,37.33441415744885,13.864091300423084,2.491905723274248,-0.004761339250442302,0.9102561111111112,1.0043855102712334,5.9713979650544315,5.584029377091867,0.8409513539384044,26.60568646664273,7.931470081018519,6.345176064814814,84.64345194368036
B0018,NASA_18650_LCO_2AH,32,2008-07-15 17:29:47.765,2.0,0.5992655704336111,0.24378897207361888,2.4581323925660588,0.33847184104176636,0.84305454250723,0.8906399042578848,0.38029721045658804,0.6683194377752649,0.9999785927287423,0.09078736440042648,33.65112802729902,0.0,25.707749149739985,3.3305256966970505,0.0,24.0,0.07170676519437362,0.1005214829315543,0.9921332946883626,0.9299148808960225,1.6769770618433686,37.7331798444306,13.959666351365811,2.4337177596826547,-0.03898955312785018,0.907968611111111,1.0044500467608057,5.951613449543378,5.845748584000674,0.8384885309216843,27.446637820581135,8.093274189814816,6.265760663082437,87.8009369326273
B0018,NASA_18650_LCO_2AH,33,2008-07-15 21:21:30.390,2.0,0.5961078927046614,0.24488521741958957,2.4342338740119427,0.3329557113467468,0.8409931101242509,0.8884624636217677,0.3752518613551291,0.6754852347147594,0.9997961823653934,0.09064335013489877,34.065730915484814,0.0,26.05899080017432,3.8807234317022976,0.0,24.0,0.07170676519437362,0.1005214829315543,0.9921332946883626,0.9299148808960225,1.6655229306478936,37.84649344841882,13.845030292897587,2.4424506461535755,-0.03385256108613203,0.9057205555555555,1.0042815629862427,5.909089453388385,5.990801551065388,0.8327614653239468,28.285126351502818,8.254184201388888,6.190638151041667,91.13146262932435
B0018,NASA_18650_LCO_2AH,34,2008-07-16 01:45:13.390,2.0,0.5932014749467082,0.24417041155238223,2.429456828780089,0.33199285805863665,0.8373718864990904,0.8852478915985441,0.37452442896667115,0.6691344274173286,1.0002246491828855,0.09061028740828504,34.043826750742646,0.0,26.018613481994876,3.917792209817765,0.0,24.0,0.07387103502770463,0.10130685547964274,1.0220780865712045,0.9371802892268164,1.6571924575832084,37.670164941661795,13.97297504121958,2.4383419399858552,-0.03626944706714397,0.9052255555555555,1.0042144949283422,5.872923392326364,5.7831529499551815,0.8285962287916042,29.117887816826766,8.437320775462963,6.136233291245791,95.01218606102664
B0018,NASA_18650_LCO_2AH,35,2008-07-16 06:12:34.390,2.0,0.5818076284656425,0.2519371895574687,2.3093360227322055,0.30723457563416573,0.8337448180231112,0.9030661879819308,0.36054416539000317,0.4811325625220832,1.0001105983447132,0.097457336930511,28.007672950138677,2.567044651123826,24.92442022306288,1.5337024856813144,0.0,24.0,0.07300509137637515,0.09894578350568034,1.0100969084288192,0.9153382321916135,1.6482241555294048,37.53185198546868,14.040052223510795,2.4157245398944123,-0.04957380006211042,0.9009505555555556,1.0042933673238583,5.860800223552989,5.571665355817902,0.8241120777647024,29.94648404561837,8.622980497685186,6.086809763071895,98.9299782708444
B0018,NASA_18650_LCO_2AH,36,2008-07-16 10:05:40.718,2.0,0.5824515048725754,0.24692006419177795,2.3588666461740564,0.32748679878560666,0.8293715690643533,0.8683930339862843,0.36904905599121335,0.6711527830139727,1.0005940837518856,0.09062112000617516,33.6468535523426,0.0,25.472278015626834,3.216336569502743,0.0,24.0,0.07300509137637515,0.09894578350568034,1.0100969084288192,0.9153382321916135,1.6387701497987262,37.593333753421376,14.270328950426066,2.323395712524894,-0.10388487498535655,0.8990319444444445,1.004293770611301,5.8193810179162435,5.467666351243267,0.8193850748993631,30.770596123383072,8.784859293981482,6.023903515873016,100.46368075652572
B0018,NASA_18650_LCO_2AH,37,2008-07-16 13:57:42.468,2.0,0.576230708790234,0.25080508104207144,2.2975240583136824,0.3088881205784759,0.8270357898323054,0.9119401075369166,0.3694850062578542,0.6767929570966473,1.000408685824967,0.09075597064719974,33.54043034547115,0.0,25.361434715128922,3.0486852097001367,0.0,24.0,0.07300509137637515,0.09894578350568034,1.0100969084288192,0.9153382321916135,1.6276486907262062,37.361410110678264,14.10897142586716,2.4985039496028567,-0.0008800296453784054,0.897426111111111,1.004397729877934,5.75999507093877,5.441661177349823,0.8138243453631031,31.589981198282434,8.945990659722222,5.9639937731481485,103.68001732602846
B0018,NASA_18650_LCO_2AH,38,2008-07-16 17:51:36.078,2.0,0.5674561597723163,0.25082548719841075,2.262354455997782,0.31167499308658686,0.818281646970727,0.8652879860931714,0.35922308516005436,0.6532181899402214,1.000076650983728,0.09049976545765483,33.06778657550314,0.0,25.44207618553034,3.0575564653376937,0.0,24.0,0.07300509137637515,0.09894578350568034,1.0100969084288192,0.9153382321916135,1.62215370227252,37.899803246715464,14.40631736710203,2.350237238739749,-0.08809574191779457,0.8950258333333333,1.0045014069551244,5.7572150672186995,5.700218648596322,0.81107685113626,32.40380554364554,9.108416701388888,5.908162184684684,106.7287025357286
B0018,NASA_18650_LCO_2AH,39,2008-07-16 22:13:57.593,2.0,0.5662274726609222,0.25376128906858697,2.231339041599099,0.2969999862351529,0.8199887617295092,0.9188008190218951,0.3642371345487285,0.6716830027815036,0.9999738284100282,0.09017616881692089,33.705774688469276,0.0,25.831018575864743,3.6028008584281683,0.0,24.0,0.07208087114049798,0.10248572353590878,0.9973094166886337,0.9480858878726421,1.6140066510467586,38.03149707759718,14.377066868913598,2.3337740352348813,-0.09777997927359926,0.89454,1.004332967513633,5.723961183251862,5.8016234417338035,0.8070033255233793,33.214882394781796,9.290610162037037,5.867753786549708,109.7862590010663
B0018,NASA_18650_LCO_2AH,40,2008-07-18 17:28:12.125,2.0,0.5561914061321501,0.2592915963734397,2.145042156547894,0.2995878987175378,0.8154830025055898,0.8825753811683138,0.3591906309792506,0.42444362264297597,0.9999240566803503,0.10365688723831855,26.955933357562675,4.530097243491145,23.918488508769663,0.6088403783745303,0.0,24.0,0.07377149620671776,0.0986015261930308,1.020700869538092,0.9121535398397501,1.6760516154424623,37.42220155418978,14.405662526533703,2.317647291087635,-0.10726629936021476,0.9029861111111112,1.0044354173663288,5.956670695418084,5.294290596713505,0.8380258077212311,34.02188572030518,11.092167245370371,6.825949074074074,113.38905985949447
B0018,NASA_18650_LCO_2AH,41,2008-07-18 21:19:44.421,2.0,0.5951165874400572,0.25265264252474884,2.355473429113354,0.3131409301208398,0.8477692299648061,0.9416735200135912,0.3746032215033644,0.7298919003345347,1.000336283865637,0.08952810787991598,34.02194588179759,0.0,25.50617247150571,3.180755561921625,0.0,24.0,0.07377149620671776,0.0986015261930308,1.020700869538092,0.9121535398397501,1.649300642552199,37.32511174435206,13.942408563464891,2.492394514304757,-0.004473815114848821,0.8998177777777778,1.0041537598832087,5.842350667310453,5.456223469339204,0.8246503212760995,34.85991152802641,11.252957708333334,6.751774625,113.99790023786899
B0018,NASA_18650_LCO_2AH,42,2008-07-19 01:10:07.046,2.0,0.5794692308307388,0.2536653843704388,2.284384332244253,0.3082936413557797,0.8331346152011776,0.9322547693512857,0.3749164169636194,0.6851105880404779,1.0003967761319497,0.08987289254672431,33.35597362804456,0.0,25.35253952946816,3.016272907725437,0.0,24.0,0.07377149620671776,0.0986015261930308,1.020700869538092,0.9121535398397501,1.63238299185809,37.31088262198154,14.156860009419333,2.372828310153791,-0.07480687638012304,0.8950694444444445,1.004148451964542,5.795257560330348,5.284661867903293,0.816191495929045,35.68456184930251,11.412941793981481,6.68074641598916,117.17865579979062
B0018,NASA_18650_LCO_2AH,43,2008-07-19 05:01:04.953,2.0,0.5690551180781409,0.2551418714299108,2.2303478208957572,0.30897986702832836,0.8241969895080516,0.8970344018750597,0.3682180077549739,0.6952063342127612,1.0003299158593393,0.08984329328874205,33.32080982918044,0.0,25.10028019162854,2.7771951366663528,0.0,24.0,0.07377149620671776,0.0986015261930308,1.020700869538092,0.9121535398397501,1.6164159719025777,37.232346556887364,14.347060792828199,2.3560703177076867,-0.0846645189954784,0.8905991666666667,1.0041621557012514,5.7314901867389665,5.113897891561315,0.8082079859512888,36.50075334523156,11.57333423611111,6.613333849206349,120.19492870751606
B0018,NASA_18650_LCO_2AH,44,2008-07-19 09:25:29.875,2.0,0.5599477036165824,0.2560751481613947,2.186653826205506,0.3079087904134622,0.8160228517779771,0.875552925231715,0.36393572391260876,0.692208951063753,1.0004020134273857,0.09018562346468852,33.04861913599422,0.0,24.870900772580274,2.543120333787079,0.0,24.0,0.0708589531453691,0.10327634422187976,0.9804029850142992,0.9553998462384299,1.6109028378249377,36.94850857727268,14.382161069700242,2.4644431530094417,-0.02091579234738722,0.8883247222222223,1.0041275348367682,5.686659738844746,4.928545375003731,0.8054514189124689,37.30896133118285,11.756956018518519,6.562021963824289,122.9721238441824
B0018,NASA_18650_LCO_2AH,45,2008-07-19 13:53:00.750,2.0,0.5468735221912518,0.2619038334503434,2.0880699375135467,0.2967733426363106,0.8087773556415953,0.8364150533985953,0.34295106047093227,0.48112951929387815,0.9999508424422794,0.09807268051039149,27.096149354299882,2.7103625120757258,23.95456335101015,0.7271513541635818,0.0,24.0,0.07270799342404953,0.10019151691269161,1.0059862674106812,0.9268623959725821,1.5954638693695657,37.002663545357386,14.450028672941336,2.4195167274486726,-0.0473431015007808,0.8837847222222223,1.0042253456282324,5.650451204776333,4.892472498265798,0.7977319346847829,38.11441275009532,11.942730034722222,6.514216382575757,125.51524417796948
B0018,NASA_18650_LCO_2AH,46,2008-07-29 18:34:27.281,2.0,0.02987432406018449,0.051773640049575485,0.5770180296975358,0.11439636414487407,0.08164796410975997,0.08941660294977892,0.0982918670885385,-0.3026231523553043,0.9998530503725442,0.09922222871900105,23.191779614571548,0.19035884875411213,23.04165740184246,0.0,0.0,24.0,0.07270799342404953,0.10019151691269161,1.0059862674106812,0.9268623959725821,1.726707440085764,36.71025442949399,13.58524545202365,2.3422406504312434,-0.09279961739338621,0.9173222222222223,1.0042988777483381,6.152552180041891,5.200960391990273,0.863353720042882,38.9121446847801,22.13817599537037,11.807027197530864,126.24239553213306
B0018,NASA_18650_LCO_2AH,47,2008-07-29 22:21:53.500,2.0,0.6481549867725847,0.22482082613912507,2.882984625854888,0.3665203031408558,0.8729758129117098,0.9372577106415906,0.400992693665628,0.8467702208511797,1.0005710004043082,0.08898807172062581,33.757969974021854,0.0,25.5157207896412,3.024014416131918,0.0,24.0,0.07270799342404953,0.10019151691269161,1.0059862674106812,0.9268623959725821,1.7165673917429753,36.72807623650589,13.319111847817684,2.3755467142668496,-0.07320781513714729,0.9127255555555556,1.0040227031603328,6.100411899699758,5.278649190659052,0.8582836958714877,39.77549840482298,22.29611834490741,11.632757397342996,126.24239553213306
B0018,NASA_18650_LCO_2AH,48,2008-07-30 02:09:48.828,2.0,0.6347364078999901,0.23040797173954464,2.754837003817227,0.342726594522491,0.8651443796395347,0.9672759472020095,0.39510328448831805,0.7994409736408403,1.0005535601047517,0.08889806616132008,33.625519091278925,0.0,25.40320261606661,2.9335345612050214,0.0,24.0,0.07270799342404953,0.10019151691269161,1.0059862674106812,0.9268623959725821,1.6958235570934848,36.72959308355185,13.449346923701938,2.4146291375325917,-0.050218154392593126,0.90556,1.0040381885867355,6.022896250412082,5.176005629319851,0.8479117785467424,40.63378210069447,22.454397604166665,11.466075372340423,129.26640994826496
B0018,NASA_18650_LCO_2AH,49,2008-07-30 05:57:02.328,2.0,0.6210613467462116,0.23237175950053135,2.6727057829436394,0.3472314554096647,0.853433106246743,0.9390491123860432,0.39713234839266437,0.759283770773187,1.0004943501092862,0.08894292025327968,33.505246143795205,0.0,25.318880573273052,2.833683987942776,0.0,24.0,0.07270799342404953,0.10019151691269161,1.0059862674106812,0.9268623959725821,1.6777783190792557,36.787462351640364,13.582848464382916,2.3844645496129964,-0.06796202963941389,0.9000086111111111,1.004022317176929,5.952568571681944,5.120754023682396,0.8388891595396278,41.48169387924121,22.612192743055555,11.306096371527778,132.19994450947
B0018,NASA_18650_LCO_2AH,50,2008-07-30 09:52:21.281,2.0,0.6108501859397101,0.23395123688010963,2.611014982353943,0.33537962793290893,0.8448014228198197,0.9514886407332118,0.39500848189068055,0.7384135740044038,1.0005808457420267,0.08932222829823239,33.452138115876444,0.0,25.191562555105925,2.6817138954632904,0.0,24.0,0.07270799342404953,0.10019151691269161,1.0059862674106812,0.9268623959725821,1.6606586897774192,36.75689163314213,13.632929336245205,2.398646371281655,-0.05961978159902644,0.8978513888888888,1.0043141752715345,5.887078636887973,5.054366945621867,0.8303293448887096,42.32058303878084,22.775606550925925,11.155399126984126,135.03362849741276
B0018,NASA_18650_LCO_2AH,51,2008-07-30 19:28:07.671,2.0,0.5918270146748977,0.24363774017304507,2.4291270024093383,0.32790410241485857,0.8354647548479428,0.912178480224308,0.38217544705353607,0.4984893319489407,1.0000751505506034,0.09981055887431844,28.185142005058786,4.790378233396314,24.747111933662097,1.2501164338337611,0.0,24.0,0.07454115969605381,0.10118617315410737,1.0313499173846434,0.9360638682677972,1.6664109274827466,37.350157630970955,13.576676043094697,2.4557130111721626,-0.0260511698987279,0.8977863888888888,1.0042252310736153,5.915142358407201,5.628066194110781,0.8332054637413733,43.15091238366955,23.17544902777778,11.124215533333334,137.71534239287607
B0018,NASA_18650_LCO_2AH,52,2008-07-30 23:16:54.218,2.0,0.6035790703794401,0.23776338117396575,2.5385703472501118,0.3191857240436576,0.8413424515534059,0.9559421518367838,0.38228523970559736,0.7216591238570192,1.0003999514156368,0.08853015402026253,33.918176877050485,0.0,25.88385482750118,3.6477429000818677,0.0,24.0,0.07454115969605381,0.10118617315410737,1.0313499173846434,0.9360638682677972,1.6468336174407805,37.48126030855565,13.747220400290761,2.323665882820083,-0.10372595128230416,0.8915319444444443,1.0040887021895597,5.85893235617401,5.5624407927659085,0.8234168087203902,43.98411784741092,23.33432109953704,10.980856988017429,138.96545882670983
B0018,NASA_18650_LCO_2AH,53,2008-07-31 02:46:18.031,2.0,0.5942385718047025,0.23744790447392636,2.502606084774488,0.3324207656026481,0.8316864762786289,0.8888371310121815,0.3760200928217173,0.7292573479193113,1.0004423586675075,0.08932462555467673,34.02461783742734,0.0,25.930672938405944,3.4404236581796988,0.0,24.0,0.07454115969605381,0.10118617315410737,1.0313499173846434,0.9360638682677972,1.6257639928779952,37.125443897626305,13.565769052168076,2.488054079510012,-0.007027012052934179,0.8878125,1.0040239116477552,5.760795089422325,5.368183010105321,0.8128819964389976,44.80753465613131,23.47973560185185,10.836801047008548,142.61320172679171
B0018,NASA_18650_LCO_2AH,54,2008-07-31 06:15:17.843,2.0,0.5822403055036034,0.24095171958988987,2.416418962630322,0.32176679154211757,0.8231920250934932,0.8682689133516382,0.36294180796816194,0.6961388509888667,1.0003342651876537,0.08958400343818984,33.243843128574326,0.0,25.664791638383633,3.061985858339357,0.0,24.0,0.07454115969605381,0.10118617315410737,1.0313499173846434,0.9360638682677972,1.6121577411874595,37.19112571388883,13.881495006863577,2.3306937114568003,-0.0995919344371763,0.8812672222222222,1.0040648052798378,5.724324833444597,5.212349544253745,0.8060788705937297,45.620416652570306,23.624872314814816,10.69805538784067,146.0536253849714
B0018,NASA_18650_LCO_2AH,55,2008-07-31 10:10:14.359,2.0,0.576430314013731,0.24322664623256451,2.3699307693352143,0.30548532101500736,0.8196569602462955,0.9136177643363533,0.36607435380231745,0.7158232011133767,1.0003477536930194,0.08945660045806188,33.44305057974552,0.0,25.283565840567434,2.965824664542497,0.0,24.0,0.07454115969605381,0.10118617315410737,1.0313499173846434,0.9360638682677972,1.6057366823755344,37.17642722353301,14.032450335993957,2.389399831578687,-0.06505892260077244,0.8813152777777779,1.0042031887941385,5.699383571443654,5.170911261187705,0.8028683411877672,46.426495523164036,23.788026435185184,10.572456193415636,149.11561124331078
B0018,NASA_18650_LCO_2AH,56,2008-08-01 17:46:33.109,2.0,0.005250067589038313,0.004046141305585009,1.297549082879767,0.08251773642774161,0.009296208894623322,0.011802906984412666,0.08667384380496987,-4.924502899627889,1.0219715213482876,0.09801969364448042,23.11320544763696,0.21373978859858767,23.048627666451832,0.0,0.0,24.0,0.07162819712946619,0.10026484720823409,0.99104622859519,0.9275407677102124,1.673645314879889,37.11936678632194,14.024592463422781,2.4864200723178747,-0.007988192754191381,0.8994747222222222,1.0043243328827194,5.926758001040819,5.277454604094961,0.8368226574399446,47.229363864351804,25.104910115740743,10.954869868686869,152.0814359078533
B0018,NASA_18650_LCO_2AH,57,2008-08-01 21:32:12.937,2.0,0.6020459483758048,0.23352982625797564,2.578025928138721,0.35062310220926834,0.8355757746337804,0.8791237351426354,0.38710746230575493,0.7524648485861001,1.0005296183149797,0.08788636227189518,33.74743127597816,0.0,25.6746395923991,3.317767233079599,0.0,24.0,0.07162819712946619,0.10026484720823409,0.99104622859519,0.9275407677102124,1.6404348572349936,37.2702464066457,13.703024376108388,2.4673631110639858,-0.019198169962361317,0.8864063888888889,1.0042290845811324,5.813591862299252,5.4246976151601425,0.8202174286174968,48.06618652179175,25.26162108796296,10.826409037698411,152.0814359078533
B0018,NASA_18650_LCO_2AH,58,2008-08-02 01:17:09.625,2.0,0.5852667286566265,0.23927517476532212,2.4459985370720094,0.31754768256372407,0.8245419034219487,0.9123698083275741,0.3742715687223926,0.7325218184895337,1.0004046327775393,0.08851421757652396,33.764652265151554,0.0,25.705201487299274,3.4481768193800377,0.0,24.0,0.07162819712946619,0.10026484720823409,0.99104622859519,0.9275407677102124,1.6132653317422077,37.39550861947664,13.854200654744794,2.375173080957567,-0.07342759943672525,0.8793966666666666,1.0042180114858377,5.730252694962577,5.382694302974291,0.8066326658711038,48.886403950409246,25.41783275462963,10.70224537037037,155.39920314093288
B0018,NASA_18650_LCO_2AH,59,2008-08-02 05:03:55.921,2.0,0.5741417249602967,0.24038134543297465,2.388462061113445,0.3289304335741516,0.8145230703932713,0.8406717672092949,0.36413450442904444,0.7305754350604143,1.0004592061774504,0.08888978417475872,33.75519710318919,0.0,25.584315806002166,3.3752315618589668,0.0,24.0,0.07162819712946619,0.10026484720823409,0.99104622859519,0.9275407677102124,1.5920964324686278,37.378956702246384,13.990647158979527,2.371626022111289,-0.07551410464041834,0.8723352777777779,1.0042024025132263,5.647392463676333,5.2761497484618545,0.7960482162343139,49.69303661628035,25.575313032407408,10.582888151340997,158.84737996031294
B0018,NASA_18650_LCO_2AH,60,2008-08-02 09:26:51.375,2.0,0.5643681462469529,0.24427500582644307,2.3103802338776536,0.29909105953867754,0.8086431520733959,0.906673313138583,0.36326277554307873,0.7237027482389712,1.0005129843183216,0.08935609740574543,33.5686793913933,0.0,25.501256299429965,3.2693326604346264,0.0,24.0,0.07331640323065201,0.10116264325206752,1.0144042126953277,0.9358461953344622,1.5866011820698824,37.245718322158105,14.077969621821396,2.463955873060647,-0.02120242761138424,0.8699783333333333,1.0041127662344482,5.602037845316631,5.1721071957740445,0.7933005910349412,50.48908483251466,25.757899305555554,10.477789548022598,162.2226115221719
B0018,NASA_18650_LCO_2AH,61,2008-08-02 13:55:03.296,2.0,0.5472309064372523,0.25490446857594284,2.1468078155750874,0.2700488685472268,0.8021353750131951,0.930522957727838,0.34706559208151094,0.4940860324196107,0.9998612476048605,0.09684231958759032,28.044440770982522,3.3890089249850917,24.494524405493824,1.2141589033274789,0.0,24.0,0.07283462629398457,0.09985970605793766,1.0077383571350458,0.9237928446440505,1.5800766490336253,37.21755583353321,14.09724532384664,2.475545296633258,-0.014385119627495386,0.8669747222222222,1.0042283400431407,5.5781536929455555,5.116501395367132,0.7900383245168127,51.282385423549606,25.944148391203704,10.37765935648148,165.49194418260652
B0018,NASA_18650_LCO_2AH,62,2008-08-02 17:41:59.359,2.0,0.549607883734543,0.2457281445362754,2.236650114513368,0.29549823225584204,0.7953360282708184,0.8641525936372159,0.35116135580674424,0.7101112162589455,1.000332715295933,0.08961021886173513,33.212369507074,0.0,25.3635549759085,3.0895569235521503,0.0,24.0,0.07283462629398457,0.09985970605793766,1.0077383571350458,0.9237928446440505,1.5641732953289167,37.56150979821064,14.275118543021378,2.3791563087604626,-0.07108452425855141,0.8625736111111111,1.0041582250033643,5.538670647313514,5.246470472034516,0.7820866476644583,52.07242374806642,26.101741712962966,10.269537723132968,166.706103085934
B0018,NASA_18650_LCO_2AH,63,2008-08-02 21:29:24.406,2.0,0.5438744377297982,0.24763021354808726,2.196316955184569,0.2869170962216599,0.7915046512778854,0.8760349060163961,0.34932171104317333,0.7239493195442148,1.0003972446878542,0.08925847408469936,33.50356450770822,0.0,25.4527637681023,3.27190416066258,0.0,24.0,0.07283462629398457,0.09985970605793766,1.0077383571350458,0.9237928446440505,1.555618272193922,37.4174791317661,14.133250531365935,2.4776158338943337,-0.013167156532744877,0.8586805555555556,1.0041108001232781,5.484708937730622,5.208142963715188,0.777809136096961,52.85451039573088,26.259670497685185,10.165033741039426,169.79566000948614
B0018,NASA_18650_LCO_2AH,64,2008-08-03 01:16:07.078,2.0,0.536783378271213,0.24563512010777755,2.1852875799805997,0.29647550582639026,0.7824184983789906,0.8248702660095523,0.3443136364582744,0.7085991394606164,1.000394476915909,0.08954763328007143,33.228885984233415,0.0,25.391621024053098,3.1719074333215245,0.0,24.0,0.07283462629398457,0.09985970605793766,1.0077383571350458,0.9237928446440505,1.5402045278637397,37.55101533655474,14.3271566259017,2.4205549690097223,-0.04673237117075156,0.8546397222222222,1.0040219179457308,5.447059489229879,5.1935164196213615,0.7701022639318699,53.63231953182784,26.41710883101852,10.063660507054674,173.06756417014873
B0018,NASA_18650_LCO_2AH,65,2008-08-03 05:39:11.953,2.0,0.531284086728216,0.24668847820988862,2.153663963176077,0.3062905464786534,0.7779725649381046,0.8016847567186914,0.3493192874709756,0.7164918691479252,1.0003861084114511,0.08964200143347212,33.315055401144605,0.0,25.343311446661343,3.169327043831209,0.0,24.0,0.07445695924449906,0.10408612450925503,1.0301849217083106,0.9628910482932113,1.5321613015959863,37.59895044072871,14.571742963671621,2.415388497112405,-0.049771472286820516,0.8506466666666667,1.004059383832538,5.412077390729048,5.114879965151265,0.7660806507979931,54.40242179575971,26.599804143518522,9.974926553819444,176.23947160347026
B0018,NASA_18650_LCO_2AH,66,2008-08-03 10:08:42.828,2.0,0.5171607328360456,0.2580696207448562,2.0039581967897107,0.2683841039161821,0.7752303535809018,0.8424712587841335,0.33031399541453216,0.4951373295947737,0.9999468972472878,0.09757695716944965,28.065079096779943,3.368598436974416,24.46304825674001,1.2608391477597691,0.0,24.0,0.07346171342695589,0.10062441664014715,1.0164147215144046,0.9308671110519533,1.5316232403693415,37.489239782169804,14.457620276256314,2.3974205597873093,-0.06034084718393571,0.8473786111111111,1.0040750357689636,5.4086097323106195,5.025792197441878,0.7658116201846707,55.1685024465577,26.786967048611114,9.890572448717947,179.40879864730147
B0018,NASA_18650_LCO_2AH,67,2008-08-03 13:54:25.093,2.0,0.5228657611251298,0.25141597596170645,2.0796839106394986,0.27751532920392,0.7742817370868362,0.8519703324507095,0.3417177952265195,0.7278045750632615,1.0003970390163817,0.08988139301143715,33.345546963646505,0.0,25.113825678212983,2.942975011865148,0.0,24.0,0.07346171342695589,0.10062441664014715,1.0164147215144046,0.9308671110519533,1.5222595950771978,37.37911114363861,14.476090099190337,2.497752653580319,-0.0013219684821653241,0.8429644444444444,1.0041859359315473,5.351966827777789,4.932886885976544,0.7611297975385989,55.934314066742374,26.94370622685185,9.797711355218855,180.66963779506125
B0018,NASA_18650_LCO_2AH,68,2008-08-03 17:42:28.750,2.0,0.5144067748594641,0.252680508355874,2.035799188424445,0.27206073278316156,0.7670872832153381,0.869537865212287,0.34750683030269625,0.7161059652671471,1.000526461804031,0.08998626682703162,33.029814104311995,0.0,25.01841375065976,2.849223741653115,0.0,24.0,0.07346171342695589,0.10062441664014715,1.0164147215144046,0.9308671110519533,1.5065267126851283,37.559604168615785,14.726120076485252,2.3726090777895896,-0.07493583659435904,0.8420138888888888,1.0042076582419084,5.30939487165584,4.968038565734575,0.7532633563425641,56.695443864280975,27.102081886574073,9.708208436981758,183.6126128069264
B0018,NASA_18650_LCO_2AH,69,2008-08-03 21:26:49.765,2.0,0.5109015903807741,0.2504406547384091,2.040010596100769,0.28892222694802533,0.7613422451191831,0.7853430541443651,0.3356111520619157,0.7236867154888091,1.0004123520390027,0.09038616907442974,33.03376732958465,0.0,25.083400556730766,2.8760467998810637,0.0,24.0,0.07346171342695589,0.10062441664014715,1.0164147215144046,0.9308671110519533,1.5014219556532926,37.61805450748922,14.750242289347721,2.36844257542991,-0.07738672033534712,0.8364841666666666,1.004221621567143,5.289576934995133,4.937764836757241,0.7507109778266463,57.44870722062354,27.2578806712963,9.620428472222223,186.4618365485795
B0018,NASA_18650_LCO_2AH,70,2008-08-04 01:48:42.890,2.0,0.5071469562103651,0.25486551972114807,1.9898609893182537,0.2627511758334658,0.7620124759315132,0.8628296942205335,0.3377357279298927,0.7325216429494412,1.0006819861930223,0.08990485508125368,33.20818485101739,0.0,25.063963924614146,2.9043412330589833,0.0,24.0,0.07379364650255818,0.10593667014986947,1.0210073405653501,0.9800102737443157,1.4963534117486457,37.71101994346608,14.966822382534765,2.331968556073514,-0.09884202583910931,0.8341666666666666,1.0041345998985272,5.265047081042197,4.921826288741816,0.7481767058743228,58.19941819845019,27.439745543981484,9.544259319645732,189.33788334846057
B0018,NASA_18650_LCO_2AH,71,2008-08-04 17:08:25.328,2.0,0.48730788294021044,0.2685848433538641,1.81435361708404,0.24748501316287486,0.7558927262940746,0.8331081120552162,0.319388627500254,0.47826390626950394,1.000352935019501,0.1032835930538059,27.392765467825583,4.985029869717948,24.012888073721715,0.7853151172280292,0.0,24.0,0.07434968772003048,0.1025898544525928,1.0287007151525027,0.9490491932891744,1.5334262000312422,37.767989299214086,14.758108660774422,2.4057755306304176,-0.05542615845269552,0.8458852777777778,1.0042680912217545,5.413023443712114,5.100522965423449,0.7667131000156211,58.94759490432451,28.078431168981485,9.626890686507936,192.24222458151954
B0018,NASA_18650_LCO_2AH,72,2008-08-04 20:55:13.796,2.0,0.5238436042140098,0.2550518029936314,2.053871398039693,0.27461984545652113,0.7788954072076412,0.8725176012730941,0.34567454584586915,0.7539872842491128,1.0004494895022593,0.0897414816902942,33.77922775093614,0.0,25.547225374528853,3.4475461636533944,0.0,24.0,0.07434968772003048,0.1025898544525928,1.0287007151525027,0.9490491932891744,1.523845267514426,37.91919394450186,14.54652311694674,2.4720838848798987,-0.01642124418829487,0.8412413888888889,1.004262119412063,5.356779619181636,5.3172793097167155,0.761922633757213,59.71430800434013,28.235936585648147,9.544541944444445,193.02753969874757
B0018,NASA_18650_LCO_2AH,73,2008-08-05 00:41:24.609,2.0,0.5136033876949844,0.25257585520783865,2.0334619326761123,0.27841910559542116,0.766179242902823,0.8274094883929987,0.33891716445547604,0.7426389577033045,1.0005888611727158,0.08944648879215629,33.74157842610773,0.0,25.573544371551275,3.4597872065575483,0.0,24.0,0.07434968772003048,0.1025898544525928,1.0287007151525027,0.9490491932891744,1.5011920994261239,37.99328509003338,14.551558938300936,2.342731326096539,-0.09251098464909482,0.8369269444444444,1.0043303500813308,5.288152224941583,5.315761506940428,0.7505960497130619,60.47623063809735,28.393006180555556,9.464335393518517,196.47508586240096
B0018,NASA_18650_LCO_2AH,74,2008-08-05 04:27:50.953,2.0,0.5072228963147729,0.25558941309729316,1.9845223210768568,0.2725153050141673,0.762812309412066,0.8418766169085876,0.3418132041508687,0.7501562367585416,1.0003811550438184,0.08925938101725144,33.60485853099364,0.0,25.48016572856392,3.372082143020458,0.0,24.0,0.07434968772003048,0.1025898544525928,1.0287007151525027,0.9490491932891744,1.492417671450291,37.984838024989045,14.68710424437906,2.4198650452188226,-0.04713820869481022,0.8330208333333333,1.0042101602381241,5.25689245176735,5.234112356227691,0.7462088357251455,61.22682668781041,28.55025553240741,9.386385380517503,199.9348730689585
B0018,NASA_18650_LCO_2AH,75,2008-08-05 08:23:48.250,2.0,0.4994138955988933,0.2531263329233365,1.9729827744301016,0.29307309108007173,0.7525402285222298,0.7734658433174475,0.3429884593738935,0.7422411578570494,1.000365046382057,0.08983978881682618,33.54245670906144,0.0,25.42239082688843,3.340741156249187,0.0,24.0,0.07434968772003048,0.1025898544525928,1.0287007151525027,0.9490491932891744,1.483323851940123,37.8288851383529,14.729454479562222,2.438879997223475,-0.035952942809720626,0.8287630555555555,1.0041369893823824,5.220940018478675,5.068513501227661,0.7416619259700615,61.97303552353556,28.714113136574074,9.31268534159159,203.30695521197896
B0018,NASA_18650_LCO_2AH,76,2008-08-05 12:50:42.531,2.0,0.4807693853693088,0.2671384834077998,1.7997009578569056,0.25986812257501923,0.7479078687771086,0.7741299744873164,0.31609068684355485,0.5170927021297215,1.0001310045242822,0.09878098439833476,27.907538462518954,3.289640008203648,24.406211878601937,1.1842198556183803,0.0,24.0,0.0745042884064416,0.10350560786502573,1.0308397669972538,0.9575207428586583,1.4807376792294196,37.844837975501,14.797914717972414,2.430465824271706,-0.04090245631076125,0.8241277777777778,1.0042798840860563,5.210181398479065,5.02608910201384,0.7403688396147098,62.71469744950562,28.89946361111111,9.247828355555555,206.64769636822814
B0018,NASA_18650_LCO_2AH,77,2008-08-05 16:36:12.671,2.0,0.4927063450872577,0.2549234354664987,1.932762059397347,0.2732153979707404,0.7476297805537564,0.773592461546617,0.32398830747078294,0.7497999119158713,1.0004675555318943,0.08990528187835667,33.496253713087526,0.0,25.261305257060375,3.138127161310232,0.0,24.0,0.0745042884064416,0.10350560786502573,1.0308397669972538,0.9575207428586583,1.4735077809902477,37.8984610468502,14.782900739629458,2.4907267597860656,-0.0054548471846672855,0.8207769444444445,1.0044046205767272,5.160483447220628,5.0895317006124285,0.7367538904951239,63.45506628912033,29.056062453703706,9.175598669590643,207.83191622384652
B0018,NASA_18650_LCO_2AH,78,2008-08-05 20:21:46.906,2.0,0.48636131572807384,0.2556464273472684,1.902476478250039,0.2686254200005784,0.7420077430753422,0.7953284642620261,0.3317690472998924,0.7419696771707875,1.0004811456447271,0.08985983793648006,33.40840537983315,0.0,25.442110123070492,3.2897301023977774,0.0,24.0,0.0745042884064416,0.10350560786502573,1.0308397669972538,0.9575207428586583,1.46801928526661,38.27784043980244,14.853740541450641,2.3678328028644775,-0.07774541007971911,0.8182597222222222,1.0042418244371347,5.160326512034494,5.261961646426486,0.734009642633305,64.19182017961546,29.212708692129628,9.105259852092352,210.97004338515674
B0018,NASA_18650_LCO_2AH,79,2008-08-06 00:06:53.156,2.0,0.4836908221940064,0.2588660554684469,1.8684984417306663,0.2541362489100927,0.7425568776624533,0.8211272021343018,0.32592273441648917,0.7658110860370478,1.000397799517927,0.0899532205425786,33.89025119073222,0.0,25.475101660981416,3.4506463455966934,0.0,24.0,0.0745042884064416,0.10350560786502573,1.0308397669972538,0.9575207428586583,1.4580923557119019,38.24434303919528,15.033328045937424,2.3532703553328904,-0.08631155568653504,0.8170486111111112,1.004194785783656,5.119488637773601,5.1753990396095375,0.7290461778559509,64.92582982224877,29.369031030092593,9.036624932336181,214.25977348755453
B0018,NASA_18650_LCO_2AH,80,2008-08-06 04:27:52.921,2.0,0.4779612188884497,0.2588424299049606,1.8465334997074339,0.264307947030213,0.7368036487934103,0.7667166540536033,0.3203435105703532,0.765839932339991,1.0004119724577734,0.08959445856572136,33.67181151242727,0.0,25.307439939152406,3.282714500452159,0.0,24.0,0.0757444243509172,0.10715470278330883,1.0479982618354866,0.9912781802476794,1.4478660988891399,38.06956259266949,15.130338938395269,2.362897904778893,-0.08064829130653356,0.8122091666666666,1.0040936788253632,5.076260872317194,5.004682078647251,0.7239330494445699,65.65487600010472,29.550278310185185,8.977299739803094,217.7104198331512
B0018,NASA_18650_LCO_2AH,81,2008-08-06 08:55:24.593,2.0,0.46241140646810996,0.27387359130851213,1.6884118085814581,0.22739562634499794,0.7362849977766222,0.8243892615810342,0.30595495848679516,0.5305240594237286,1.0003325069772482,0.099682474117393,27.841937781961864,3.3462373833169465,24.228766655243138,1.146927953549472,0.0,24.0,0.0743837864967973,0.1030937651877946,1.0291725051104907,0.9537108245906791,1.4527808777541982,37.81744565252647,15.101847724989106,2.420200016704328,-0.04694116664451291,0.8113975,1.0041629714109852,5.097728193774723,4.831996433407979,0.7263904388770991,66.37880904954929,29.736061550925925,8.920818465277778,220.99313433360336
B0018,NASA_18650_LCO_2AH,82,2008-08-06 12:40:42.031,2.0,0.4712432012218189,0.2625432692741297,1.7949163260868854,0.24613795454624943,0.7337864704959486,0.8084320082974603,0.31893321749443737,0.7695253696911126,1.000483543275847,0.08973489943985988,33.364263464126466,0.0,24.963204935100002,2.878985593512774,0.0,24.0,0.0743837864967973,0.1030937651877946,1.0291725051104907,0.9537108245906791,1.4425356364492432,37.902567770354786,15.08570110747149,2.472605886588914,-0.01611418435946235,0.8063194444444445,1.004368929324731,5.035565676383245,4.89200807320564,0.7212678182246216,67.1051994884264,29.89251337962963,8.857041001371742,222.14006228715283
B0018,NASA_18650_LCO_2AH,83,2008-08-06 16:25:32.093,2.0,0.46516807980947644,0.2623768319970122,1.7729007373956063,0.24631007686823267,0.7275449118064887,0.799318600867493,0.3197063397285751,0.7624567228303789,1.0003126028731681,0.08996819314125382,33.28018802891137,0.0,25.16228062347318,3.0398329597019607,0.0,24.0,0.0743837864967973,0.1030937651877946,1.0291725051104907,0.9537108245906791,1.4392712877203313,38.16628336469349,15.010925992316306,2.483165462226557,-0.009902669278495825,0.8049652777777778,1.0043287872817972,5.025462649924761,5.093533315098642,0.7196356438601657,67.82646730665101,30.04864835648148,8.794726348238482,225.0190478806656
B0018,NASA_18650_LCO_2AH,84,2008-08-06 20:09:11.453,2.0,0.46281438713890594,0.2632977967148307,1.757760194101757,0.24032828950053903,0.7261121838537367,0.8171791224075017,0.3205365992309773,0.7666600224923197,1.000253621747558,0.08974200159143417,33.54622835649592,0.0,25.473037712821245,3.3855373601832226,0.0,24.0,0.0743837864967973,0.1030937651877946,1.0291725051104907,0.9537108245906791,1.4286475681888218,38.36789486715962,14.995504907303491,2.4341986830086237,-0.03870665705375074,0.8033594444444444,1.00432134755736,5.010058560421084,5.220971039227012,0.7143237840944109,68.54610295051118,30.20396502314815,8.733676633199465,228.05888084036755
B0018,NASA_18650_LCO_2AH,85,2008-08-07 00:27:39.046,2.0,0.46078090680494554,0.26410579757570185,1.7446830405172318,0.23913871951216908,0.7248867043806474,0.8494846327597864,0.33298613653475945,0.7738196627474545,1.0003525130677708,0.09004055172498993,33.71876019570778,0.0,25.473217443634713,3.457494514112077,0.0,24.0,0.07383487767463344,0.10852801971082102,1.021577814194777,1.0039826072998506,1.4249026750004896,38.19823604401131,15.086226974946904,2.497859027600416,-0.0012593955291671868,0.8019225,1.0041152549646861,4.968877582014351,5.111854420831696,0.7124513375002448,69.26042673460559,30.38345105324074,8.680986015211639,231.44441820055079
B0018,NASA_18650_LCO_2AH,86,2008-08-07 19:05:53.109,2.0,0.42919907554857273,0.2897094133649081,1.4814812878283234,0.20272612720869135,0.7189084889134808,0.8396887534994448,0.2992176786590793,0.534153625900016,1.0003691969773356,0.10429937815960656,27.32803519924954,4.785378389607054,24.10483300906097,0.8215641285787458,0.0,24.0,0.07419321413120172,0.10445594172437256,1.0265357498693028,0.9663121929233942,1.4698115324524124,38.099982807571635,14.984187644177865,2.3747408457948316,-0.07368185541480494,0.8173697222222223,1.0042814380441953,5.163392721478109,5.1081713326644325,0.7349057662262062,69.97287807210583,31.160002708333334,8.798118411764706,234.90191271466287
B0018,NASA_18650_LCO_2AH,87,2008-08-07 22:50:51.859,2.0,0.4834842984636627,0.2623250298027227,1.8430734493987193,0.2686268636075148,0.7458093282663854,0.7821349175247172,0.3283251209567667,0.8048733032888671,1.000342969626437,0.08897136537185692,33.83835108253136,0.0,25.452975839922793,3.395420084683408,0.0,24.0,0.07419321413120172,0.10445594172437256,1.0265357498693028,0.9663121929233942,1.4525819651050202,38.214523782841354,14.94946083156978,2.3589340839760866,-0.08297995060230198,0.8090191666666667,1.0041858669049544,5.098204978193622,5.13806725112191,0.7262909825525101,70.70778383833203,31.31623824074074,8.739415322997417,235.72347684324163
B0018,NASA_18650_LCO_2AH,88,2008-08-08 02:32:53.250,2.0,0.47263030521872273,0.2629699829126974,1.797278529987168,0.26071095524940535,0.7356002881314201,0.7764753557299057,0.3236543419187313,0.8123645360520196,1.0004803053823257,0.08873433502007928,33.89542839693603,0.0,25.338235649853683,3.3425095444149275,0.0,24.0,0.07419321413120172,0.10445594172437256,1.0265357498693028,0.9663121929233942,1.442834198908794,37.939696536164234,14.912651922328532,2.4413266342198545,-0.03451374457655616,0.8043316666666667,1.0042578363604557,5.035723471913924,4.945060631329248,0.721417099454397,71.43407482088455,31.470421006944445,8.681495450191571,239.11889692792502
B0018,NASA_18650_LCO_2AH,89,2008-08-08 06:16:47.328,2.0,0.46343082762836374,0.2655979781273312,1.7448582629411422,0.24446445391663346,0.729028805755695,0.8102573124679285,0.3228613437530279,0.7970821199150412,1.0006674094920969,0.0892644748324733,33.45795823700358,0.0,25.051202036186005,3.0053542351681575,0.0,24.0,0.07419321413120172,0.10445594172437256,1.0265357498693028,0.9663121929233942,1.428376058807949,38.06666733482501,15.277643809562527,2.311419659807122,-0.11092961187816343,0.8012238888888888,1.0040918107624117,4.998373940973,4.865449384168913,0.7141880294039745,72.15549192033895,31.625908020833336,8.625247642045453,242.46140647233995
B0018,NASA_18650_LCO_2AH,90,2008-08-08 10:14:50.671,2.0,0.45804155618794085,0.2683870143380246,1.7066457423969468,0.23770810009339532,0.7264285705259654,0.7995119098647957,0.3134268411552501,0.810040765676288,1.000617503721385,0.08949358315631295,33.483938310649464,0.0,24.857491491420344,2.877173800193867,0.0,24.0,0.07419321413120172,0.10445594172437256,1.0265357498693028,0.9663121929233942,1.4154547844370715,37.63260475617888,15.153251424865218,2.4953159238201255,-0.002755338929337965,0.7982683333333334,1.004198879278926,4.927851412669353,4.65600477818326,0.7077273922185358,72.86967994974292,31.791224490740742,8.572914469413233,245.46676070750812
B0018,NASA_18650_LCO_2AH,91,2008-08-08 20:10:08.812,2.0,0.4219230367955418,0.292486636556521,1.4425378234083497,0.2065430620867934,0.7144096733520628,0.780117631088848,0.2881593173952164,0.5482545977923534,1.0001497023270982,0.10439592196070836,27.37853814906628,4.812859687134324,24.14870072035666,0.874932857205194,0.0,24.0,0.07697799284901893,0.10403097359185051,1.0650658896238543,0.9623808522903882,1.454576670077708,38.18223603956323,15.028439483813429,2.4398479869382084,-0.035383537095171544,0.8037152777777777,1.0043846205977096,5.080210134952722,5.094280337486928,0.727288335038854,73.57740734196145,32.204628900462964,8.587901040123455,248.343934507702
B0018,NASA_18650_LCO_2AH,92,2008-08-08 23:54:01.812,2.0,0.46632624604017514,0.2673836105354354,1.7440345136874322,0.2452991213308564,0.7337098565756106,0.7973449932394259,0.3169111042973742,0.8153672712332601,1.0005099950438303,0.08902457402261044,34.022517442059645,0.0,25.453269592318446,3.4118034396705474,0.0,24.0,0.07697799284901893,0.10403097359185051,1.0650658896238543,0.9623808522903882,1.4283179548274056,38.3907466519188,15.090759234187896,2.376538319699514,-0.07262451782381528,0.8013844444444436,1.0043072382067866,5.0050868668774395,5.201843048672181,0.7141589774137028,74.3046956770003,32.3601034375,8.534532774725275,249.21886736490717
B0018,NASA_18650_LCO_2AH,93,2008-08-09 03:37:06.281,2.0,0.4606903165648777,0.26502224009916225,1.7383081341526248,0.244266215889876,0.7257125566640399,0.794057558025079,0.31795146707552063,0.8127255992396604,1.0006952957507345,0.08899615758147157,33.85819366593843,0.0,25.57251082982669,3.5187005039369645,0.0,24.0,0.07697799284901893,0.10403097359185051,1.0650658896238543,0.9623808522903882,1.4197026883204058,38.51622654624205,15.076408648721266,2.3722299202290382,-0.07515887045350692,0.7972872222222221,1.004394891289887,4.972261391935208,5.262729544957868,0.7098513441602029,75.018854654414,32.51501627314815,8.48217815821256,252.6306708045777
B0018,NASA_18650_LCO_2AH,94,2008-08-09 07:19:59.656,2.0,0.4545580000745014,0.2659755553153567,1.7090217132211234,0.2449408594953742,0.7205335553898582,0.8000334236633949,0.3256074501737655,0.8144890355154185,1.0003413911320749,0.08918023682056532,33.96042454054935,0.0,25.65567263165318,3.645659123654526,0.0,24.0,0.07697799284901893,0.10403097359185051,1.0650658896238543,0.9623808522903882,1.4155606630306516,38.56612180540248,15.041973554557451,2.361475505115684,-0.08148499699077415,0.7955861111111111,1.0042957638749517,4.955368982835652,5.278947143519116,0.7077803315153258,75.7287059985742,32.66980070601852,8.430916311230584,256.1493713085147
B0018,NASA_18650_LCO_2AH,95,2008-08-09 11:36:57.875,2.0,0.4503659205670186,0.26919591509330826,1.673004286021247,0.2264383811178773,0.7195618356603268,0.8136473572454883,0.3089591184903804,0.8228033987394618,1.0005802578880243,0.08843622417635151,33.969053050544986,0.0,25.542185816511246,3.6153779068024328,0.0,24.0,0.07533535318048187,0.10781375682402419,1.0423383617272348,0.9973750278259546,1.405680035419228,38.5606541602861,15.385497420673612,2.317937855025735,-0.10709537939662658,0.7907333333333333,1.0044716095008293,4.911878651667583,5.142488823349835,0.702840017709614,76.43648633008952,32.848252314814815,8.386787825059102,259.7950304321692
B0018,NASA_18650_LCO_2AH,96,2008-08-09 15:59:02.406,2.0,0.4312979091490091,0.281960276855157,1.5296406756110066,0.21805965363259422,0.7132581860041661,0.7839952593663466,0.29918328677670014,0.5719096234022426,1.0005194953717675,0.09974670033810006,28.14892462736424,3.267273136812971,24.65390943265731,1.4684138118084056,0.0,24.0,0.07566686610954484,0.10212576772572994,1.046925167639501,0.9447559701815332,1.4084461071166137,38.53842073636507,15.248352625558194,2.3372859753156225,-0.09571413216728085,0.7887588888888889,1.0042735105393052,4.924302589649705,5.121219728053418,0.7042230535583068,77.13932634779914,33.03024920138889,8.34448400877193,263.41040833897165
B0018,NASA_18650_LCO_2AH,97,2008-08-09 19:41:13.296,2.0,0.44683911078530575,0.2651150316104058,1.6854536961873288,0.24983277293892645,0.7119541423957115,0.7339430164871599,0.3098502672060668,0.8338715872054625,1.0006474333264601,0.08871298595543574,34.023234828513274,0.0,25.392539559644987,3.4691405800598263,0.0,24.0,0.07566686610954484,0.10212576772572994,1.046925167639501,0.9447559701815332,1.3968547782872414,38.548873480234754,15.291728606217944,2.3528810264952194,-0.08654057264987096,0.7868619444444445,1.0043206281038728,4.880598460365276,5.139168960628316,0.6984273891436207,77.84354940135745,33.18454190972222,8.296135477430555,264.8788221507801
B0018,NASA_18650_LCO_2AH,98,2008-08-09 23:22:00.984,2.0,0.44102718418922465,0.2663149962017922,1.6560358584802772,0.2431759950164335,0.7073421803910169,0.7740730886833089,0.322244349867139,0.8293492237568348,1.0004832693254073,0.08912431464257758,33.87472098316312,0.0,25.446963800887378,3.4377677404932285,0.0,24.0,0.07566686610954484,0.10212576772572994,1.046925167639501,0.9447559701815332,1.3935670371440676,38.45838357496903,15.201952267127837,2.4646122144537173,-0.02081634443898985,0.7852994444444428,1.0044575221473844,4.846015302958992,5.13712883833036,0.6967835185720338,78.54197679050107,33.337871631944445,8.248545558419243,268.3479627308399
B0018,NASA_18650_LCO_2AH,99,2008-08-10 03:01:08.859,2.0,0.4348768318459671,0.27113275071555365,1.6039258625020738,0.22180337825698174,0.7060095825615207,0.8040833400243683,0.30969656371169046,0.8163996388434409,1.000233056104648,0.08936357776872,33.628019118131256,0.0,25.550044778754145,3.4827633289610667,0.0,24.0,0.07566686610954484,0.10212576772572994,1.046925167639501,0.9447559701815332,1.3893644292809475,38.54382874673793,15.12584409685326,2.4684655225527004,-0.018549692616058613,0.7837586111111111,1.0045192595474979,4.830983348593637,5.203982019045801,0.6946822146404737,79.2387603090731,33.49004611111111,8.20164394557823,271.7857304713332
B0018,NASA_18650_LCO_2AH,100,2008-08-10 07:19:08.453,2.0,0.4332049114881989,0.26838657607084365,1.6141079670348177,0.22916340586897774,0.7015914875590425,0.7801292763886252,0.3115352197760857,0.8178667763753382,1.0004966681996954,0.08930063083244134,33.69818797179976,0.0,25.560938902561947,3.5538875380581794,0.0,24.0,0.07701698145811098,0.10882380224062928,1.0656053351990236,1.0067188639482434,1.3785651415666713,38.650883957434026,15.39616489259485,2.4092923539400735,-0.05335743885878031,0.77921,1.0044114198185865,4.8114653416211945,5.169902996341613,0.6892825707833357,79.93344252371358,33.669208078703704,8.162232261503929,275.26849380029427
B0018,NASA_18650_LCO_2AH,101,2008-08-10 11:39:39.812,2.0,0.4146141550496237,0.28410466639142695,1.4593711521397572,0.20864864864862664,0.6987188214410507,0.7707180543774639,0.29263915578208255,0.5872426144142666,1.0007072234702623,0.1007330314161439,28.153870845632895,3.217341352337815,24.66855691720926,1.4927521347694932,0.0,24.0,0.0770034948878108,0.1045186374806234,1.065418735296076,0.9668921855280236,1.384901110085747,38.45654834997334,15.181244811533979,2.477625480372779,-0.013161482133659365,0.7819183333333333,1.0043137215277922,4.812151111655356,5.118350858657058,0.6924505550428735,80.62272509449691,33.85012658564815,8.124030380555554,278.82238133835244
B0018,NASA_18650_LCO_2AH,102,2008-08-10 15:21:25.468,2.0,0.4280198136941483,0.2680777792801535,1.596625479534935,0.24720618914187995,0.6960975929743018,0.711000706357034,0.3101262170873273,0.8241988504782941,1.0002297472256274,0.0897841484870277,33.56071799477596,0.0,25.378329503723524,3.350562442515475,0.0,24.0,0.0770034948878108,0.1045186374806234,1.065418735296076,0.9668921855280236,1.3703251814242443,38.6564130442344,15.47458054345768,2.335608852853518,-0.09670067479204814,0.7780988888888889,1.0046339636175068,4.777043035952163,5.1278381251328575,0.6851625907121222,81.31517564953978,34.0041272337963,8.080188649614962,280.31513347312193
B0018,NASA_18650_LCO_2AH,103,2008-08-10 19:01:07.218,2.0,0.4275540273798198,0.26816061081540077,1.5943953337611776,0.24071086815026158,0.6957146381952206,0.7330924113340846,0.3115203720778822,0.8434315878556735,1.0004395244122937,0.08944199218977353,33.73187121626518,0.0,25.490176768563206,3.4553079976000607,0.0,24.0,0.0770034948878108,0.1045186374806234,1.065418735296076,0.9668921855280236,1.3733464385229082,38.655587491253975,15.30838582844645,2.441999086782534,-0.03411818424556819,0.7761630555555555,1.0044683182323417,4.7668597142403755,5.18802857274055,0.6866732192614541,82.0003382402519,34.15669378472222,8.036869125816994,283.6656959156374
B0018,NASA_18650_LCO_2AH,104,2008-08-10 22:40:10.453,2.0,0.4236063569620526,0.26887379387166505,1.5754839847891622,0.2301739963735156,0.6924801508337177,0.7399705647370438,0.30357929359318025,0.8418126251735862,1.0003897096468777,0.0884860807645984,33.750738523169446,0.0,25.519272260346444,3.588101626674853,0.0,24.0,0.0770034948878108,0.1045186374806234,1.065418735296076,0.9668921855280236,1.3679487285504814,38.6997087046862,15.254041287177,2.4651687831472158,-0.020488951089873076,0.7737197222222223,1.0044311927942207,4.747736795017536,5.219274767034919,0.6839743642752407,82.68701145951336,34.30881456018519,7.99428688781014,287.1210039132375
B0018,NASA_18650_LCO_2AH,105,2008-08-11 02:53:19.859,2.0,0.42149947903338847,0.2673977062637325,1.576301772123339,0.23258224612582978,0.688897185297121,0.738396099080691,0.3075304611130806,0.8366426653766157,1.0008441472251102,0.08924905225071746,33.78172962289607,0.0,25.65782286764763,3.612850741136424,0.0,24.0,0.07771383508202971,0.1061689915080131,1.0752469872794086,0.9821594570013398,1.3567141087089647,38.87481687744787,15.57657947436375,2.370892032033162,-0.07594586350990476,0.7720833333333333,1.0044235639246029,4.725792493632423,5.225437903955238,0.6783570543544823,83.3709858237886,34.48461787037037,7.957988739316239,290.70910553991234
B0018,NASA_18650_LCO_2AH,106,2008-08-14 13:04:49.687,2.0,0.4005324293838277,0.2865794437092408,1.3976313984731794,0.20783407416043706,0.6871118730930685,0.7576481742035293,0.2967224970045489,0.5599407947997204,1.000690459092764,0.10639894880255453,26.510166321530292,4.6908625833534074,23.343285627002313,0.3952183048637757,0.0,24.0,0.07706958798716904,0.10537923077850826,1.0663331980283537,0.9748534540127657,1.4604310209194575,37.363974526077364,14.908548827725824,2.461879783248223,-0.02242365691281007,0.8053427777777777,1.0043924550211878,5.10572378083781,4.513218927356352,0.7302155104597288,84.04934287814308,37.90926865740741,8.664975693121692,294.32195628104876
B0018,NASA_18650_LCO_2AH,107,2008-08-14 16:49:56.812,2.0,0.4779864012738149,0.261117804597537,1.8305392889438148,0.26093266718337843,0.739104205871352,0.7988266537073675,0.32949740894106605,0.8408083396540146,1.00022053182708,0.08763343973108399,33.26311506460614,0.0,24.967082308519945,2.701463868220707,0.0,24.0,0.07706958798716904,0.10537923077850826,1.0663331980283537,0.9748534540127657,1.4500998937104097,37.88258787662229,14.811993696821094,2.4247066368907255,-0.04429021359369087,0.804145,1.004387377632198,5.0708799288039215,4.935852579322532,0.7250499468552049,84.77955838860281,38.06560112268519,8.618626669287211,294.7171745859125
B0018,NASA_18650_LCO_2AH,108,2008-08-14 20:29:23.812,2.0,0.4731393644121235,0.25716937042160337,1.839796717301756,0.2689804844699871,0.7303087348337269,0.7573443576531721,0.32529140712392846,0.8451678791343025,1.0004427589623588,0.08748553333754076,33.62887168983149,0.0,25.573348127075526,3.3457471116244837,0.0,24.0,0.07706958798716904,0.10537923077850826,1.0663331980283537,0.9748534540127657,1.4381406901824496,38.158980736604235,14.674572405254501,2.4447222974031386,-0.03251629564521257,0.8022916666666666,1.0041734651531526,5.029101096939806,5.204584146409579,0.7190703450912248,85.50460833545802,38.21799695601852,8.572260999480788,297.4186384541332
B0018,NASA_18650_LCO_2AH,109,2008-08-15 00:08:59.578,2.0,0.46516464370347244,0.2615563530323289,1.7784490318105661,0.25536187761314183,0.7267209967358013,0.7981071806232354,0.3311374012897097,0.8426791672896817,1.0004689803521827,0.08739999255162774,33.71904176342745,0.0,25.545704002011487,3.4857550632593948,0.0,24.0,0.07706958798716904,0.10537923077850826,1.0663331980283537,0.9748534540127657,1.4283681980964316,38.05243159675446,14.708005118634851,2.443569395327192,-0.0331944733369459,0.7983072222222222,1.0041281866055989,4.990250909590005,5.069220659723869,0.7141840990482158,86.22367868054924,38.37049424768519,8.526776499485596,300.76438556575766
B0018,NASA_18650_LCO_2AH,110,2008-08-15 03:59:10.796,2.0,0.45793408469118024,0.2653942973895725,1.7254857709178113,0.23746901787125496,0.7233283820807528,0.8192214390887727,0.3209568620722786,0.8427139187974783,1.0004983250524964,0.08756209472210918,33.54065773317013,0.0,25.35196919383656,3.27627354313027,0.0,24.0,0.07706958798716904,0.10537923077850826,1.0663331980283537,0.9748534540127657,1.4147874517552432,37.89096376444466,14.82453784517373,2.4666000274194886,-0.019647042694418478,0.7909461111111111,1.0042473860683214,4.935064157066107,4.8838789321758505,0.7073937258776216,86.93786277959745,38.530346307870374,8.483745976044853,304.25014062901704
B0018,NASA_18650_LCO_2AH,111,2008-08-15 08:19:52.703,2.0,0.4354420280702814,0.2792705215300961,1.5592122824311374,0.22677675145401677,0.7147125496003774,0.7953032373877597,0.3126648418380364,0.5850412720849174,1.0004070015233684,0.09811660373355316,27.797561801513456,3.2371927488405667,24.306296956106422,1.1410843977891447,0.0,24.0,0.07767601665783946,0.10517278761281317,1.0747237323579228,0.972943667505041,1.413889163393182,37.81203585126145,14.930140927696563,2.4272514813701016,-0.0427932462528814,0.7914669444444444,1.0042445356081424,4.928296013762489,4.766923354498804,0.706944581696591,87.64525650547507,38.71138689814815,8.446120777777779,307.5264141721473
B0018,NASA_18650_LCO_2AH,112,2008-08-15 12:00:03.390,2.0,0.4486896824312789,0.2664147887496017,1.6841770822674014,0.23774774514400202,0.7151044711808806,0.7889474795866228,0.31571439823211317,0.842882176504927,1.000786147145977,0.08811070870379771,33.24550252433356,0.0,25.04791563153191,2.901464322006156,0.0,24.0,0.07767601665783946,0.10517278761281317,1.0747237323579228,0.972943667505041,1.3989331662177225,37.9591954678784,15.02178948954511,2.4762628371779,-0.013963036954176423,0.7871355555555556,1.0043064716987709,4.873883089810003,4.8697303670207726,0.6994665831088612,88.35220108717166,38.864288368055554,8.403089376876876,308.66749856993647
B0018,NASA_18650_LCO_2AH,113,2008-08-15 15:37:16.687,2.0,0.44064516406392185,0.2708008719752921,1.6271925567895884,0.2249120326631196,0.711446036039214,0.8215902015696013,0.31689077068307187,0.8385964272354597,1.0004850985608746,0.08875934903255052,33.25183568543322,0.0,25.39894282334293,3.167406162497477,0.0,24.0,0.07767601665783946,0.10517278761281317,1.0747237323579228,0.972943667505041,1.3953322584033976,38.521043498835155,15.08223760752199,2.3607989727330003,-0.08188295721588215,0.7851258333333333,1.004712051815443,4.885776896437336,5.1734107479708955,0.6976661292016988,89.05166767028052,39.01513671296296,8.360386438492062,311.56896289194265
B0018,NASA_18650_LCO_2AH,114,2008-08-15 19:13:34.203,2.0,0.4414642234508536,0.26425197324462424,1.670618452513392,0.25307093941330955,0.7057161966954779,0.741315146708303,0.32110025354281857,0.8625205633375702,1.0004297448239916,0.08780320985491546,33.985445246183865,0.0,25.887841606934128,3.7599093716721734,0.0,24.0,0.07767601665783946,0.10517278761281317,1.0747237323579228,0.972943667505041,1.390046129540245,38.878687997701746,14.975788027330513,2.377011586588198,-0.07234612553635411,0.7828644444444444,1.004475456410408,4.869524504616788,5.489246617498271,0.6950230647701225,89.74933379948222,39.16533944444445,8.318302182890855,314.7363690544401
B0018,NASA_18650_LCO_2AH,115,2008-08-15 23:27:04.375,2.0,0.44021588840354325,0.2650285829185661,1.6610128716127934,0.2463822000494744,0.7052444713221093,0.7785479881993274,0.3292513379950996,0.8606512105371418,1.0003373203163988,0.08809140019437513,34.35620577687582,0.0,26.10841222140624,4.23121901322215,0.0,24.0,0.0768108904531496,0.10751959346802999,1.0627538643900458,0.9946537500037841,1.3860271454209647,38.65118899876309,15.013152075412247,2.4567563196678455,-0.025437459018914428,0.7813108333333326,1.0041507483770533,4.8254011567122035,5.3389129651596035,0.6930135727104824,90.44435686425234,39.341383101851854,8.282396442495127,318.49627842611227
B0018,NASA_18650_LCO_2AH,116,2008-08-16 03:52:55.640,2.0,0.4149810958264225,0.28388867162410036,1.461774056433699,0.21850350727016493,0.6988697674505229,0.7777592185634581,0.3093341585565913,0.6014298468221709,1.000109485459797,0.09849384164586682,28.353524179601084,3.231731525717212,24.72407785161255,1.6685573137887093,0.0,24.0,0.07408620965955998,0.10342470608327994,1.025055238250789,0.9567723280070027,1.388215260193751,38.434235278537344,15.2954492630574,2.3277314025979847,-0.10133446906000898,0.77875,1.0041657561357924,4.8525917426960525,5.005789248496969,0.6941076300968755,91.13737043696283,39.52600422453704,8.2489052294686,322.7274974393344
B0018,NASA_18650_LCO_2AH,117,2008-08-16 07:37:37.796,2.0,0.432023301806256,0.26692033102806306,1.618547749184234,0.24345014337656387,0.698943632834319,0.7397692083052042,0.31491638630664676,0.8758115089122639,1.0005552661495365,0.08831400217247075,33.9430389450899,0.0,25.23968918098469,3.3396430571614975,0.0,24.0,0.07408620965955998,0.10342470608327994,1.025055238250789,0.9567723280070027,1.3761826562394497,38.103875724329995,15.06825407652439,2.4537913827403948,-0.027181539564473663,0.773125,1.0041428829193697,4.781763375305975,4.834482481542291,0.6880913281197248,91.8314780670597,39.68204769675926,8.21007883381226,324.3960547531231
B0018,NASA_18650_LCO_2AH,118,2008-08-16 11:21:22.140,2.0,0.42488799964149876,0.2682936364587956,1.5836678217856983,0.23269203239146904,0.6931816361002944,0.739692826532343,0.30594735376806254,0.8615377478263033,1.0007640966563816,0.08863610004258443,33.446010491152634,0.0,24.983659236998836,3.0344790778337996,0.0,24.0,0.07408620965955998,0.10342470608327994,1.025055238250789,0.9567723280070027,1.3647168898640165,38.12742842632319,15.292181226000835,2.3475608877759067,-0.08967006601417254,0.7712197222222222,1.00415103089239,4.759262835215085,4.726324727854881,0.6823584449320083,92.51956939517943,39.83742204861111,8.17177888176638,327.7356978102846
B0018,NASA_18650_LCO_2AH,119,2008-08-16 15:02:56.640,2.0,0.4203171516877114,0.27647190163342644,1.5202888555556169,0.2072529484230219,0.6967890533211378,0.8283552211791,0.30853066785655375,0.875676776235308,1.0004380834583195,0.08881877959074526,33.41426580080105,0.0,24.85258610041868,2.8854453380626564,0.0,24.0,0.07408620965955998,0.10342470608327994,1.025055238250789,0.9567723280070027,1.3589854739373584,38.03962943213698,15.35656267519499,2.3558347560196564,-0.08480308469431974,0.7684766666666667,1.0040240479694211,4.736537039911486,4.652628904468056,0.6794927369686792,93.20192784011144,39.99129357638889,8.133822422316385,330.7701768881184
B0018,NASA_18650_LCO_2AH,120,2008-08-16 19:15:49.609,2.0,0.4164292525499144,0.27087383883084304,1.5373550047455533,0.23163453619892008,0.6873030913807574,0.7230240034568926,0.3037921653967623,0.881091208719029,1.0003791997665945,0.08857763128555247,33.3135615953415,0.0,24.773634709858584,2.7665115418864556,0.0,24.0,0.07666885132249197,0.1125968376161604,1.0607886139664349,1.041622862969453,1.3462308764008801,37.85657903247749,15.504040125041385,2.3791102362944754,-0.07111162570913213,0.76431,1.0040817674959583,4.68604624750609,4.500828347633989,0.6731154382004401,93.88142057708012,40.16690664351852,8.100888734827263,333.65562222618104
B0018,NASA_18650_LCO_2AH,121,2008-08-18 14:27:16.015,2.0,0.38652559907073636,0.2985192994579864,1.2948094114019963,0.18187713328082006,0.6850448985287227,0.801213507192069,0.2844738011702814,0.588062730699805,1.0004938153563592,0.10554311132549946,26.55517783008312,4.677221782411323,23.375868750307735,0.424713705845774,0.0,24.0,0.07498678569699775,0.10723737081400692,1.037515589358785,0.9920429345039697,1.4268427818454643,37.43017193410286,15.062436734792218,2.444740635238248,-0.03250550868338344,0.7913497222222222,1.0043448882278163,4.977297899201454,4.473830315198898,0.7134213909227322,94.55453601528056,41.966517824074074,8.393303564814815,336.4221337680675
B0018,NASA_18650_LCO_2AH,122,2008-08-18 18:08:54.125,2.0,0.4559213482315506,0.26580906354598205,1.7152212241817355,0.23800660072945443,0.7217304117775327,0.8083991946511444,0.31880124512351826,0.8658696528977202,1.0005666163681899,0.08768021284834339,33.17368480164245,0.0,24.891081474259465,2.6695941651728496,0.0,24.0,0.07498678569699775,0.10723737081400692,1.037515589358785,0.9920429345039697,1.4064481483279663,37.8264149292754,14.919485145768892,2.431867772331712,-0.04007778098134593,0.7888933333333333,1.0042980205033452,4.903180091116871,4.793513674078574,0.7032240741639831,95.2679574062033,42.120431134259256,8.354465679522498,336.8468474739133
B0018,NASA_18650_LCO_2AH,123,2008-08-18 21:48:48.484,2.0,0.44879296147847486,0.26255693004406166,1.709316758649262,0.2512822013562674,0.7113498915225365,0.7501669539172577,0.31739630227480525,0.8659796773774581,1.000557251568831,0.08740277486048594,33.247864854486515,0.0,25.20368568012635,3.050872669493085,0.0,24.0,0.07498678569699775,0.10723737081400692,1.037515589358785,0.9920429345039697,1.3934907492075153,38.08307173716899,14.965254630975082,2.344037291947413,-0.09174276944269819,0.7826041666666667,1.0041975458877799,4.878837761833787,4.8753319498423995,0.6967453746037576,95.97118148036728,42.27314362268519,8.316028253642987,339.5164416390861
B0018,NASA_18650_LCO_2AH,124,2008-08-19 01:25:43.656,2.0,0.4428199681043942,0.2675766412110817,1.6549275948478832,0.23258295735874737,0.7103966093154759,0.8018072332068527,0.31828707764277175,0.8857184735758719,1.0003895935977054,0.08785004834243643,33.59328233807114,0.0,25.23904482462839,3.1437394031244383,0.0,24.0,0.07498678569699775,0.10723737081400692,1.037515589358785,0.9920429345039697,1.3882493512249316,37.88279649093536,14.838625454208053,2.456436863057259,-0.02562537467220055,0.7803427777777777,1.0040999973156637,4.833878074154917,4.8083235177912895,0.6941246756124658,96.66792685497103,42.4237821875,8.277811158536585,342.56731430857917
B0018,NASA_18650_LCO_2AH,125,2008-08-19 05:17:05.812,2.0,0.43503528193148827,0.26713250541912126,1.6285374197897218,0.23915171473219113,0.7021677873506096,0.749617278167362,0.31140175000233705,0.8672226791450759,1.0005050279120562,0.0881941882254931,33.26455936648607,0.0,25.133053833512577,3.015319838917626,0.0,24.0,0.07498678569699775,0.10723737081400692,1.037515589358785,0.9920429345039697,1.3701878338420928,37.96027066990377,15.12600595625377,2.395547668334432,-0.06144254803856947,0.7753297222222222,1.00419144880368,4.788319087980384,4.7358380311498935,0.6850939169210464,97.3620515305835,42.58445528935185,8.242152636648745,345.7110537117036
B0018,NASA_18650_LCO_2AH,126,2008-08-19 09:39:42.500,2.0,0.41196517053408116,0.2813047971756876,1.4644797171537405,0.23746884045548333,0.6932699677097688,0.7068701476014836,0.30779836584408826,0.6163264924923224,1.0002615773148835,0.09878388784174837,27.68427144564605,3.243474679757419,24.147820442416382,1.0708698903973806,0.0,24.0,0.07672772211095777,0.10629260175891155,1.0616031489571454,0.9833029639253277,1.3796951665608619,37.880513353762176,15.031179017254452,2.4536749172979215,-0.02725004864828145,0.7761155555555556,1.004401045894694,4.797384699986331,4.720196012504586,0.6898475832804309,98.04714544750455,42.766824363425926,8.211230277777776,348.7263735506212
B0018,NASA_18650_LCO_2AH,127,2008-08-19 13:17:33.984,2.0,0.42860903297228736,0.27137150787288106,1.5794179556364936,0.21672633859762366,0.6999805408451685,0.8137851954762345,0.31080327568076116,0.8683971002286218,1.000712879987834,0.0879342473565081,33.198514086152535,0.0,25.12735529609495,2.941861972494661,0.0,24.0,0.07672772211095777,0.10629260175891155,1.0616031489571454,0.9833029639253277,1.3686586323935683,38.43416278222213,15.254241471146369,2.3062728144586413,-0.1139571679655051,0.7707552777777777,1.0044380464031817,4.780961280447634,4.9421403507883355,0.6843293161967842,98.73699303078497,42.9181146875,8.174878988095237,349.79724344101857
B0018,NASA_18650_LCO_2AH,128,2008-08-19 16:54:51.734,2.0,0.4299137722926511,0.26352681782079707,1.6313852799957063,0.24457241729062443,0.6934405901134482,0.7369224206998558,0.3165682067384005,0.8957279223785137,1.000827179796491,0.08726429831264078,33.8725684510221,0.0,25.6594793246311,3.4726877870939976,0.0,24.0,0.07672772211095777,0.10629260175891155,1.0616031489571454,0.9833029639253277,1.3627371779096438,38.847489737859576,15.128331073499254,2.3471092023857154,-0.08993576330252034,0.7716233333333333,1.0045941591304153,4.7640794695383075,5.324172427857255,0.6813685889548219,99.42132234698175,43.06901457175926,8.139026375765528,352.73910541351324
B0018,NASA_18650_LCO_2AH,129,2008-08-19 20:32:20.468,2.0,0.4275834575408609,0.2670804069290842,1.6009540409825602,0.22743441360863606,0.6946638644699451,0.7814747143026523,0.3139421391618105,0.8864368474001363,1.000279946136394,0.08778374771674241,34.158880896905515,0.0,26.045548508382414,4.03848926282319,0.0,24.0,0.07672772211095777,0.10629260175891155,1.0616031489571454,0.9833029639253277,1.3634051133928073,38.80283421497622,14.753148610788184,2.4884289104730986,-0.006806523251118497,0.7725347222222222,1.0044306329609178,4.745028375262222,5.4624312673941064,0.6817025566964037,100.10269093593658,43.22004158564815,8.103757797309028,356.21179320060725
B0018,NASA_18650_LCO_2AH,130,2008-08-20 00:43:05.406,2.0,0.42182079451571297,0.26663621520607506,1.5820086307431875,0.23157084933569905,0.688457009721788,0.7529210051256278,0.3123012115387817,0.867564967476908,1.0005201060467266,0.08810309527674681,33.94236999274477,0.0,26.00215346022804,4.013264980193611,0.0,24.0,0.07753477604102087,0.10824665125981728,1.0727695301549898,1.001379693952649,1.3518646035305233,38.72699121838442,15.164102926775708,2.3992178234155577,-0.05928363328496607,0.7669183333333334,1.0042502227450345,4.692210699723325,5.240306202334885,0.6759323017652616,100.78439349263299,43.3941728125,8.073334476744186,360.25028246343044
B0018,NASA_18650_LCO_2AH,131,2008-08-20 05:02:00.296,2.0,0.40189502403886984,0.28311431816921484,1.4195503283902644,0.21310905602247052,0.6850093422080847,0.7697768894843396,0.308033216110096,0.6219899669395349,1.000119865648833,0.09875030567999529,28.313325054253593,3.2108046675609856,24.827762393081734,1.6798904542413367,0.0,24.0,0.07772765025313512,0.10465747146343281,1.0754381336961845,0.9681765257787185,1.3547969729652622,38.67191958148309,15.270442531114316,2.2786338886500292,-0.13021535961762984,0.7647916666666666,1.0041669756310776,4.725542939236433,5.067864188691401,0.6773984864826311,101.46032579439824,43.57397478009259,8.044426113247864,364.263547443624
B0018,NASA_18650_LCO_2AH,132,2008-08-20 08:37:19.515,2.0,0.4181234198168867,0.2701163063108382,1.5479384593751964,0.22537501237078786,0.6882397261277249,0.7532318392263633,0.3066982931065482,0.9093915360071319,1.0005018283272156,0.08763373040537088,34.01308891174985,0.0,25.37597644051525,3.3936403840798524,0.0,24.0,0.07772765025313512,0.10465747146343281,1.0754381336961845,0.9681765257787185,1.341051440640485,38.371813640118894,15.248230702175018,2.3655846763383734,-0.07906783744801561,0.7619008333333332,1.004344032345985,4.675054471763734,4.8762316644379045,0.6705257203202425,102.13772428088087,43.72350277777778,8.01041272264631,365.94343789786535
